ISO-10303-21;
HEADER;
FILE_DESCRIPTION (( 'STEP AP203' ),
    '1' );
FILE_NAME ('Repeat Direct Drive 2822 V3.STEP',
    '2026-02-05T03:43:29',
    ( '' ),
    ( '' ),
    'SwSTEP 2.0',
    'SolidWorks 2026',
    '' );
FILE_SCHEMA (( 'CONFIG_CONTROL_DESIGN' ));
ENDSEC;

DATA;
#1 = ADVANCED_FACE ( 'NONE', ( #1460 ), #6763, .T. ) ;
#2 = CARTESIAN_POINT ( 'NONE',  ( -1.444796712477726564, 6.177585487843411549, -6.000000000000006217 ) ) ;
#3 = CARTESIAN_POINT ( 'NONE',  ( 0.9124359724768875690, -0.8896326596143604437, 9.692187499999995737 ) ) ;
#4 = DIRECTION ( 'NONE',  ( -2.565753199199158405E-18, -2.902514036010829075E-16, 1.000000000000000000 ) ) ;
#5 = CARTESIAN_POINT ( 'NONE',  ( 9.188956038038435636, -6.096396716318561282, -3.000000000000012879 ) ) ;
#6 = CARTESIAN_POINT ( 'NONE',  ( -11.48339239518653088, 6.713633559939482076, -4.499999999998769873 ) ) ;
#7 = DIRECTION ( 'NONE',  ( -0.000000000000000000, -0.000000000000000000, 1.000000000000000000 ) ) ;
#8 = CONICAL_SURFACE ( 'NONE', #4425, 12.40000000000000036, 0.3490658503988667838 ) ;
#9 = EDGE_CURVE ( 'NONE', #3976, #3241, #6152, .T. ) ;
#10 = ORIENTED_EDGE ( 'NONE', *, *, #3389, .F. ) ;
#11 = CARTESIAN_POINT ( 'NONE',  ( -0.7720153328867996878, -0.7918038455725918690, 8.862499999999998934 ) ) ;
#12 = CARTESIAN_POINT ( 'NONE',  ( -0.7720153328867996878, -0.7918038455725918690, 8.862499999999998934 ) ) ;
#13 = CARTESIAN_POINT ( 'NONE',  ( -0.2361503771250579031, -0.9281453293749778455, 8.449999999999997513 ) ) ;
#14 = ORIENTED_EDGE ( 'NONE', *, *, #7587, .T. ) ;
#15 = CIRCLE ( 'NONE', #5314, 1.499999999999999778 ) ;
#16 = FACE_OUTER_BOUND ( 'NONE', #440, .T. ) ;
#17 = CARTESIAN_POINT ( 'NONE',  ( 0.7338970930875439169, -0.7155557677481375611, 10.28615381056767752 ) ) ;
#18 = ORIENTED_EDGE ( 'NONE', *, *, #4371, .T. ) ;
#19 = EDGE_CURVE ( 'NONE', #801, #1256, #4342, .T. ) ;
#20 = AXIS2_PLACEMENT_3D ( 'NONE', #3373, #5752, #5207 ) ;
#21 = ORIENTED_EDGE ( 'NONE', *, *, #4739, .T. ) ;
#22 = DIRECTION ( 'NONE',  ( -0.000000000000000000, -0.000000000000000000, 1.000000000000000000 ) ) ;
#23 = EDGE_LOOP ( 'NONE', ( #4953, #4816, #7522, #6628, #7336 ) ) ;
#24 = CARTESIAN_POINT ( 'NONE',  ( 6.280548451550700406, 4.099354967275222528, -5.500000000000006217 ) ) ;
#25 = CARTESIAN_POINT ( 'NONE',  ( 0.6857222450800845026, -0.6685848903910642793, 13.08124999999999716 ) ) ;
#26 = CARTESIAN_POINT ( 'NONE',  ( -0.9218726222051399910, -0.2595604389839062942, 12.03124999999999645 ) ) ;
#27 = PLANE ( 'NONE',  #4820 ) ;
#28 = VECTOR ( 'NONE', #1832, 1000.000000000000000 ) ;
#29 = ADVANCED_FACE ( 'NONE', ( #7298, #7374 ), #8, .T. ) ;
#30 = VERTEX_POINT ( 'NONE', #898 ) ;
#31 = EDGE_CURVE ( 'NONE', #6816, #6816, #741, .T. ) ;
#32 = B_SPLINE_CURVE_WITH_KNOTS ( 'NONE', 3,
 ( #2650, #1336, #274, #4423 ),
 .UNSPECIFIED., .F., .F.,
 ( 4, 4 ),
 ( 0.0005192062422628717939, 0.001557115306271323815 ),
 .UNSPECIFIED. ) ;
#33 = ADVANCED_FACE ( 'NONE', ( #5559 ), #5049, .F. ) ;
#34 = EDGE_LOOP ( 'NONE', ( #2400 ) ) ;
#35 = CARTESIAN_POINT ( 'NONE',  ( -3.792724787553316546, -10.29894941256967478, -3.000000000000012879 ) ) ;
#36 = CARTESIAN_POINT ( 'NONE',  ( -0.3988063169686430487, 1.416427813942202185, 11.65156249999999893 ) ) ;
#37 = ORIENTED_EDGE ( 'NONE', *, *, #3865, .F. ) ;
#38 = VERTEX_POINT ( 'NONE', #5281 ) ;
#39 = CARTESIAN_POINT ( 'NONE',  ( -0.7338970930875374776, 0.7155557677481522161, 13.34509618943231857 ) ) ;
#40 = VERTEX_POINT ( 'NONE', #2014 ) ;
#41 = AXIS2_PLACEMENT_3D ( 'NONE', #5165, #5287, #2236 ) ;
#42 = AXIS2_PLACEMENT_3D ( 'NONE', #3443, #5114, #2152 ) ;
#43 = CARTESIAN_POINT ( 'NONE',  ( -1.121318413595980390, -5.894289186605166542, -5.729735577732628649 ) ) ;
#44 = DIRECTION ( 'NONE',  ( 0.000000000000000000, 0.000000000000000000, 1.000000000000000000 ) ) ;
#45 = DIRECTION ( 'NONE',  ( 0.7071067811865532349, 0.7071067811865417996, -0.000000000000000000 ) ) ;
#46 = CARTESIAN_POINT ( 'NONE',  ( -4.099354967275164796, 6.280548451550736822, -6.000000000000006217 ) ) ;
#47 = VERTEX_POINT ( 'NONE', #7411 ) ;
#48 = CARTESIAN_POINT ( 'NONE',  ( -4.922031278217027683, 2.454303994262568178, -3.000000000000007105 ) ) ;
#49 = ORIENTED_EDGE ( 'NONE', *, *, #816, .T. ) ;
#50 = LINE ( 'NONE', #4714, #5547 ) ;
#51 = CARTESIAN_POINT ( 'NONE',  ( 0.2527409261506040061, 0.9933514102514432453, 9.986153810567678590 ) ) ;
#52 = CARTESIAN_POINT ( 'NONE',  ( 0.2361503771250643424, 0.9281453293749929445, 14.07499999999999751 ) ) ;
#53 =( GEOMETRIC_REPRESENTATION_CONTEXT ( 3 ) GLOBAL_UNCERTAINTY_ASSIGNED_CONTEXT ( ( #7230 ) ) GLOBAL_UNIT_ASSIGNED_CONTEXT ( ( #5200, #4064, #577 ) ) REPRESENTATION_CONTEXT ( 'NONE', 'WORKASPACE' ) );
#54 = VERTEX_POINT ( 'NONE', #6675 ) ;
#55 = VERTEX_POINT ( 'NONE', #5598 ) ;
#56 = ORIENTED_EDGE ( 'NONE', *, *, #823, .F. ) ;
#57 = FACE_OUTER_BOUND ( 'NONE', #361, .T. ) ;
#58 = CARTESIAN_POINT ( 'NONE',  ( -0.7720153328868000209, -0.7918038455725919800, 12.96874999999999822 ) ) ;
#59 = CARTESIAN_POINT ( 'NONE',  ( -0.2361503771250581252, -0.9281453293749779565, 10.75624999999999787 ) ) ;
#60 = CARTESIAN_POINT ( 'NONE',  ( -7.073385883311456901, -10.18465572053224832, 16.00000000000000000 ) ) ;
#61 = FACE_BOUND ( 'NONE', #1299, .T. ) ;
#62 = ORIENTED_EDGE ( 'NONE', *, *, #5064, .F. ) ;
#63 = ORIENTED_EDGE ( 'NONE', *, *, #3510, .F. ) ;
#64 = CARTESIAN_POINT ( 'NONE',  ( -1.976625532701217880, -10.86240059337047725, -2.983730977301275900 ) ) ;
#65 = CARTESIAN_POINT ( 'NONE',  ( 1.027259311016479826, 1.053590308655661500, 9.776562499999998934 ) ) ;
#66 = ORIENTED_EDGE ( 'NONE', *, *, #3176, .T. ) ;
#67 = CARTESIAN_POINT ( 'NONE',  ( -11.01190503716758684, 2.547804054809309715, -2.799028858822257604 ) ) ;
#68 = APPROVAL_DATE_TIME ( #104, #6237 ) ;
#69 = CARTESIAN_POINT ( 'NONE',  ( -0.2527409261505974558, -0.9933514102514280353, 11.69509618943231999 ) ) ;
#70 = EDGE_LOOP ( 'NONE', ( #563 ) ) ;
#71 = CARTESIAN_POINT ( 'NONE',  ( 1.019815740682219696, -13.53149764725408133, -3.500000000000012434 ) ) ;
#72 = CARTESIAN_POINT ( 'NONE',  ( -0.1182485631698768774, 13.03343818998275161, -5.500000000000003553 ) ) ;
#73 = CARTESIAN_POINT ( 'NONE',  ( -6.198289006635946841, -9.567717250745662483, -2.500000000000011102 ) ) ;
#74 = DIRECTION ( 'NONE',  ( -0.2465765133176615054, -0.9691233270745808204, 0.000000000000000000 ) ) ;
#75 = CARTESIAN_POINT ( 'NONE',  ( 10.35192058128950165, -6.958114565250468786, 15.80021675202711684 ) ) ;
#76 = AXIS2_PLACEMENT_3D ( 'NONE', #3249, #3140, #5503 ) ;
#77 = CARTESIAN_POINT ( 'NONE',  ( -7.446154524054245272, -11.33735411363285195, -3.524175949928323615 ) ) ;
#78 = VERTEX_POINT ( 'NONE', #318 ) ;
#79 = CARTESIAN_POINT ( 'NONE',  ( -0.7720153328867996878, -0.7918038455725918690, 9.762499999999999289 ) ) ;
#80 = AXIS2_PLACEMENT_3D ( 'NONE', #6461, #2943, #3474 ) ;
#81 = CARTESIAN_POINT ( 'NONE',  ( 0.3464363557219212741, 5.489078415493262142, -3.000000000000006217 ) ) ;
#82 = DIRECTION ( 'NONE',  ( 2.565753199199158405E-18, 2.902514036010829075E-16, -1.000000000000000000 ) ) ;
#83 = CARTESIAN_POINT ( 'NONE',  ( -0.7338970930875372556, 0.7155557677481522161, 9.611153810567676814 ) ) ;
#84 = CARTESIAN_POINT ( 'NONE',  ( 0.9218726222051464303, 0.2595604389839206716, 13.99999999999999645 ) ) ;
#85 = EDGE_LOOP ( 'NONE', ( #386 ) ) ;
#86 =( BOUNDED_CURVE ( )  B_SPLINE_CURVE ( 3, ( #1694, #5867, #4626, #549 ),
 .UNSPECIFIED., .F., .F. ) 
 B_SPLINE_CURVE_WITH_KNOTS ( ( 4, 4 ),
 ( 1.748725332027748047, 1.771571594750467771 ),
 .UNSPECIFIED. ) 
 CURVE ( )  GEOMETRIC_REPRESENTATION_ITEM ( )  RATIONAL_B_SPLINE_CURVE ( ( 1.000000000000000000, 0.9999565044962732685, 0.9999565044962732685, 1.000000000000000000 ) ) 
 REPRESENTATION_ITEM ( '' )  );
#87 = CIRCLE ( 'NONE', #3027, 5.999999999999999112 ) ;
#88 = ADVANCED_FACE ( 'NONE', ( #1499 ), #3848, .F. ) ;
#89 = DIRECTION ( 'NONE',  ( 1.000000000000000000, 0.000000000000000000, 0.000000000000000000 ) ) ;
#90 = ORIENTED_EDGE ( 'NONE', *, *, #3890, .T. ) ;
#91 = FACE_OUTER_BOUND ( 'NONE', #2824, .T. ) ;
#92 = CARTESIAN_POINT ( 'NONE',  ( 0.7720153328868065712, 0.7918038455726066349, 13.64374999999999538 ) ) ;
#93 = VECTOR ( 'NONE', #1702, 1000.000000000000000 ) ;
#94 = CARTESIAN_POINT ( 'NONE',  ( 0.2361503771250647310, 0.9281453293749931666, 10.53124999999999645 ) ) ;
#95 = CARTESIAN_POINT ( 'NONE',  ( 2.909304780501112297, 6.444838686433771002, 15.69999999999999574 ) ) ;
#96 = DIRECTION ( 'NONE',  ( 0.7071067811865491270, -0.7071067811865459074, 0.000000000000000000 ) ) ;
#97 = CARTESIAN_POINT ( 'NONE',  ( 1.121318413596021690, 5.894289186605158548, 15.70000000000000284 ) ) ;
#98 = ORIENTED_EDGE ( 'NONE', *, *, #2494, .T. ) ;
#99 = ORIENTED_EDGE ( 'NONE', *, *, #1529, .T. ) ;
#100 = CARTESIAN_POINT ( 'NONE',  ( -11.95473229169787110, -7.004984823391997573, 12.00000000000000000 ) ) ;
#101 = EDGE_CURVE ( 'NONE', #2064, #7282, #120, .T. ) ;
#102 = CARTESIAN_POINT ( 'NONE',  ( -0.3988063169686429932, 1.416427813942202185, 11.20156249999999964 ) ) ;
#103 = FACE_OUTER_BOUND ( 'NONE', #955, .T. ) ;
#104 = DATE_AND_TIME ( #3593, #2512 ) ;
#105 = CARTESIAN_POINT ( 'NONE',  ( -0.2527409261505976779, -0.9933514102514282573, 13.94509618943231999 ) ) ;
#106 = LINE ( 'NONE', #4805, #3393 ) ;
#107 = ADVANCED_FACE ( 'NONE', ( #3122, #5484 ), #1591, .F. ) ;
#108 = CARTESIAN_POINT ( 'NONE',  ( 0.000000000000000000, 0.000000000000000000, 15.69999999999999218 ) ) ;
#109 = CIRCLE ( 'NONE', #4673, 2.000000000000000000 ) ;
#110 = CARTESIAN_POINT ( 'NONE',  ( 0.8420858507175997820, -0.5269329482342007820, 8.073290333383518202 ) ) ;
#111 = DIRECTION ( 'NONE',  ( 0.2597788150710226840, 0.9656681455035656114, 0.000000000000000000 ) ) ;
#112 = CARTESIAN_POINT ( 'NONE',  ( -0.3835908842384451733, -0.8775413304147334781, 8.045216426222747685 ) ) ;
#113 = CARTESIAN_POINT ( 'NONE',  ( 2.897004436510679959, -0.7793364452130697728, -6.000000000000007994 ) ) ;
#114 = ORIENTED_EDGE ( 'NONE', *, *, #4471, .T. ) ;
#115 = EDGE_CURVE ( 'NONE', #3360, #2743, #1735, .T. ) ;
#116 = CARTESIAN_POINT ( 'NONE',  ( -0.7720153328867996878, -0.7918038455725918690, 9.762499999999999289 ) ) ;
#117 = CARTESIAN_POINT ( 'NONE',  ( -0.2361503771250580419, -0.9281453293749779565, 9.799999999999995381 ) ) ;
#118 = CIRCLE ( 'NONE', #3552, 1.999999999999999556 ) ;
#119 = CARTESIAN_POINT ( 'NONE',  ( -2.037652053894123175E-16, -8.302780640623127022E-15, -3.500000000000008438 ) ) ;
#120 = CIRCLE ( 'NONE', #5172, 12.09999999999999964 ) ;
#121 = CARTESIAN_POINT ( 'NONE',  ( 0.7338970930875439169, -0.7155557677481373391, 8.486153810567678590 ) ) ;
#122 = CARTESIAN_POINT ( 'NONE',  ( -1.071729911523480405, 0.2726829676047791140, 14.18749999999999645 ) ) ;
#123 = ORIENTED_EDGE ( 'NONE', *, *, #7415, .F. ) ;
#124 = ORIENTED_EDGE ( 'NONE', *, *, #4493, .T. ) ;
#125 = CIRCLE ( 'NONE', #4432, 2.000000000000000444 ) ;
#126 = DIRECTION ( 'NONE',  ( 0.000000000000000000, 0.000000000000000000, 1.000000000000000000 ) ) ;
#127 = ORIENTED_EDGE ( 'NONE', *, *, #2752, .F. ) ;
#128 = DIRECTION ( 'NONE',  ( 0.4991391323160828120, -0.8665218558067350196, -3.469446951953646729E-16 ) ) ;
#129 = CARTESIAN_POINT ( 'NONE',  ( 0.2997145786366836040, -1.064486813177363933, 8.037499999999997868 ) ) ;
#130 = CARTESIAN_POINT ( 'NONE',  ( 0.2997145786366833820, -1.064486813177363933, 10.79374999999999929 ) ) ;
#131 = LINE ( 'NONE', #1468, #1989 ) ;
#132 = CARTESIAN_POINT ( 'NONE',  ( -6.567253710449938886, -2.893298930733153362, -3.500000000000009326 ) ) ;
#133 = VECTOR ( 'NONE', #1193, 1000.000000000000114 ) ;
#134 = ORIENTED_EDGE ( 'NONE', *, *, #174, .T. ) ;
#135 = EDGE_CURVE ( 'NONE', #6336, #554, #6402, .T. ) ;
#136 = ORIENTED_EDGE ( 'NONE', *, *, #2652, .F. ) ;
#137 = AXIS2_PLACEMENT_3D ( 'NONE', #1906, #4909, #3734 ) ;
#138 = CARTESIAN_POINT ( 'NONE',  ( 0.7845673061111138047, -11.37341638859652093, -3.870146775263021865 ) ) ;
#139 = CARTESIAN_POINT ( 'NONE',  ( 0.3988063169686492659, -1.416427813942187308, 10.55468749999999645 ) ) ;
#140 = CARTESIAN_POINT ( 'NONE',  ( 0.9124359724768874580, -0.8896326596143604437, 10.56406249999999858 ) ) ;
#141 = EDGE_CURVE ( 'NONE', #2471, #5527, #4295, .T. ) ;
#142 = CARTESIAN_POINT ( 'NONE',  ( -5.599574727274903907, 1.065252492916160199, 16.00000000000000000 ) ) ;
#143 = VERTEX_POINT ( 'NONE', #142 ) ;
#144 = AXIS2_PLACEMENT_3D ( 'NONE', #241, #3644, #6016 ) ;
#145 = CARTESIAN_POINT ( 'NONE',  ( 0.03670218469123803784, -13.33656814327229512, -4.370529557335586013 ) ) ;
#146 = ORIENTED_EDGE ( 'NONE', *, *, #4032, .T. ) ;
#147 = CARTESIAN_POINT ( 'NONE',  ( 0.3464363557219212741, 5.489078415493262142, -3.000000000000006217 ) ) ;
#148 = EDGE_CURVE ( 'NONE', #55, #405, #1972, .T. ) ;
#149 = DIRECTION ( 'NONE',  ( 0.4991391323160826454, -0.8665218558067350196, -2.496005001405478093E-16 ) ) ;
#150 = CARTESIAN_POINT ( 'NONE',  ( 1.095874181915877128E-15, -2.263929001767330713E-15, 8.112499999999990052 ) ) ;
#151 = CARTESIAN_POINT ( 'NONE',  ( 0.8933944000280159559, 0.4388519459606778361, 14.00000000000000533 ) ) ;
#152 = CARTESIAN_POINT ( 'NONE',  ( -10.13914676754892241, -6.603612861616149132, 13.00000000000000178 ) ) ;
#153 = LINE ( 'NONE', #7287, #6394 ) ;
#154 = EDGE_LOOP ( 'NONE', ( #636, #889, #7348, #1600 ) ) ;
#155 = CARTESIAN_POINT ( 'NONE',  ( -0.7720153328867996878, -0.7918038455725918690, 9.818749999999999645 ) ) ;
#156 = DIRECTION ( 'NONE',  ( 2.565753199199158405E-18, 2.902514036010829075E-16, -1.000000000000000000 ) ) ;
#157 = CIRCLE ( 'NONE', #7427, 3.250000000000000000 ) ;
#158 = VECTOR ( 'NONE', #804, 1000.000000000000114 ) ;
#159 = EDGE_CURVE ( 'NONE', #5315, #3931, #6112, .T. ) ;
#160 = CARTESIAN_POINT ( 'NONE',  ( -0.2997145786366769982, 1.064486813177378810, 12.76249999999999751 ) ) ;
#161 = CARTESIAN_POINT ( 'NONE',  ( -0.7720153328868000209, -0.7918038455725918690, 10.66249999999999609 ) ) ;
#162 = CARTESIAN_POINT ( 'NONE',  ( -1.801623595685677648, -10.75007685644520805, -3.000000000000492939 ) ) ;
#163 = EDGE_CURVE ( 'NONE', #3982, #7239, #2328, .T. ) ;
#164 = CARTESIAN_POINT ( 'NONE',  ( 0.8262526302591653993, 0.8474313685031581445, 8.598653810567679301 ) ) ;
#165 = CARTESIAN_POINT ( 'NONE',  ( 2.162672587523319923, 10.94131217443760384, -2.935745563025903504 ) ) ;
#166 = ORIENTED_EDGE ( 'NONE', *, *, #1622, .F. ) ;
#167 = EDGE_CURVE ( 'NONE', #1357, #3827, #1440, .T. ) ;
#168 = CONICAL_SURFACE ( 'NONE', #3834, 6.000000000000000000, 0.7853981633974469467 ) ;
#169 = CARTESIAN_POINT ( 'NONE',  ( 10.35366736456559700, -6.262648025456944545, 12.19478790094338194 ) ) ;
#170 = VERTEX_POINT ( 'NONE', #4923 ) ;
#171 = CARTESIAN_POINT ( 'NONE',  ( 13.21243901664417031, 0.07009473013393012486, -4.833351618763587432 ) ) ;
#172 = CARTESIAN_POINT ( 'NONE',  ( -0.2361503771250584305, -0.9281453293749781785, 13.90624999999999822 ) ) ;
#173 = AXIS2_PLACEMENT_3D ( 'NONE', #344, #4460, #4999 ) ;
#174 = EDGE_CURVE ( 'NONE', #6231, #3678, #1725, .T. ) ;
#175 = CARTESIAN_POINT ( 'NONE',  ( 0.2361503771250644534, 0.9281453293749930555, 13.23124999999999574 ) ) ;
#176 = CARTESIAN_POINT ( 'NONE',  ( 4.832046233295354654, 4.489023189881755194, -2.500000000000006661 ) ) ;
#177 = FACE_OUTER_BOUND ( 'NONE', #4304, .T. ) ;
#178 = ORIENTED_EDGE ( 'NONE', *, *, #3096, .F. ) ;
#179 = ORIENTED_EDGE ( 'NONE', *, *, #1995, .T. ) ;
#180 = DIRECTION ( 'NONE',  ( 1.000000000000000000, 0.000000000000000000, 0.000000000000000000 ) ) ;
#181 = CARTESIAN_POINT ( 'NONE',  ( 1.027259311016479826, 1.053590308655661500, 8.904687499999997868 ) ) ;
#182 = CARTESIAN_POINT ( 'NONE',  ( 1.226662469500802377, 0.3453764016845635165, 13.33906249999999893 ) ) ;
#183 = MECHANICAL_CONTEXT ( 'NONE', #1566, 'mechanical' ) ;
#184 = CARTESIAN_POINT ( 'NONE',  ( -13.37124398273722825, -0.05342046111845923789, -4.241152777923141493 ) ) ;
#185 = ORIENTED_EDGE ( 'NONE', *, *, #3610, .F. ) ;
#186 = EDGE_CURVE ( 'NONE', #1239, #6269, #4988, .T. ) ;
#187 = EDGE_CURVE ( 'NONE', #1937, #4121, #3743, .T. ) ;
#188 = EDGE_LOOP ( 'NONE', ( #6647 ) ) ;
#189 = CARTESIAN_POINT ( 'NONE',  ( 7.607243831355297026, 11.14277773728788112, 13.00000000000000178 ) ) ;
#190 = ORIENTED_EDGE ( 'NONE', *, *, #2350, .T. ) ;
#191 = CARTESIAN_POINT ( 'NONE',  ( 6.156271072842398162, 11.33623952100888133, -6.000000000000004441 ) ) ;
#192 = CARTESIAN_POINT ( 'NONE',  ( -11.34730797334408514, -1.102243908340306833, -3.617690535558248488 ) ) ;
#193 = CARTESIAN_POINT ( 'NONE',  ( -6.641428455355037563, -11.21498648448607405, -5.499999999998318678 ) ) ;
#194 = CARTESIAN_POINT ( 'NONE',  ( -9.188956038038385898, 6.096396716318610132, -3.000000000000010214 ) ) ;
#195 = CYLINDRICAL_SURFACE ( 'NONE', #4163, 2.000000000000000000 ) ;
#196 = ORIENTED_EDGE ( 'NONE', *, *, #1529, .F. ) ;
#197 = DIRECTION ( 'NONE',  ( -0.7071067811865383579, 0.7071067811865566766, 0.000000000000000000 ) ) ;
#198 = CARTESIAN_POINT ( 'NONE',  ( 0.7720153328868067932, 0.7918038455726068570, 10.88749999999999574 ) ) ;
#199 = CARTESIAN_POINT ( 'NONE',  ( -0.2361503771250579586, -0.9281453293749779565, 8.899999999999998579 ) ) ;
#200 = DIRECTION ( 'NONE',  ( 1.000000000000000000, 0.000000000000000000, 0.000000000000000000 ) ) ;
#201 = EDGE_CURVE ( 'NONE', #2948, #6082, #2024, .T. ) ;
#202 = CARTESIAN_POINT ( 'NONE',  ( -0.7338970930875372556, 0.7155557677481522161, 9.161153810567677525 ) ) ;
#203 = CARTESIAN_POINT ( 'NONE',  ( 3.047783749619038751, 10.93636137628851124, -2.712420392444180095 ) ) ;
#204 = FACE_OUTER_BOUND ( 'NONE', #6351, .T. ) ;
#205 = VERTEX_POINT ( 'NONE', #3099 ) ;
#206 = CIRCLE ( 'NONE', #2783, 1.999999999999999778 ) ;
#207 = ORIENTED_EDGE ( 'NONE', *, *, #3191, .F. ) ;
#208 = CYLINDRICAL_SURFACE ( 'NONE', #6489, 4.000000000000000000 ) ;
#209 = CARTESIAN_POINT ( 'NONE',  ( 0.7720153328868066822, 0.7918038455726065239, 12.74374999999999858 ) ) ;
#210 = CARTESIAN_POINT ( 'NONE',  ( -1.495091218127973853, -7.859052248806888130, 16.00000000000000000 ) ) ;
#211 = AXIS2_PLACEMENT_3D ( 'NONE', #5810, #4091, #605 ) ;
#212 = CIRCLE ( 'NONE', #5381, 6.000000000000000000 ) ;
#213 = DIRECTION ( 'NONE',  ( -0.4991391323160828120, 0.8665218558067350196, 0.000000000000000000 ) ) ;
#214 = DIRECTION ( 'NONE',  ( 0.9656681455035658335, -0.2597788150710219068, 0.000000000000000000 ) ) ;
#215 = ORIENTED_EDGE ( 'NONE', *, *, #2028, .T. ) ;
#216 = AXIS2_PLACEMENT_3D ( 'NONE', #4078, #6449, #514 ) ;
#217 = ORIENTED_EDGE ( 'NONE', *, *, #725, .T. ) ;
#218 = DIRECTION ( 'NONE',  ( 0.000000000000000000, -1.000000000000000000, 0.000000000000000000 ) ) ;
#219 = CARTESIAN_POINT ( 'NONE',  ( -0.3988063169686429932, 1.416427813942202185, 11.22968749999999716 ) ) ;
#220 = CARTESIAN_POINT ( 'NONE',  ( 1.027259311016479382, 1.053590308655661278, 13.37656250000000213 ) ) ;
#221 = PLANE ( 'NONE',  #4261 ) ;
#222 = CARTESIAN_POINT ( 'NONE',  ( -13.46552500117317841, -0.2099756683956204295, -3.884459722877366961 ) ) ;
#223 = ORIENTED_EDGE ( 'NONE', *, *, #2164, .F. ) ;
#224 = FACE_OUTER_BOUND ( 'NONE', #1434, .T. ) ;
#225 = ADVANCED_FACE ( 'NONE', ( #877, #2603 ), #2577, .F. ) ;
#226 = FACE_OUTER_BOUND ( 'NONE', #3745, .T. ) ;
#227 = ORIENTED_EDGE ( 'NONE', *, *, #6380, .F. ) ;
#228 = DIRECTION ( 'NONE',  ( -0.2597788150710331756, -0.9656681455035626138, -2.809530629711164106E-16 ) ) ;
#229 = CARTESIAN_POINT ( 'NONE',  ( 1.071729911523486845, -0.2726829676047641815, 9.068749999999997868 ) ) ;
#230 = CARTESIAN_POINT ( 'NONE',  ( -1.495091218127865051, 7.859052248806909446, 12.00000000000000000 ) ) ;
#231 = DIRECTION ( 'NONE',  ( 2.565753199199158405E-18, 2.902514036010829075E-16, -1.000000000000000000 ) ) ;
#232 = ADVANCED_FACE ( 'NONE', ( #1914 ), #6153, .F. ) ;
#233 = ORIENTED_EDGE ( 'NONE', *, *, #5738, .F. ) ;
#234 = CARTESIAN_POINT ( 'NONE',  ( 0.2361503771250647310, 0.9281453293749931666, 10.53124999999999645 ) ) ;
#235 = CYLINDRICAL_SURFACE ( 'NONE', #3159, 1.352549999999998365 ) ;
#236 = CARTESIAN_POINT ( 'NONE',  ( -1.071729911523480183, 0.2726829676047792250, 11.03749999999999787 ) ) ;
#237 = AXIS2_PLACEMENT_3D ( 'NONE', #2167, #5678, #3458 ) ;
#238 = CARTESIAN_POINT ( 'NONE',  ( 0.2361503771250646200, 0.9281453293749930555, 11.37499999999999645 ) ) ;
#239 = CARTESIAN_POINT ( 'NONE',  ( 0.6857222450800849467, -0.6685848903910641683, 10.32499999999999751 ) ) ;
#240 = DIRECTION ( 'NONE',  ( 0.7071067811865491270, 0.7071067811865459074, 0.000000000000000000 ) ) ;
#241 = CARTESIAN_POINT ( 'NONE',  ( -2.127453415866093952E-16, -9.318660553226917322E-15, -8.673617379884035472E-15 ) ) ;
#242 = CONICAL_SURFACE ( 'NONE', #4541, 1.025000000000000355, 1.029744258676652313 ) ;
#243 = EDGE_CURVE ( 'NONE', #6655, #5883, #7237, .T. ) ;
#244 = CARTESIAN_POINT ( 'NONE',  ( 3.835072941201331354, 10.20304932535686682, -3.000000000000005329 ) ) ;
#245 = CARTESIAN_POINT ( 'NONE',  ( 0.2527409261506041727, 0.9933514102514432453, 8.320096189432316436 ) ) ;
#246 = AXIS2_PLACEMENT_3D ( 'NONE', #4321, #6710, #6674 ) ;
#247 = CARTESIAN_POINT ( 'NONE',  ( -2.202197999314520427, -7.151945467620340224, 13.00000000000000178 ) ) ;
#248 = ORIENTED_EDGE ( 'NONE', *, *, #592, .F. ) ;
#249 = CARTESIAN_POINT ( 'NONE',  ( 0.000000000000000000, 0.000000000000000000, -5.729735577732628649 ) ) ;
#250 = CARTESIAN_POINT ( 'NONE',  ( 0.9218726222051465413, 0.2595604389839207271, 12.70624999999999893 ) ) ;
#251 = LINE ( 'NONE', #2593, #6664 ) ;
#252 = CARTESIAN_POINT ( 'NONE',  ( 2.597788150710211408, 9.656681455035650785, -6.000000000000005329 ) ) ;
#253 = AXIS2_PLACEMENT_3D ( 'NONE', #6947, #2243, #5792 ) ;
#254 = VERTEX_POINT ( 'NONE', #5577 ) ;
#255 = DIRECTION ( 'NONE',  ( 0.7071067811865491270, 0.7071067811865459074, -0.000000000000000000 ) ) ;
#256 = ORIENTED_EDGE ( 'NONE', *, *, #3777, .F. ) ;
#257 = CARTESIAN_POINT ( 'NONE',  ( 0.7028371710806463613, -11.37845085541352219, -3.981286105533867747 ) ) ;
#258 = CARTESIAN_POINT ( 'NONE',  ( -1.027259311016472720, -1.053590308655646623, 13.17968749999999645 ) ) ;
#259 = EDGE_CURVE ( 'NONE', #5779, #3659, #3664, .T. ) ;
#260 = CARTESIAN_POINT ( 'NONE',  ( 0.3142264970239176392, 1.235009061298932176, 14.31406249999999858 ) ) ;
#261 = AXIS2_PLACEMENT_3D ( 'NONE', #5102, #6180, #4479 ) ;
#262 = ADVANCED_FACE ( 'NONE', ( #6076 ), #6764, .F. ) ;
#263 = CARTESIAN_POINT ( 'NONE',  ( -13.43586127591887269, -0.1398019909622457702, -3.997680402400521693 ) ) ;
#264 = ORIENTED_EDGE ( 'NONE', *, *, #6215, .T. ) ;
#265 = EDGE_CURVE ( 'NONE', #2651, #2794, #7383, .T. ) ;
#266 = AXIS2_PLACEMENT_3D ( 'NONE', #1932, #6057, #240 ) ;
#267 = EDGE_LOOP ( 'NONE', ( #5347 ) ) ;
#268 = DIRECTION ( 'NONE',  ( 0.4991391323160829230, -0.8665218558067350196, -2.891205793294680298E-16 ) ) ;
#269 = ORIENTED_EDGE ( 'NONE', *, *, #1622, .T. ) ;
#270 = DIRECTION ( 'NONE',  ( -0.4991391323160825899, 0.8665218558067350196, 2.502285170733345177E-16 ) ) ;
#271 = CARTESIAN_POINT ( 'NONE',  ( -0.2997145786366766096, 1.064486813177379032, 7.868749999999999467 ) ) ;
#272 = DIRECTION ( 'NONE',  ( 0.2465765133176615331, 0.9691233270745808204, 1.333905946265758537E-16 ) ) ;
#273 = CIRCLE ( 'NONE', #137, 1.352549999999997921 ) ;
#274 = CARTESIAN_POINT ( 'NONE',  ( -11.39398731114732044, 6.689582288391200393, -4.833351618762200985 ) ) ;
#275 = ORIENTED_EDGE ( 'NONE', *, *, #6099, .F. ) ;
#276 = CARTESIAN_POINT ( 'NONE',  ( -1.071729911523479961, 0.2726829676047792805, 10.19374999999999787 ) ) ;
#277 = CARTESIAN_POINT ( 'NONE',  ( -0.7720153328867999099, -0.7918038455725919800, 11.11249999999999716 ) ) ;
#278 = CARTESIAN_POINT ( 'NONE',  ( -0.6857222450800786184, 0.6685848903910791563, 12.34999999999999609 ) ) ;
#279 = CARTESIAN_POINT ( 'NONE',  ( 0.6857222450800849467, -0.6685848903910641683, 9.424999999999997158 ) ) ;
#280 = CARTESIAN_POINT ( 'NONE',  ( -6.697143117985448590, -3.376133003484933504, -3.500000000000009326 ) ) ;
#281 = CARTESIAN_POINT ( 'NONE',  ( -0.3207707779579564433, 1.139271451999727569, 9.123653810567677880 ) ) ;
#282 = CARTESIAN_POINT ( 'NONE',  ( 1.801623595685677204, 10.75007685644519206, -3.000000000000485834 ) ) ;
#283 = DIRECTION ( 'NONE',  ( 0.8665218558067369070, 0.4991391323160795923, 1.470991149706808511E-16 ) ) ;
#284 = CARTESIAN_POINT ( 'NONE',  ( -1.147023408217117790, 0.2918400834965768631, 8.432596189432317146 ) ) ;
#285 = ADVANCED_FACE ( 'NONE', ( #7353 ), #3688, .T. ) ;
#286 = CARTESIAN_POINT ( 'NONE',  ( -0.7720153328867999099, -0.7918038455725919800, 11.61874999999999858 ) ) ;
#287 = PLANE ( 'NONE',  #4772 ) ;
#288 = ORIENTED_EDGE ( 'NONE', *, *, #2515, .F. ) ;
#289 = DIRECTION ( 'NONE',  ( 0.2597788150710226840, 0.9656681455035656114, 0.000000000000000000 ) ) ;
#290 = CARTESIAN_POINT ( 'NONE',  ( -6.444838686433802089, 2.909304780501044796, -5.729735577732628649 ) ) ;
#291 = CARTESIAN_POINT ( 'NONE',  ( -3.376133003484854900, 6.697143117985476124, -5.500000000000005329 ) ) ;
#292 = CARTESIAN_POINT ( 'NONE',  ( 7.371492864449038507, 10.90702677038162527, 13.90015215998916887 ) ) ;
#293 = VERTEX_POINT ( 'NONE', #1975 ) ;
#294 = EDGE_LOOP ( 'NONE', ( #2003, #6757, #256, #7216 ) ) ;
#295 = DIRECTION ( 'NONE',  ( -2.565753199199158405E-18, -2.902514036010829075E-16, 1.000000000000000000 ) ) ;
#296 = CARTESIAN_POINT ( 'NONE',  ( -0.9124359724768812407, 0.8896326596143752097, 12.61718749999999645 ) ) ;
#297 = CARTESIAN_POINT ( 'NONE',  ( -1.027259311016472720, -1.053590308655646623, 12.70156249999999964 ) ) ;
#298 = CARTESIAN_POINT ( 'NONE',  ( 0.04604345858560066757, -13.30184410068342871, -4.500000000000011546 ) ) ;
#299 = AXIS2_PLACEMENT_3D ( 'NONE', #46, #2277, #7025 ) ;
#300 = ORIENTED_EDGE ( 'NONE', *, *, #5041, .T. ) ;
#301 = B_SPLINE_CURVE_WITH_KNOTS ( 'NONE', 3,
 ( #6328, #5128, #6868, #4507, #4548, #1457 ),
 .UNSPECIFIED., .F., .F.,
 ( 4, 2, 4 ),
 ( 1.971102454286797067E-07, 0.0004016241971379707720, 0.0008030512840305128065 ),
 .UNSPECIFIED. ) ;
#302 = EDGE_LOOP ( 'NONE', ( #6043, #1102, #3744, #4927, #4129, #4781 ) ) ;
#303 = CARTESIAN_POINT ( 'NONE',  ( 3.006193642668490984, -4.605735531137203687, -6.000000000000009770 ) ) ;
#304 = DIRECTION ( 'NONE',  ( -0.000000000000000000, -0.000000000000000000, -1.000000000000000000 ) ) ;
#305 = CARTESIAN_POINT ( 'NONE',  ( 0.2997145786366836040, -1.064486813177363933, 8.093749999999998224 ) ) ;
#306 = VERTEX_POINT ( 'NONE', #2648 ) ;
#307 = AXIS2_PLACEMENT_3D ( 'NONE', #4943, #6059, #316 ) ;
#308 = CARTESIAN_POINT ( 'NONE',  ( 10.67100906761275070, 7.135475161679974754, 14.80016474488865441 ) ) ;
#309 = ORIENTED_EDGE ( 'NONE', *, *, #6099, .T. ) ;
#310 = CARTESIAN_POINT ( 'NONE',  ( -0.2361503771250581807, -0.9281453293749780675, 11.14999999999999680 ) ) ;
#311 = B_SPLINE_CURVE_WITH_KNOTS ( 'NONE', 3,
 ( #6479, #5, #2352, #5247, #1847, #4667 ),
 .UNSPECIFIED., .F., .F.,
 ( 4, 2, 4 ),
 ( 0.0008049385535018074812, 0.001206418312646969412, 0.001607898071792131234 ),
 .UNSPECIFIED. ) ;
#312 = CARTESIAN_POINT ( 'NONE',  ( -1.071729911523480183, 0.2726829676047792250, 11.48749999999999716 ) ) ;
#313 = CARTESIAN_POINT ( 'NONE',  ( -0.2997145786366769427, 1.064486813177378588, 11.41249999999999787 ) ) ;
#314 = CARTESIAN_POINT ( 'NONE',  ( -6.444838686433802089, -2.909304780501045684, 12.00000000000000000 ) ) ;
#315 = DIRECTION ( 'NONE',  ( 2.565753199199158020E-18, 2.902514036010829075E-16, -1.000000000000000000 ) ) ;
#316 = DIRECTION ( 'NONE',  ( -1.000000000000000000, 0.000000000000000000, 0.000000000000000000 ) ) ;
#317 = DIRECTION ( 'NONE',  ( -1.174496421065114529E-16, -1.077574633362505783E-16, 1.000000000000000000 ) ) ;
#318 = CARTESIAN_POINT ( 'NONE',  ( -7.073385883311456901, -10.18465572053224832, 16.00000000000000000 ) ) ;
#319 = CARTESIAN_POINT ( 'NONE',  ( -5.715364357624257430, 10.66511182593029616, 12.00000000000000000 ) ) ;
#320 = FACE_OUTER_BOUND ( 'NONE', #6426, .T. ) ;
#321 = ORIENTED_EDGE ( 'NONE', *, *, #5777, .F. ) ;
#322 = CARTESIAN_POINT ( 'NONE',  ( 6.280548451550700406, 4.099354967275222528, -5.500000000000006217 ) ) ;
#323 = CARTESIAN_POINT ( 'NONE',  ( 0.2527409261506036731, 0.9933514102514432453, 13.13615381056767539 ) ) ;
#324 = CARTESIAN_POINT ( 'NONE',  ( -2.050480819890118965E-16, -8.447906342423668944E-15, -3.000000000000007994 ) ) ;
#325 = LINE ( 'NONE', #5688, #2256 ) ;
#326 = B_SPLINE_CURVE_WITH_KNOTS ( 'NONE', 3,
 ( #972, #2163, #4506, #750, #4868, #3652, #7224, #1011, #1577, #3695, #6066, #789, #3127, #1617, #3956, #2203, #4546, #6327 ),
 .UNSPECIFIED., .F., .F.,
 ( 4, 2, 2, 2, 2, 2, 2, 2, 4 ),
 ( 0.0008681117967675782083, 0.001180060587692430447, 0.001492009378617282795, 0.001803958169542134926, 0.002115906960466987057, 0.002427855751391839404, 0.002739804542316691752, 0.003051753333241543666, 0.003363702124166396013 ),
 .UNSPECIFIED. ) ;
#327 = AXIS2_PLACEMENT_3D ( 'NONE', #3828, #6623, #7357 ) ;
#328 = EDGE_CURVE ( 'NONE', #3976, #2153, #7335, .T. ) ;
#329 = VERTEX_POINT ( 'NONE', #2624 ) ;
#330 = FACE_OUTER_BOUND ( 'NONE', #5106, .T. ) ;
#331 = CARTESIAN_POINT ( 'NONE',  ( 0.3988063169686490439, -1.416427813942187308, 12.80468749999999645 ) ) ;
#332 = AXIS2_PLACEMENT_3D ( 'NONE', #2140, #3735, #6103 ) ;
#333 = CARTESIAN_POINT ( 'NONE',  ( -1.226662469500796160, -0.3453764016845492502, 13.56406249999999858 ) ) ;
#334 = CARTESIAN_POINT ( 'NONE',  ( 0.9218726222051464303, 0.2595604389839206716, 13.99999999999999645 ) ) ;
#335 = ADVANCED_FACE ( 'NONE', ( #5011 ), #4173, .F. ) ;
#336 = EDGE_LOOP ( 'NONE', ( #1482, #6538, #6813, #4038 ) ) ;
#337 = AXIS2_PLACEMENT_3D ( 'NONE', #3801, #1377, #2615 ) ;
#338 = ORIENTED_EDGE ( 'NONE', *, *, #3944, .F. ) ;
#339 = DIRECTION ( 'NONE',  ( 0.000000000000000000, 0.000000000000000000, 1.000000000000000000 ) ) ;
#340 = CARTESIAN_POINT ( 'NONE',  ( -0.1147417986137888174, -13.89952640630791691, -5.500000000000017764 ) ) ;
#341 = ORIENTED_EDGE ( 'NONE', *, *, #5855, .F. ) ;
#342 = DIRECTION ( 'NONE',  ( 0.7071067811865517916, 0.7071067811865433539, 0.000000000000000000 ) ) ;
#343 = CARTESIAN_POINT ( 'NONE',  ( 0.2997145786366834930, -1.064486813177363933, 9.443749999999997868 ) ) ;
#344 = CARTESIAN_POINT ( 'NONE',  ( 1.079081276367249403E-14, -9.374903399416782044E-15, 9.999999999999994671 ) ) ;
#345 = CARTESIAN_POINT ( 'NONE',  ( -0.2997145786366767206, 1.064486813177378810, 9.668749999999999289 ) ) ;
#346 = ADVANCED_FACE ( 'NONE', ( #1423 ), #1459, .F. ) ;
#347 = EDGE_LOOP ( 'NONE', ( #2762 ) ) ;
#348 = DIRECTION ( 'NONE',  ( -0.000000000000000000, -0.000000000000000000, 1.000000000000000000 ) ) ;
#349 = CARTESIAN_POINT ( 'NONE',  ( -0.2997145786366769427, 1.064486813177378810, 11.41249999999999787 ) ) ;
#350 = CARTESIAN_POINT ( 'NONE',  ( -1.426065627985118267, 0.3628375052865481787, 8.154687499999997868 ) ) ;
#351 = CARTESIAN_POINT ( 'NONE',  ( 0.9218726222051465413, 0.2595604389839207271, 11.74999999999999645 ) ) ;
#352 = CARTESIAN_POINT ( 'NONE',  ( 3.379838509262469426, -0.9092258527485833630, -3.000000000000007994 ) ) ;
#353 = ADVANCED_FACE ( 'NONE', ( #1386, #4977 ), #2697, .T. ) ;
#354 = DIRECTION ( 'NONE',  ( 0.4991391323160825899, -0.8665218558067350196, -2.891205793294678819E-16 ) ) ;
#355 = DIRECTION ( 'NONE',  ( -2.565753199199158405E-18, -2.902514036010829075E-16, 1.000000000000000000 ) ) ;
#356 = DIRECTION ( 'NONE',  ( -0.2465765133176615609, -0.9691233270745809314, 0.000000000000000000 ) ) ;
#357 = EDGE_CURVE ( 'NONE', #925, #925, #7521, .T. ) ;
#358 = ORIENTED_EDGE ( 'NONE', *, *, #3345, .F. ) ;
#359 = CARTESIAN_POINT ( 'NONE',  ( -6.444838686433802089, 2.909304780501044796, 13.00000000000000178 ) ) ;
#360 = DIRECTION ( 'NONE',  ( -0.7071067811865459074, 0.7071067811865491270, 0.000000000000000000 ) ) ;
#361 = EDGE_LOOP ( 'NONE', ( #2840 ) ) ;
#362 = CARTESIAN_POINT ( 'NONE',  ( -5.377347161448368773, 0.3745416482459283380, -3.000000000000009770 ) ) ;
#363 = VECTOR ( 'NONE', #6250, 1000.000000000000227 ) ;
#364 = CARTESIAN_POINT ( 'NONE',  ( 0.3207707779579628826, -1.139271451999712914, 12.49865381056767610 ) ) ;
#365 = LINE ( 'NONE', #6717, #5626 ) ;
#366 = LINE ( 'NONE', #3895, #5948 ) ;
#367 = ORIENTED_EDGE ( 'NONE', *, *, #6939, .F. ) ;
#368 = FACE_OUTER_BOUND ( 'NONE', #5684, .T. ) ;
#369 = ORIENTED_EDGE ( 'NONE', *, *, #3896, .T. ) ;
#370 = LINE ( 'NONE', #6963, #3760 ) ;
#371 = CARTESIAN_POINT ( 'NONE',  ( -1.426065627985119155, 0.3628375052865480122, 12.65468749999999609 ) ) ;
#372 = CARTESIAN_POINT ( 'NONE',  ( 0.2997145786366834930, -1.064486813177363933, 9.893749999999998934 ) ) ;
#373 = AXIS2_PLACEMENT_3D ( 'NONE', #3229, #6213, #283 ) ;
#374 = CARTESIAN_POINT ( 'NONE',  ( 0.6981962715890035476, -10.87761563792080821, -3.000000000000058176 ) ) ;
#375 = ORIENTED_EDGE ( 'NONE', *, *, #3154, .T. ) ;
#376 = ORIENTED_EDGE ( 'NONE', *, *, #4591, .F. ) ;
#377 = ADVANCED_FACE ( 'NONE', ( #6135, #7215 ), #1228, .T. ) ;
#378 = CIRCLE ( 'NONE', #998, 0.9125000000000104139 ) ;
#379 = CARTESIAN_POINT ( 'NONE',  ( 6.722976298045485244, 11.51812188064626952, -4.370509263300305314 ) ) ;
#380 = CARTESIAN_POINT ( 'NONE',  ( 12.08107470081073309, -6.874418817138717053, -5.500000000000015987 ) ) ;
#381 = EDGE_LOOP ( 'NONE', ( #4693 ) ) ;
#382 = VERTEX_POINT ( 'NONE', #5117 ) ;
#383 = CARTESIAN_POINT ( 'NONE',  ( -0.2997145786366768316, 1.064486813177378810, 10.11874999999999858 ) ) ;
#384 = B_SPLINE_CURVE_WITH_KNOTS ( 'NONE', 3,
 ( #6042, #5581, #3712, #5617 ),
 .UNSPECIFIED., .F., .F.,
 ( 4, 4 ),
 ( 0.002075698442432847689, 0.003113607506441763966 ),
 .UNSPECIFIED. ) ;
#385 = AXIS2_PLACEMENT_3D ( 'NONE', #7396, #5620, #6924 ) ;
#386 = ORIENTED_EDGE ( 'NONE', *, *, #2515, .T. ) ;
#387 = CARTESIAN_POINT ( 'NONE',  ( 0.6857222450800847247, -0.6685848903910641683, 11.22499999999999787 ) ) ;
#388 = CARTESIAN_POINT ( 'NONE',  ( -0.6857222450800787295, 0.6685848903910789343, 14.14999999999999503 ) ) ;
#389 = CARTESIAN_POINT ( 'NONE',  ( -1.071729911523480183, 0.2726829676047792250, 11.03749999999999609 ) ) ;
#390 = CONICAL_SURFACE ( 'NONE', #3205, 2.000000000000000000, 0.7853981633974469467 ) ;
#391 = DIRECTION ( 'NONE',  ( 0.2597788150710263477, 0.9656681455035645012, 2.809530629711169530E-16 ) ) ;
#392 = CARTESIAN_POINT ( 'NONE',  ( 0.2361503771250643702, 0.9281453293749929445, 13.68124999999999680 ) ) ;
#393 = CARTESIAN_POINT ( 'NONE',  ( -1.960852233362403885, -0.3937747057870432110, 11.00000000000000000 ) ) ;
#394 = LINE ( 'NONE', #7496, #4294 ) ;
#395 = B_SPLINE_CURVE_WITH_KNOTS ( 'NONE', 3,
 ( #2850, #7574, #4630, #7410, #1697, #4036, #6401, #4472, #2736, #7132 ),
 .UNSPECIFIED., .F., .F.,
 ( 4, 2, 2, 2, 4 ),
 ( 0.000000000000000000, 0.0003972687248957449844, 0.0007945374497914899688, 0.001191806174687234845, 0.001589074899582979938 ),
 .UNSPECIFIED. ) ;
#396 = CARTESIAN_POINT ( 'NONE',  ( 0.2527409261506040616, 0.9933514102514432453, 9.220096189432318567 ) ) ;
#397 = CARTESIAN_POINT ( 'NONE',  ( 0.2361503771250643424, 0.9281453293749929445, 14.13124999999999787 ) ) ;
#398 = DIRECTION ( 'NONE',  ( 2.565753199199158405E-18, 2.902514036010829075E-16, -1.000000000000000000 ) ) ;
#399 = DIRECTION ( 'NONE',  ( 0.7071067811865491270, 0.7071067811865459074, 0.000000000000000000 ) ) ;
#400 = EDGE_CURVE ( 'NONE', #2686, #2686, #2823, .T. ) ;
#401 = ORIENTED_EDGE ( 'NONE', *, *, #2420, .T. ) ;
#402 = EDGE_CURVE ( 'NONE', #2490, #7583, #859, .T. ) ;
#403 = CARTESIAN_POINT ( 'NONE',  ( 0.000000000000000000, 0.000000000000000000, 10.59999999999999964 ) ) ;
#404 = CARTESIAN_POINT ( 'NONE',  ( -1.147023408217118234, 0.2918400834965766411, 12.79865381056767859 ) ) ;
#405 = VERTEX_POINT ( 'NONE', #244 ) ;
#406 = AXIS2_PLACEMENT_3D ( 'NONE', #5991, #4212, #6570 ) ;
#407 = CARTESIAN_POINT ( 'NONE',  ( -1.226662469500795716, -0.3453764016845489726, 8.614062499999999289 ) ) ;
#408 = ORIENTED_EDGE ( 'NONE', *, *, #243, .F. ) ;
#409 = DIRECTION ( 'NONE',  ( -0.000000000000000000, -0.000000000000000000, -1.000000000000000000 ) ) ;
#410 = CARTESIAN_POINT ( 'NONE',  ( -0.2361503771250583195, -0.9281453293749780675, 12.55624999999999858 ) ) ;
#411 = CARTESIAN_POINT ( 'NONE',  ( 0.7720153328868069043, 0.7918038455726068570, 10.04374999999999929 ) ) ;
#412 = CARTESIAN_POINT ( 'NONE',  ( 0.6282633691912310470, -11.13757515829076361, -2.949281131751070983 ) ) ;
#413 = ORIENTED_EDGE ( 'NONE', *, *, #2836, .F. ) ;
#414 = VECTOR ( 'NONE', #399, 1000.000000000000114 ) ;
#415 = ORIENTED_EDGE ( 'NONE', *, *, #1421, .F. ) ;
#416 = LINE ( 'NONE', #6969, #4378 ) ;
#417 = ORIENTED_EDGE ( 'NONE', *, *, #6518, .T. ) ;
#418 = DIRECTION ( 'NONE',  ( -0.000000000000000000, -0.000000000000000000, 1.000000000000000000 ) ) ;
#419 = CIRCLE ( 'NONE', #5095, 2.000000000000000000 ) ;
#420 = EDGE_CURVE ( 'NONE', #511, #613, #7488, .T. ) ;
#421 = CARTESIAN_POINT ( 'NONE',  ( 1.497417396948247603, -2.599565567420214496, -9.424302931104040011E-15 ) ) ;
#422 = CARTESIAN_POINT ( 'NONE',  ( -6.603612861616183771, -10.13914676754889932, 13.00000000000000178 ) ) ;
#423 = CARTESIAN_POINT ( 'NONE',  ( 1.071729911523487067, -0.2726829676047641815, 8.168749999999999289 ) ) ;
#424 = CARTESIAN_POINT ( 'NONE',  ( 0.7338970930875438059, -0.7155557677481375611, 10.42009618943231786 ) ) ;
#425 = DIRECTION ( 'NONE',  ( 1.000000000000000000, 0.000000000000000000, 0.000000000000000000 ) ) ;
#426 = CARTESIAN_POINT ( 'NONE',  ( -0.9218726222051399910, -0.2595604389839062942, 11.97499999999999609 ) ) ;
#427 = CC_DESIGN_APPROVAL ( #6237, ( #3722 ) ) ;
#428 = CARTESIAN_POINT ( 'NONE',  ( 0.3988063169686495435, -1.416427813942187308, 7.854687499999997158 ) ) ;
#429 = CARTESIAN_POINT ( 'NONE',  ( 0.7720153328868066822, 0.7918038455726066349, 11.78749999999999964 ) ) ;
#430 = CYLINDRICAL_SURFACE ( 'NONE', #637, 1.000000000000000000 ) ;
#431 = CARTESIAN_POINT ( 'NONE',  ( 1.071729911523486845, -0.2726829676047643480, 13.11874999999999858 ) ) ;
#432 = DIRECTION ( 'NONE',  ( 2.565753199199158405E-18, 2.902514036010829075E-16, -1.000000000000000000 ) ) ;
#433 = CARTESIAN_POINT ( 'NONE',  ( -1.121318413595897567, 5.894289186605181641, 15.70000000000000284 ) ) ;
#434 = CARTESIAN_POINT ( 'NONE',  ( 0.8262526302591651772, 0.8474313685031580334, 10.08259618943231928 ) ) ;
#435 = ORIENTED_EDGE ( 'NONE', *, *, #6594, .F. ) ;
#436 = CARTESIAN_POINT ( 'NONE',  ( 0.9218726222051465413, 0.2595604389839207271, 12.25624999999999609 ) ) ;
#438 = ADVANCED_FACE ( 'NONE', ( #3193, #2660 ), #2087, .F. ) ;
#437 = FACE_OUTER_BOUND ( 'NONE', #3714, .T. ) ;
#439 = LINE ( 'NONE', #5138, #6261 ) ;
#440 = EDGE_LOOP ( 'NONE', ( #2835, #7074, #4752, #7602 ) ) ;
#441 = CARTESIAN_POINT ( 'NONE',  ( -5.715364357624257430, 10.66511182593029616, 12.00000000000000000 ) ) ;
#442 = CARTESIAN_POINT ( 'NONE',  ( 0.2527409261506036731, 0.9933514102514430233, 13.58615381056767646 ) ) ;
#443 = VERTEX_POINT ( 'NONE', #6787 ) ;
#444 = CARTESIAN_POINT ( 'NONE',  ( -0.9124359724768809077, 0.8896326596143754317, 8.089062499999998934 ) ) ;
#445 = ORIENTED_EDGE ( 'NONE', *, *, #3520, .T. ) ;
#446 = PRODUCT_RELATED_PRODUCT_CATEGORY ( 'detail', '', ( #2210 ) ) ;
#447 = DIRECTION ( 'NONE',  ( 2.565753199199158405E-18, 2.902514036010829075E-16, -1.000000000000000000 ) ) ;
#448 = CARTESIAN_POINT ( 'NONE',  ( 0.2361503771250646200, 0.9281453293749930555, 11.43124999999999680 ) ) ;
#449 = CARTESIAN_POINT ( 'NONE',  ( -1.071729911523479739, 0.2726829676047792805, 8.843749999999998224 ) ) ;
#450 = AXIS2_PLACEMENT_3D ( 'NONE', #6312, #5701, #2721 ) ;
#451 = LINE ( 'NONE', #2758, #7518 ) ;
#452 = EDGE_LOOP ( 'NONE', ( #2393, #7589, #604, #7577 ) ) ;
#453 = CIRCLE ( 'NONE', #6847, 5.999999999999999112 ) ;
#454 = ORIENTED_EDGE ( 'NONE', *, *, #3680, .T. ) ;
#455 = CARTESIAN_POINT ( 'NONE',  ( -7.004984823391872339, 11.95473229169794571, 12.00000000000000000 ) ) ;
#456 = ORIENTED_EDGE ( 'NONE', *, *, #5615, .T. ) ;
#457 = LINE ( 'NONE', #4063, #6270 ) ;
#458 = VERTEX_POINT ( 'NONE', #3448 ) ;
#459 = CIRCLE ( 'NONE', #2911, 11.40000000000000036 ) ;
#460 = DIRECTION ( 'NONE',  ( -2.565753199199158405E-18, -2.902514036010829075E-16, 1.000000000000000000 ) ) ;
#461 = CARTESIAN_POINT ( 'NONE',  ( 0.9218726222051468744, 0.2595604389839208381, 10.00624999999999787 ) ) ;
#462 = VECTOR ( 'NONE', #5687, 1000.000000000000000 ) ;
#463 = CARTESIAN_POINT ( 'NONE',  ( 0.7720153328868066822, 0.7918038455726065239, 12.23749999999999716 ) ) ;
#464 = EDGE_CURVE ( 'NONE', #6163, #2679, #2222, .T. ) ;
#465 = CARTESIAN_POINT ( 'NONE',  ( 5.948711359192981440, -10.53747076048392195, 12.02448170976803610 ) ) ;
#466 = VECTOR ( 'NONE', #1584, 1000.000000000000227 ) ;
#467 = CARTESIAN_POINT ( 'NONE',  ( 1.071729911523486845, -0.2726829676047643480, 13.06249999999999822 ) ) ;
#468 = CARTESIAN_POINT ( 'NONE',  ( 1.071729911523486622, -0.2726829676047643480, 12.16249999999999787 ) ) ;
#469 = CARTESIAN_POINT ( 'NONE',  ( -2.909304780501067000, -6.444838686433791430, 13.00000000000000178 ) ) ;
#470 = LINE ( 'NONE', #3412, #1378 ) ;
#471 = CARTESIAN_POINT ( 'NONE',  ( 0.000000000000000000, 0.000000000000000000, 9.000000000000000000 ) ) ;
#472 = CARTESIAN_POINT ( 'NONE',  ( -12.08107470081068513, 6.874418817138786331, -5.500000000000005329 ) ) ;
#473 = ORIENTED_EDGE ( 'NONE', *, *, #4585, .F. ) ;
#474 = CARTESIAN_POINT ( 'NONE',  ( 0.9218726222051465413, 0.2595604389839207271, 12.70624999999999893 ) ) ;
#475 = CARTESIAN_POINT ( 'NONE',  ( -11.14277773728795928, 7.607243831355181563, 13.00000000000000178 ) ) ;
#476 = CARTESIAN_POINT ( 'NONE',  ( -2.909304780500978183, 6.444838686433832287, 15.69999999999999574 ) ) ;
#477 = ORIENTED_EDGE ( 'NONE', *, *, #5002, .T. ) ;
#478 = ADVANCED_FACE ( 'NONE', ( #4282 ), #3157, .T. ) ;
#479 = DIRECTION ( 'NONE',  ( 0.4991391323160827009, -0.8665218558067349086, 0.000000000000000000 ) ) ;
#480 = CARTESIAN_POINT ( 'NONE',  ( -0.9866380192381382086, -0.2777956425032831467, 12.38615381056767539 ) ) ;
#481 = CARTESIAN_POINT ( 'NONE',  ( -0.2361503771250584027, -0.9281453293749781785, 13.39999999999999680 ) ) ;
#482 = EDGE_LOOP ( 'NONE', ( #1681, #4027, #1251, #4231, #5316 ) ) ;
#483 = VECTOR ( 'NONE', #4828, 1000.000000000000000 ) ;
#484 = CARTESIAN_POINT ( 'NONE',  ( 1.226662469500802821, 0.3453764016845636275, 9.289062499999998224 ) ) ;
#485 = ORIENTED_EDGE ( 'NONE', *, *, #793, .F. ) ;
#486 = CYLINDRICAL_SURFACE ( 'NONE', #1073, 1.250000000000000222 ) ;
#487 = CARTESIAN_POINT ( 'NONE',  ( -0.9218726222051398800, -0.2595604389839062942, 11.58124999999999716 ) ) ;
#488 = CARTESIAN_POINT ( 'NONE',  ( 0.2361503771250649530, 0.9281453293749931666, 8.281249999999996447 ) ) ;
#489 = LINE ( 'NONE', #4020, #1358 ) ;
#490 = ADVANCED_FACE ( 'NONE', ( #5483, #204 ), #4902, .T. ) ;
#491 = EDGE_LOOP ( 'NONE', ( #4963 ) ) ;
#492 = CIRCLE ( 'NONE', #1462, 12.90000000000000036 ) ;
#493 = ORIENTED_EDGE ( 'NONE', *, *, #2081, .F. ) ;
#494 = CARTESIAN_POINT ( 'NONE',  ( -7.635131238675235466, 11.34046542128405122, 12.50760534207398500 ) ) ;
#495 = EDGE_LOOP ( 'NONE', ( #1480, #4002, #6225, #4059, #63, #3586 ) ) ;
#496 = CARTESIAN_POINT ( 'NONE',  ( -2.185888724398846442E-18, 1.088491648683293330E-17, 11.19999999999999751 ) ) ;
#497 = EDGE_CURVE ( 'NONE', #205, #3268, #7529, .T. ) ;
#498 = CARTESIAN_POINT ( 'NONE',  ( 7.967514421272213099, 6.717514421272197112, 12.00000000000000000 ) ) ;
#499 = CARTESIAN_POINT ( 'NONE',  ( -0.5288561568807593760, -5.076717686546384556, -2.923194615647152883 ) ) ;
#500 = CARTESIAN_POINT ( 'NONE',  ( -1.071729911523479739, 0.2726829676047793360, 8.393749999999998934 ) ) ;
#501 = CARTESIAN_POINT ( 'NONE',  ( 1.147023408217124674, -0.2918400834965618196, 11.35759618943231786 ) ) ;
#502 = CARTESIAN_POINT ( 'NONE',  ( -1.071729911523480183, 0.2726829676047791695, 12.38749999999999574 ) ) ;
#503 = AXIS2_PLACEMENT_3D ( 'NONE', #3650, #3693, #2591 ) ;
#504 = CARTESIAN_POINT ( 'NONE',  ( 0.3142264970239179722, 1.235009061298932176, 10.29218749999999538 ) ) ;
#505 = CARTESIAN_POINT ( 'NONE',  ( 1.558672890426126001, 5.794008873021387451, -6.000000000000006217 ) ) ;
#506 = CARTESIAN_POINT ( 'NONE',  ( 0.000000000000000000, 0.000000000000000000, 15.69999999999999218 ) ) ;
#507 = CARTESIAN_POINT ( 'NONE',  ( 2.909304780501023480, -6.444838686433811858, 15.70000000000000284 ) ) ;
#508 = AXIS2_PLACEMENT_3D ( 'NONE', #5635, #5008, #2202 ) ;
#509 = CARTESIAN_POINT ( 'NONE',  ( 6.820306172013503421, 10.35584007794609818, 15.70000000000000284 ) ) ;
#510 = CARTESIAN_POINT ( 'NONE',  ( -1.147023408217118012, 0.2918400834965767521, 10.23259618943231786 ) ) ;
#511 = VERTEX_POINT ( 'NONE', #5210 ) ;
#512 = CARTESIAN_POINT ( 'NONE',  ( 0.2997145786366831599, -1.064486813177364155, 13.04374999999999751 ) ) ;
#513 = VECTOR ( 'NONE', #623, 1000.000000000000000 ) ;
#514 = DIRECTION ( 'NONE',  ( -0.4991391323160827009, 0.8665218558067349086, 0.000000000000000000 ) ) ;
#515 = CARTESIAN_POINT ( 'NONE',  ( 2.373531231228930949, 4.839067450537589465, -3.000000000000008438 ) ) ;
#516 = ORIENTED_EDGE ( 'NONE', *, *, #6432, .T. ) ;
#517 = DIRECTION ( 'NONE',  ( 2.565753199199158405E-18, 2.902514036010829075E-16, -1.000000000000000000 ) ) ;
#518 = CARTESIAN_POINT ( 'NONE',  ( -0.7338970930875372556, 0.7155557677481522161, 11.41115381056767575 ) ) ;
#519 = CARTESIAN_POINT ( 'NONE',  ( 0.9218726222051464303, 0.2595604389839207271, 13.54999999999999538 ) ) ;
#520 = EDGE_CURVE ( 'NONE', #5622, #5622, #2582, .T. ) ;
#521 = AXIS2_PLACEMENT_3D ( 'NONE', #5312, #6464, #3508 ) ;
#522 = ADVANCED_FACE ( 'NONE', ( #6366 ), #5171, .T. ) ;
#523 = ORIENTED_EDGE ( 'NONE', *, *, #7176, .T. ) ;
#524 = CARTESIAN_POINT ( 'NONE',  ( -0.3142264970239111999, -1.235009061298916855, 9.589062499999998934 ) ) ;
#525 = ORIENTED_EDGE ( 'NONE', *, *, #7183, .T. ) ;
#526 = LINE ( 'NONE', #5227, #6113 ) ;
#527 = CARTESIAN_POINT ( 'NONE',  ( -0.2997145786366769427, 1.064486813177378588, 11.91874999999999751 ) ) ;
#528 = CARTESIAN_POINT ( 'NONE',  ( 0.9218726222051469854, 0.2595604389839208936, 9.106249999999997513 ) ) ;
#529 = CARTESIAN_POINT ( 'NONE',  ( 0.000000000000000000, 0.000000000000000000, 12.00000000000000000 ) ) ;
#530 = CARTESIAN_POINT ( 'NONE',  ( -10.41304740207331569, 6.163900371885313589, 12.12185917597527407 ) ) ;
#531 = DIRECTION ( 'NONE',  ( -2.565753199199158405E-18, -2.902514036010829075E-16, 1.000000000000000000 ) ) ;
#532 = EDGE_LOOP ( 'NONE', ( #7185, #2688, #3588, #49, #7143, #7151 ) ) ;
#533 = CARTESIAN_POINT ( 'NONE',  ( 1.624517322911270156, -11.28365824843881882, -3.500000000000011990 ) ) ;
#534 = CIRCLE ( 'NONE', #7057, 6.000000000000000000 ) ;
#535 = AXIS2_PLACEMENT_3D ( 'NONE', #1944, #3129, #4291 ) ;
#536 = VERTEX_POINT ( 'NONE', #7538 ) ;
#537 = ADVANCED_FACE ( 'NONE', ( #3960 ), #4550, .F. ) ;
#538 = DIRECTION ( 'NONE',  ( 1.000000000000000000, 0.000000000000000000, 0.000000000000000000 ) ) ;
#539 = ORIENTED_EDGE ( 'NONE', *, *, #163, .T. ) ;
#540 = CIRCLE ( 'NONE', #1507, 5.700000000000001066 ) ;
#541 = VERTEX_POINT ( 'NONE', #498 ) ;
#542 = DIRECTION ( 'NONE',  ( 0.4991391323160827009, -0.8665218558067350196, -4.336808689942033513E-16 ) ) ;
#543 = CARTESIAN_POINT ( 'NONE',  ( 0.2527409261506037841, 0.9933514102514430233, 11.92009618943231786 ) ) ;
#544 = CARTESIAN_POINT ( 'NONE',  ( -0.7338970930875372556, 0.7155557677481522161, 11.54509618943231786 ) ) ;
#545 = DIRECTION ( 'NONE',  ( 0.4991391323160826454, -0.8665218558067350196, -4.336808689942007382E-16 ) ) ;
#546 =( BOUNDED_CURVE ( )  B_SPLINE_CURVE ( 2, ( #4290, #3697, #2820, #6300, #1097, #7504, #2705, #1021, #3385, #5020, #5180, #4518, #442, #1589, #7546, #4480, #7463, #2251, #6957, #2746, #6376, #5686, #4562, #6878, #323, #7380, #6795, #5142, #1670, #2175, #3929, #4605, #2780, #404, #3347, #5725, #5765, #4010, #7420, #5603, #2668, #364, #2138, #2215, #480, #2098, #5059, #3855, #4441, #6915, #1508, #5103, #1631, #6256, #6221, #3970, #940, #3270, #5645, #6338, #6836, #1548, #3891, #983, #3309, #1056, #5880, #2290, #1750, #3540, #518, #5946, #6525, #4123, #6996, #1856, #4680, #4085, #3466, #5913, #602, #5263, #7139, #634, #7107, #4641, #1707, #2395, #6487, #2971, #7070, #1823, #5334, #5846, #2937, #560, #6453, #5300, #670, #4785, #17, #4751, #3501, #4160, #4716, #5803, #2859, #4047, #51, #4201, #2362, #1785, #2434, #1235, #1203, #3574, #3005, #5366, #83, #7623, #3425, #6558, #2899, #2323, #5220, #7585, #6414, #7037, #1133, #1171, #202, #281, #6058, #3118, #1933, #5404, #5516, #1420, #2048, #3766, #5481, #6092, #1897, #3190, #1269, #164, #6133, #3686, #121, #7213, #1384, #5980, #857, #4359, #1973, #4825, #7334, #2510, #4281 ),
 .UNSPECIFIED., .F., .T. ) 
 B_SPLINE_CURVE_WITH_KNOTS ( ( 3, 2, 2, 2, 2, 2, 2, 2, 2, 2, 2, 2, 2, 2, 2, 2, 2, 2, 2, 2, 2, 2, 2, 2, 2, 2, 2, 2, 2, 2, 2, 2, 2, 2, 2, 2, 2, 2, 2, 2, 2, 2, 2, 2, 2, 2, 2, 2, 2, 2, 2, 2, 2, 2, 2, 2, 2, 2, 2, 2, 2, 2, 2, 2, 2, 2, 2, 2, 2, 2, 2, 2, 2, 2, 2, 2, 2, 2, 2, 3 ),
 ( 0.02759168696030267834, 0.03333333333333332593, 0.04444444444444450859, 0.05555555555555558023, 0.06666666666666676289, 0.07777777777777783452, 0.08888888888888892004, 0.1000000000000000888, 0.1111111111111111605, 0.1222222222222222321, 0.1333333333333334147, 0.1444444444444444864, 0.1555555555555555580, 0.1666666666666667407, 0.1777777777777778123, 0.1888888888888888840, 0.2000000000000000944, 0.2111111111111111382, 0.2222222222222223209, 0.2333333333333333925, 0.2444444444444444642, 0.2555555555555556468, 0.2666666666666667740, 0.2777777777777777901, 0.2888888888888889728, 0.3000000000000000444, 0.3111111111111111160, 0.3222222222222222987, 0.3333333333333333703, 0.3444444444444444420, 0.3555555555555556246, 0.3666666666666666963, 0.3777777777777778789, 0.3888888888888889506, 0.4000000000000000222, 0.4111111111111112049, 0.4222222222222222765, 0.4333333333333334036, 0.4444444444444445308, 0.4555555555555556024, 0.4666666666666667296, 0.4777777777777777457, 0.4888888888888889284, 0.5000000000000000000, 0.5111111111111111827, 0.5222222222222222543, 0.5333333333333334370, 0.5444444444444445086, 0.5555555555555555802, 0.5666666666666666519, 0.5777777777777778345, 0.5888888888888890172, 0.6000000000000000888, 0.6111111111111111605, 0.6222222222222222321, 0.6333333333333334147, 0.6444444444444444864, 0.6555555555555556690, 0.6666666666666667407, 0.6777777777777778123, 0.6888888888888888840, 0.7000000000000000666, 0.7111111111111111382, 0.7222222222222223209, 0.7333333333333333925, 0.7444444444444444642, 0.7555555555555555358, 0.7666666666666667185, 0.7777777777777779011, 0.7888888888888889728, 0.8000000000000000444, 0.8111111111111111160, 0.8222222222222222987, 0.8333333333333333703, 0.8444444444444445530, 0.8555555555555556246, 0.8666666666666668073, 0.8777777777777777679, 0.8888888888888889506, 0.8997716794881119862 ),
 .UNSPECIFIED. ) 
 CURVE ( )  GEOMETRIC_REPRESENTATION_ITEM ( )  RATIONAL_B_SPLINE_CURVE ( ( 0.9330878619938596241, 0.9307688721004607757, 1.000000000000000000, 0.8660254037844387076, 1.000000000000000000, 0.8660254037844387076, 1.000000000000000000, 0.8660254037844387076, 1.000000000000000000, 0.8660254037844387076, 1.000000000000000000, 0.8660254037844387076, 1.000000000000000000, 0.8660254037844387076, 1.000000000000000000, 0.8660254037844387076, 1.000000000000000000, 0.8660254037844387076, 1.000000000000000000, 0.8660254037844387076, 1.000000000000000000, 0.8660254037844387076, 1.000000000000000000, 0.8660254037844387076, 1.000000000000000000, 0.8660254037844387076, 1.000000000000000000, 0.8660254037844387076, 1.000000000000000000, 0.8660254037844387076, 1.000000000000000000, 0.8660254037844387076, 1.000000000000000000, 0.8660254037844387076, 1.000000000000000000, 0.8660254037844387076, 1.000000000000000000, 0.8660254037844387076, 1.000000000000000000, 0.8660254037844387076, 1.000000000000000000, 0.8660254037844387076, 1.000000000000000000, 0.8660254037844387076, 1.000000000000000000, 0.8660254037844387076, 1.000000000000000000, 0.8660254037844387076, 1.000000000000000000, 0.8660254037844387076, 1.000000000000000000, 0.8660254037844387076, 1.000000000000000000, 0.8660254037844387076, 1.000000000000000000, 0.8660254037844387076, 1.000000000000000000, 0.8660254037844387076, 1.000000000000000000, 0.8660254037844387076, 1.000000000000000000, 0.8660254037844387076, 1.000000000000000000, 0.8660254037844387076, 1.000000000000000000, 0.8660254037844387076, 1.000000000000000000, 0.8660254037844387076, 1.000000000000000000, 0.8660254037844387076, 1.000000000000000000, 0.8660254037844387076, 1.000000000000000000, 0.8660254037844387076, 1.000000000000000000, 0.8660254037844387076, 1.000000000000000000, 0.8660254037844387076, 1.000000000000000000, 0.8660254037844387076, 1.000000000000000000, 0.8660254037844387076, 1.000000000000000000, 0.8660254037844387076, 1.000000000000000000, 0.8660254037844387076, 1.000000000000000000, 0.8660254037844387076, 1.000000000000000000, 0.8660254037844387076, 1.000000000000000000, 0.8660254037844387076, 1.000000000000000000, 0.8660254037844387076, 1.000000000000000000, 0.8660254037844387076, 1.000000000000000000, 0.8660254037844387076, 1.000000000000000000, 0.8660254037844387076, 1.000000000000000000, 0.8660254037844387076, 1.000000000000000000, 0.8660254037844387076, 1.000000000000000000, 0.8660254037844387076, 1.000000000000000000, 0.8660254037844387076, 1.000000000000000000, 0.8660254037844387076, 1.000000000000000000, 0.8660254037844387076, 1.000000000000000000, 0.8660254037844387076, 1.000000000000000000, 0.8660254037844387076, 1.000000000000000000, 0.8660254037844387076, 1.000000000000000000, 0.8660254037844387076, 1.000000000000000000, 0.8660254037844387076, 1.000000000000000000, 0.8660254037844387076, 1.000000000000000000, 0.8660254037844387076, 1.000000000000000000, 0.8660254037844387076, 1.000000000000000000, 0.8660254037844387076, 1.000000000000000000, 0.8660254037844387076, 1.000000000000000000, 0.8660254037844387076, 1.000000000000000000, 0.8660254037844387076, 1.000000000000000000, 0.8660254037844387076, 1.000000000000000000, 0.8660254037844387076, 1.000000000000000000, 0.8660254037844387076, 1.000000000000000000, 0.8660254037844387076, 1.000000000000000000, 0.8660254037844387076, 1.000000000000000000, 0.8660254037844387076, 1.000000000000000000, 0.8660254037844387076, 1.000000000000000000, 0.8660254037844387076, 1.000000000000000000, 0.8660254037844387076, 1.000000000000000000, 0.8660254037844387076, 1.000000000000000000, 0.8687784271393523827, 0.9946070961964665891 ) ) 
 REPRESENTATION_ITEM ( '' )  );
#547 = VECTOR ( 'NONE', #7204, 999.9999999999998863 ) ;
#548 = CARTESIAN_POINT ( 'NONE',  ( 0.9124359724768875690, -0.8896326596143604437, 9.242187499999996447 ) ) ;
#549 = CARTESIAN_POINT ( 'NONE',  ( -10.18465572053226431, 7.073385883311427591, 16.00000000000000000 ) ) ;
#550 = DIRECTION ( 'NONE',  ( -0.4991391323160825899, 0.8665218558067350196, 0.000000000000000000 ) ) ;
#551 = DIRECTION ( 'NONE',  ( 0.000000000000000000, 0.000000000000000000, 1.000000000000000000 ) ) ;
#552 = DIRECTION ( 'NONE',  ( 0.1321486423538328903, -0.6946486423538432708, 0.7071067811865482389 ) ) ;
#553 = CARTESIAN_POINT ( 'NONE',  ( -1.147023408217117790, 0.2918400834965767521, 8.882596189432319989 ) ) ;
#554 = VERTEX_POINT ( 'NONE', #1580 ) ;
#555 = CARTESIAN_POINT ( 'NONE',  ( -11.80910002435087591, 7.230747688335866563, 12.02595618149639201 ) ) ;
#556 = CARTESIAN_POINT ( 'NONE',  ( 0.7720153328868069043, 0.7918038455726068570, 9.987499999999997158 ) ) ;
#557 = CARTESIAN_POINT ( 'NONE',  ( 2.407412430484044816E-32, 2.407412430484044816E-32, 0.000000000000000000 ) ) ;
#558 = EDGE_LOOP ( 'NONE', ( #997 ) ) ;
#559 = CARTESIAN_POINT ( 'NONE',  ( 10.75007685644519562, -1.801623595685723167, -3.000000000000490274 ) ) ;
#560 = CARTESIAN_POINT ( 'NONE',  ( -0.3207707779579565543, 1.139271451999727569, 10.47365381056767752 ) ) ;
#561 = CARTESIAN_POINT ( 'NONE',  ( 1.071729911523486845, -0.2726829676047643480, 12.61249999999999716 ) ) ;
#562 = CARTESIAN_POINT ( 'NONE',  ( -1.226662469500796160, -0.3453764016845492502, 13.59218749999999432 ) ) ;
#563 = ORIENTED_EDGE ( 'NONE', *, *, #5099, .T. ) ;
#564 = FACE_OUTER_BOUND ( 'NONE', #5338, .T. ) ;
#565 = CARTESIAN_POINT ( 'NONE',  ( -0.6857222450800786184, 0.6685848903910791563, 12.40624999999999645 ) ) ;
#566 = CARTESIAN_POINT ( 'NONE',  ( -0.2361503771250582084, -0.9281453293749780675, 11.20624999999999716 ) ) ;
#567 = CARTESIAN_POINT ( 'NONE',  ( 6.316388033404771285, 9.490329605690709158, -3.982004276006795518 ) ) ;
#568 = EDGE_CURVE ( 'NONE', #6970, #2651, #5754, .T. ) ;
#569 = CARTESIAN_POINT ( 'NONE',  ( 5.599574727274905683, 1.065252492916160199, 16.00000000000000000 ) ) ;
#570 = DIRECTION ( 'NONE',  ( 0.4991391323160827009, -0.8665218558067350196, -4.336808689942033513E-16 ) ) ;
#571 = EDGE_LOOP ( 'NONE', ( #2430 ) ) ;
#572 = VERTEX_POINT ( 'NONE', #1539 ) ;
#573 = CARTESIAN_POINT ( 'NONE',  ( -11.22250899957440140, -7.653408946381849098, 12.74772818323394930 ) ) ;
#574 = ORIENTED_EDGE ( 'NONE', *, *, #4918, .T. ) ;
#575 = EDGE_CURVE ( 'NONE', #3351, #6658, #7456, .T. ) ;
#576 = CARTESIAN_POINT ( 'NONE',  ( -7.859052248806893459, 1.495091218127946320, 12.00000000000000000 ) ) ;
#577 =( NAMED_UNIT ( * ) SI_UNIT ( $, .STERADIAN. ) SOLID_ANGLE_UNIT ( ) );
#578 = CYLINDRICAL_SURFACE ( 'NONE', #2185, 11.00000000000000000 ) ;
#579 = CARTESIAN_POINT ( 'NONE',  ( -0.8262526302591581828, -0.8474313685031431564, 12.55759618943231715 ) ) ;
#580 = ORIENTED_EDGE ( 'NONE', *, *, #3665, .T. ) ;
#581 = VECTOR ( 'NONE', #6196, 1000.000000000000000 ) ;
#582 = CARTESIAN_POINT ( 'NONE',  ( 6.261837716857137082, -10.35416071697660989, 12.19403295125577991 ) ) ;
#583 = CARTESIAN_POINT ( 'NONE',  ( 0.3142264970239181388, 1.235009061298932398, 8.942187499999997513 ) ) ;
#584 = CIRCLE ( 'NONE', #3513, 12.09999999999999964 ) ;
#585 = DIRECTION ( 'NONE',  ( 1.000000000000000000, 0.000000000000000000, 0.000000000000000000 ) ) ;
#586 = AXIS2_PLACEMENT_3D ( 'NONE', #5817, #531, #570 ) ;
#587 = FACE_OUTER_BOUND ( 'NONE', #6383, .T. ) ;
#588 = ADVANCED_FACE ( 'NONE', ( #2129 ), #4594, .F. ) ;
#589 = DIRECTION ( 'NONE',  ( 1.000000000000000000, 0.000000000000000000, 0.000000000000000000 ) ) ;
#590 = VECTOR ( 'NONE', #3029, 1000.000000000000114 ) ;
#591 = CARTESIAN_POINT ( 'NONE',  ( 6.177585487843401779, 1.444796712477781853, -6.000000000000007105 ) ) ;
#592 = EDGE_CURVE ( 'NONE', #6561, #6530, #2772, .T. ) ;
#593 = ORIENTED_EDGE ( 'NONE', *, *, #2561, .F. ) ;
#594 = CIRCLE ( 'NONE', #337, 11.40000000000000036 ) ;
#595 = FACE_OUTER_BOUND ( 'NONE', #1821, .T. ) ;
#596 = ADVANCED_FACE ( 'NONE', ( #1662 ), #1048, .F. ) ;
#597 = CARTESIAN_POINT ( 'NONE',  ( 0.6857222450800849467, -0.6685848903910641683, 10.32499999999999751 ) ) ;
#598 = DIRECTION ( 'NONE',  ( 2.565753199199158405E-18, 2.902514036010829075E-16, -1.000000000000000000 ) ) ;
#599 = ORIENTED_EDGE ( 'NONE', *, *, #497, .T. ) ;
#600 = DIRECTION ( 'NONE',  ( 2.565753199199158405E-18, 2.902514036010829075E-16, -1.000000000000000000 ) ) ;
#601 = EDGE_CURVE ( 'NONE', #2522, #47, #394, .T. ) ;
#602 = CARTESIAN_POINT ( 'NONE',  ( -0.9866380192381382086, -0.2777956425032831467, 11.03615381056767752 ) ) ;
#603 = FACE_OUTER_BOUND ( 'NONE', #6388, .T. ) ;
#604 = ORIENTED_EDGE ( 'NONE', *, *, #6978, .F. ) ;
#605 = DIRECTION ( 'NONE',  ( 0.4991391323160826454, -0.8665218558067351307, -2.502285170733345670E-16 ) ) ;
#606 = CARTESIAN_POINT ( 'NONE',  ( -0.9218726222051401020, -0.2595604389839063497, 13.83124999999999716 ) ) ;
#607 = B_SPLINE_CURVE_WITH_KNOTS ( 'NONE', 3,
 ( #2970, #5332, #4750, #1822, #2857, #5219, #7584, #7137, #1855, #3764 ),
 .UNSPECIFIED., .F., .F.,
 ( 4, 2, 2, 2, 4 ),
 ( 0.000000000000000000, 0.0004045946928291428886, 0.0008091893856582857772, 0.001213784078487428666, 0.001618378771316571554 ),
 .UNSPECIFIED. ) ;
#608 = CARTESIAN_POINT ( 'NONE',  ( -0.7720153328868000209, -0.7918038455725919800, 12.51874999999999716 ) ) ;
#609 = LINE ( 'NONE', #4651, #7047 ) ;
#610 = LINE ( 'NONE', #7118, #5337 ) ;
#611 = EDGE_LOOP ( 'NONE', ( #1664, #1998, #710, #1408 ) ) ;
#612 = CONICAL_SURFACE ( 'NONE', #2691, 2.000000000000000000, 0.7853981633974469467 ) ;
#613 = VERTEX_POINT ( 'NONE', #3301 ) ;
#614 = DIRECTION ( 'NONE',  ( 2.565753199199158405E-18, 2.902514036010829075E-16, -1.000000000000000000 ) ) ;
#615 = CARTESIAN_POINT ( 'NONE',  ( 1.226662469500802599, 0.3453764016845636275, 10.63906249999999964 ) ) ;
#616 = VERTEX_POINT ( 'NONE', #3335 ) ;
#617 = FACE_BOUND ( 'NONE', #4797, .T. ) ;
#618 = CARTESIAN_POINT ( 'NONE',  ( 2.246126095422371627, -3.899348351130315748, -1.500000000000009326 ) ) ;
#619 = CARTESIAN_POINT ( 'NONE',  ( 0.9866380192381446479, 0.2777956425032975796, 11.84509618943231679 ) ) ;
#620 = B_SPLINE_CURVE_WITH_KNOTS ( 'NONE', 3,
 ( #6642, #6678, #5489, #6715, #6141, #6022 ),
 .UNSPECIFIED., .F., .F.,
 ( 4, 2, 4 ),
 ( 1.971102454279640698E-07, 0.0004016241971379697962, 0.0008030512840305116138 ),
 .UNSPECIFIED. ) ;
#621 = CIRCLE ( 'NONE', #4920, 2.299999999999998046 ) ;
#622 = LINE ( 'NONE', #2272, #2616 ) ;
#623 = DIRECTION ( 'NONE',  ( 0.7071067811865483499, 0.7071067811865467956, 0.000000000000000000 ) ) ;
#624 = FACE_OUTER_BOUND ( 'NONE', #2377, .T. ) ;
#625 = AXIS2_PLACEMENT_3D ( 'NONE', #5558, #4434, #2550 ) ;
#626 = B_SPLINE_CURVE_WITH_KNOTS ( 'NONE', 3,
 ( #2381, #145, #3026, #2492, #7093, #1811, #4150, #658, #1224, #71 ),
 .UNSPECIFIED., .F., .F.,
 ( 4, 2, 2, 2, 4 ),
 ( 0.000000000000000000, 0.0003977276999103998285, 0.0007954553998207996570, 0.001193183099731198564, 0.001590910799641597579 ),
 .UNSPECIFIED. ) ;
#627 = EDGE_LOOP ( 'NONE', ( #5408, #1629, #1754, #2388, #5223, #4936, #4185 ) ) ;
#628 = CARTESIAN_POINT ( 'NONE',  ( 0.2997145786366836040, -1.064486813177363933, 8.487499999999998934 ) ) ;
#629 = CARTESIAN_POINT ( 'NONE',  ( 1.071729911523486845, -0.2726829676047642370, 9.462499999999998579 ) ) ;
#630 = DIRECTION ( 'NONE',  ( -0.2597788150710226840, -0.9656681455035656114, 0.000000000000000000 ) ) ;
#631 = ORIENTED_EDGE ( 'NONE', *, *, #4691, .T. ) ;
#632 = AXIS2_PLACEMENT_3D ( 'NONE', #740, #5403, #200 ) ;
#633 = DIRECTION ( 'NONE',  ( 0.6828304940614078333, -0.1836913617453296566, 0.7071067811865475727 ) ) ;
#634 = CARTESIAN_POINT ( 'NONE',  ( -0.3207707779579566099, 1.139271451999727569, 10.92365381056767681 ) ) ;
#635 = LINE ( 'NONE', #5482, #7588 ) ;
#636 = ORIENTED_EDGE ( 'NONE', *, *, #575, .T. ) ;
#637 = AXIS2_PLACEMENT_3D ( 'NONE', #3915, #391, #6246 ) ;
#638 = ORIENTED_EDGE ( 'NONE', *, *, #2189, .F. ) ;
#639 = ADVANCED_FACE ( 'NONE', ( #1122 ), #3414, .T. ) ;
#640 = DIRECTION ( 'NONE',  ( 2.565753199199158405E-18, 2.902514036010829075E-16, -1.000000000000000000 ) ) ;
#641 = ORIENTED_EDGE ( 'NONE', *, *, #4774, .F. ) ;
#642 = CARTESIAN_POINT ( 'NONE',  ( -0.6981962715889284965, 10.87761563792079578, -3.000000000000051070 ) ) ;
#643 = CARTESIAN_POINT ( 'NONE',  ( -0.9218726222051401020, -0.2595604389839064052, 12.93124999999999858 ) ) ;
#644 = CARTESIAN_POINT ( 'NONE',  ( -0.2361503771250582917, -0.9281453293749780675, 12.10624999999999751 ) ) ;
#645 = CARTESIAN_POINT ( 'NONE',  ( -4.489023189881713449, 4.832046233295393733, -5.500000000000005329 ) ) ;
#646 = VECTOR ( 'NONE', #2369, 1000.000000000000114 ) ;
#647 = DIRECTION ( 'NONE',  ( 0.7071067811865532349, 0.7071067811865417996, 0.000000000000000000 ) ) ;
#648 = ORIENTED_EDGE ( 'NONE', *, *, #2719, .T. ) ;
#649 = EDGE_CURVE ( 'NONE', #6655, #6542, #3375, .T. ) ;
#650 = EDGE_LOOP ( 'NONE', ( #3609, #4101, #2103, #227 ) ) ;
#651 = CARTESIAN_POINT ( 'NONE',  ( 13.54302093178399424, 0.7522829410906225478, -3.524371772418393611 ) ) ;
#652 = CARTESIAN_POINT ( 'NONE',  ( 0.3988063169686491549, -1.416427813942187308, 11.87656250000000036 ) ) ;
#653 = EDGE_LOOP ( 'NONE', ( #2982 ) ) ;
#654 = CARTESIAN_POINT ( 'NONE',  ( -10.89770954411501513, 3.144649813896278623, -2.736706536256850786 ) ) ;
#655 = DIRECTION ( 'NONE',  ( 0.000000000000000000, 0.000000000000000000, 1.000000000000000000 ) ) ;
#656 = CARTESIAN_POINT ( 'NONE',  ( 1.147023408217124452, -0.2918400834965618196, 11.80759618943232070 ) ) ;
#657 = ORIENTED_EDGE ( 'NONE', *, *, #497, .F. ) ;
#658 = CARTESIAN_POINT ( 'NONE',  ( 0.7522829410905825798, -13.54302093178401378, -3.524371772418398940 ) ) ;
#659 = VECTOR ( 'NONE', #3050, 1000.000000000000000 ) ;
#660 = AXIS2_PLACEMENT_3D ( 'NONE', #1143, #681, #5345 ) ;
#661 = CARTESIAN_POINT ( 'NONE',  ( 10.90702677038170521, -7.371492864448926596, 13.90015215998916531 ) ) ;
#662 = CARTESIAN_POINT ( 'NONE',  ( -6.232706652077832032, 3.121436814857014408, 16.00000000000000000 ) ) ;
#663 = CYLINDRICAL_SURFACE ( 'NONE', #7072, 2.000000000000000000 ) ;
#664 = CARTESIAN_POINT ( 'NONE',  ( -7.671197568849791537, -11.19348831161488356, -3.500000000000011990 ) ) ;
#665 = EDGE_CURVE ( 'NONE', #1572, #1427, #395, .T. ) ;
#666 = ORIENTED_EDGE ( 'NONE', *, *, #4835, .F. ) ;
#667 = CARTESIAN_POINT ( 'NONE',  ( -0.6857222450800782854, 0.6685848903910791563, 9.649999999999996803 ) ) ;
#668 = CARTESIAN_POINT ( 'NONE',  ( 0.5288561568807583768, 5.076717686546368569, -2.923194615647151551 ) ) ;
#669 = PLANE ( 'NONE',  #1854 ) ;
#670 = CARTESIAN_POINT ( 'NONE',  ( 0.9866380192381448699, 0.2777956425032976906, 10.36115381056767681 ) ) ;
#671 = EDGE_CURVE ( 'NONE', #3111, #5727, #2387, .T. ) ;
#672 = CIRCLE ( 'NONE', #5591, 1.249999999999989120 ) ;
#673 = ORIENTED_EDGE ( 'NONE', *, *, #6229, .T. ) ;
#674 = EDGE_CURVE ( 'NONE', #3481, #7193, #109, .T. ) ;
#675 = FACE_BOUND ( 'NONE', #381, .T. ) ;
#676 = ORIENTED_EDGE ( 'NONE', *, *, #1618, .F. ) ;
#677 = CARTESIAN_POINT ( 'NONE',  ( -0.1147417986137888174, -13.89952640630791691, -4.500000000000012434 ) ) ;
#678 = CARTESIAN_POINT ( 'NONE',  ( 0.7720153328868065712, 0.7918038455726066349, 13.19374999999999787 ) ) ;
#679 = CARTESIAN_POINT ( 'NONE',  ( 0.2361503771250646200, 0.9281453293749930555, 11.43124999999999680 ) ) ;
#680 = CARTESIAN_POINT ( 'NONE',  ( -3.121436814856944242, 6.232706652077872000, 16.00000000000000000 ) ) ;
#681 = DIRECTION ( 'NONE',  ( -2.565753199199158405E-18, -2.902514036010829075E-16, 1.000000000000000000 ) ) ;
#682 = ADVANCED_FACE ( 'NONE', ( #1849 ), #4669, .F. ) ;
#683 = ORIENTED_EDGE ( 'NONE', *, *, #1519, .F. ) ;
#684 = ORIENTED_EDGE ( 'NONE', *, *, #6562, .F. ) ;
#685 = CARTESIAN_POINT ( 'NONE',  ( -11.17590661562904053, -7.640372709696260145, 12.87350621807376250 ) ) ;
#686 = CARTESIAN_POINT ( 'NONE',  ( 0.9124359724768874580, -0.8896326596143604437, 11.01406249999999787 ) ) ;
#687 = CARTESIAN_POINT ( 'NONE',  ( -11.00480865414059473, 2.745037675134006427, -2.737344913814709457 ) ) ;
#688 = DIRECTION ( 'NONE',  ( -0.000000000000000000, -0.000000000000000000, -1.000000000000000000 ) ) ;
#689 = COORDINATED_UNIVERSAL_TIME_OFFSET ( 6, 0, .BEHIND. ) ;
#690 = CARTESIAN_POINT ( 'NONE',  ( -0.8262526302591581828, -0.8474313685031431564, 13.00759618943231821 ) ) ;
#691 = ORIENTED_EDGE ( 'NONE', *, *, #5615, .F. ) ;
#692 = CARTESIAN_POINT ( 'NONE',  ( 0.000000000000000000, 0.000000000000000000, 16.00000000000000000 ) ) ;
#693 = CARTESIAN_POINT ( 'NONE',  ( 9.490329605690698500, -6.316388033404813029, -3.982004276006799071 ) ) ;
#694 = DIRECTION ( 'NONE',  ( 0.4991391323160827009, -0.8665218558067350196, -2.387234141252486967E-16 ) ) ;
#695 = DIRECTION ( 'NONE',  ( 1.000000000000000000, 0.000000000000000000, 0.000000000000000000 ) ) ;
#696 = CARTESIAN_POINT ( 'NONE',  ( 2.407412430484044816E-32, 2.407412430484044816E-32, 0.2000000000000005107 ) ) ;
#697 = AXIS2_PLACEMENT_3D ( 'NONE', #1443, #4264, #3670 ) ;
#698 = CARTESIAN_POINT ( 'NONE',  ( 1.495091218128028698, 7.859052248806878360, -5.729735577732635754 ) ) ;
#699 = ORIENTED_EDGE ( 'NONE', *, *, #4682, .T. ) ;
#700 = VECTOR ( 'NONE', #4167, 1000.000000000000114 ) ;
#701 = CARTESIAN_POINT ( 'NONE',  ( -1.071729911523479961, 0.2726829676047792805, 10.13749999999999929 ) ) ;
#702 = CARTESIAN_POINT ( 'NONE',  ( -0.6857222450800785074, 0.6685848903910791563, 10.54999999999999716 ) ) ;
#703 = CARTESIAN_POINT ( 'NONE',  ( -1.973508223914144224E-16, -7.577152131620420567E-15, -6.000000000000007994 ) ) ;
#704 = CARTESIAN_POINT ( 'NONE',  ( -1.495091218127973853, -7.859052248806888130, 12.00000000000000000 ) ) ;
#705 = CARTESIAN_POINT ( 'NONE',  ( 0.6857222450800845026, -0.6685848903910643903, 13.92499999999999716 ) ) ;
#706 = ORIENTED_EDGE ( 'NONE', *, *, #5459, .T. ) ;
#707 = VERTEX_POINT ( 'NONE', #3000 ) ;
#708 = EDGE_CURVE ( 'NONE', #7288, #1741, #7100, .T. ) ;
#709 = CARTESIAN_POINT ( 'NONE',  ( 0.9124359724768871249, -0.8896326596143606658, 13.74218749999999645 ) ) ;
#710 = ORIENTED_EDGE ( 'NONE', *, *, #5709, .F. ) ;
#711 = CARTESIAN_POINT ( 'NONE',  ( 13.03343818998276049, 0.1182485631700051359, -5.500000000000007105 ) ) ;
#712 = CARTESIAN_POINT ( 'NONE',  ( -0.2361503771250578476, -0.9281453293749778455, 7.999999999999996447 ) ) ;
#713 = CARTESIAN_POINT ( 'NONE',  ( 1.071729911523486845, -0.2726829676047643480, 12.21874999999999822 ) ) ;
#714 = CARTESIAN_POINT ( 'NONE',  ( 6.646817526710300683, 9.262607663739585107, -3.617720268044716025 ) ) ;
#715 = CARTESIAN_POINT ( 'NONE',  ( 9.567717250745632285, -6.198289006635990361, -2.500000000000010214 ) ) ;
#716 = VERTEX_POINT ( 'NONE', #4193 ) ;
#717 = EDGE_CURVE ( 'NONE', #757, #7591, #5737, .T. ) ;
#718 = ORIENTED_EDGE ( 'NONE', *, *, #6618, .T. ) ;
#719 = CARTESIAN_POINT ( 'NONE',  ( 1.927630785229556887, -6.307474895378930135, -3.000000000000009770 ) ) ;
#720 = CARTESIAN_POINT ( 'NONE',  ( 1.426065627985125595, -0.3628375052865329686, 9.279687499999996092 ) ) ;
#721 = CARTESIAN_POINT ( 'NONE',  ( -0.3988063169686431597, 1.416427813942202185, 12.10156249999999822 ) ) ;
#722 = CALENDAR_DATE ( 2026, 4, 2 ) ;
#723 = CARTESIAN_POINT ( 'NONE',  ( 0.07009473013389351526, -13.21243901664417919, -4.833351618763593649 ) ) ;
#724 = CARTESIAN_POINT ( 'NONE',  ( 7.016205697400440755, -10.26858420573998565, 15.90022110176779435 ) ) ;
#725 = EDGE_CURVE ( 'NONE', #2610, #2610, #2080, .T. ) ;
#726 = ORIENTED_EDGE ( 'NONE', *, *, #5099, .F. ) ;
#727 = DIRECTION ( 'NONE',  ( -2.565753199199158405E-18, -2.902514036010829075E-16, 1.000000000000000000 ) ) ;
#728 = AXIS2_PLACEMENT_3D ( 'NONE', #4789, #640, #3503 ) ;
#729 = EDGE_CURVE ( 'NONE', #1799, #4216, #7289, .T. ) ;
#730 = CARTESIAN_POINT ( 'NONE',  ( 9.112444687665242071, -6.851236076796094032, -3.523742307847136601 ) ) ;
#731 = CARTESIAN_POINT ( 'NONE',  ( 0.000000000000000000, 0.000000000000000000, 15.50000000000000000 ) ) ;
#732 = CARTESIAN_POINT ( 'NONE',  ( -10.20284345136207982, -6.507611580905976467, 12.46917019741645305 ) ) ;
#733 = LINE ( 'NONE', #5001, #7016 ) ;
#734 = ORIENTED_EDGE ( 'NONE', *, *, #2752, .T. ) ;
#735 = CARTESIAN_POINT ( 'NONE',  ( 0.6857222450800849467, -0.6685848903910641683, 9.874999999999996447 ) ) ;
#736 = ADVANCED_FACE ( 'NONE', ( #4780 ), #5974, .F. ) ;
#737 = EDGE_CURVE ( 'NONE', #4787, #4457, #1739, .T. ) ;
#738 = CARTESIAN_POINT ( 'NONE',  ( 1.071729911523486845, -0.2726829676047643480, 12.16249999999999787 ) ) ;
#739 = CARTESIAN_POINT ( 'NONE',  ( 0.2997145786366835485, -1.064486813177363933, 8.937500000000000000 ) ) ;
#740 = CARTESIAN_POINT ( 'NONE',  ( 0.000000000000000000, 0.000000000000000000, 16.00000000000000000 ) ) ;
#741 = CIRCLE ( 'NONE', #3427, 5.000000000000000000 ) ;
#742 = CARTESIAN_POINT ( 'NONE',  ( -10.43465397290603391, 6.899120066973257970, 15.69999999999699725 ) ) ;
#743 = DIRECTION ( 'NONE',  ( 0.7071067811865491270, -0.7071067811865459074, 0.000000000000000000 ) ) ;
#744 = ORIENTED_EDGE ( 'NONE', *, *, #767, .F. ) ;
#745 = CIRCLE ( 'NONE', #632, 12.40000000000000036 ) ;
#746 = DIRECTION ( 'NONE',  ( -0.7071067811865483499, -0.7071067811865467956, 0.000000000000000000 ) ) ;
#747 = VERTEX_POINT ( 'NONE', #5905 ) ;
#748 = DIRECTION ( 'NONE',  ( -2.565753199199158405E-18, -2.902514036010829075E-16, 1.000000000000000000 ) ) ;
#749 = CARTESIAN_POINT ( 'NONE',  ( 0.2361503771250644812, 0.9281453293749930555, 12.78124999999999822 ) ) ;
#750 = CARTESIAN_POINT ( 'NONE',  ( 10.94131217443760384, -2.162672587523365664, -2.935745563025905724 ) ) ;
#751 = EDGE_CURVE ( 'NONE', #1827, #3578, #3032, .T. ) ;
#752 = FACE_OUTER_BOUND ( 'NONE', #1230, .T. ) ;
#753 = DIRECTION ( 'NONE',  ( -0.4991391323160829230, 0.8665218558067350196, 0.000000000000000000 ) ) ;
#754 = VECTOR ( 'NONE', #2805, 1000.000000000000000 ) ;
#755 = EDGE_CURVE ( 'NONE', #5717, #7193, #3294, .T. ) ;
#756 = VERTEX_POINT ( 'NONE', #591 ) ;
#757 = VERTEX_POINT ( 'NONE', #2928 ) ;
#758 = VECTOR ( 'NONE', #7225, 1000.000000000000000 ) ;
#759 = DIRECTION ( 'NONE',  ( 0.9656681455035655004, -0.2597788150710230726, -7.292349956650012203E-17 ) ) ;
#760 = CARTESIAN_POINT ( 'NONE',  ( 1.027259311016479826, 1.053590308655661278, 10.70468749999999858 ) ) ;
#761 = CARTESIAN_POINT ( 'NONE',  ( -1.027259311016472498, -1.053590308655646623, 10.90156250000000071 ) ) ;
#762 = DIRECTION ( 'NONE',  ( -0.7071067811865383579, 0.7071067811865566766, 0.000000000000000000 ) ) ;
#763 = APPROVAL_ROLE ( '' ) ;
#764 = CARTESIAN_POINT ( 'NONE',  ( -6.156271072842398162, -11.33623952100889909, -6.000000000000011546 ) ) ;
#765 = ORIENTED_EDGE ( 'NONE', *, *, #3281, .T. ) ;
#766 = B_SPLINE_CURVE_WITH_KNOTS ( 'NONE', 3,
 ( #6946, #4034, #1120, #3530, #1661, #1163, #5869, #3567, #1815, #3457, #6515, #1227, #1738, #5939, #6444, #2926, #5292, #1335 ),
 .UNSPECIFIED., .F., .F.,
 ( 4, 2, 2, 2, 2, 2, 2, 2, 4 ),
 ( 0.001582351279899270715, 0.001924713907764862182, 0.002267076535630453433, 0.002609439163496044684, 0.002951801791361636368, 0.003294164419227227619, 0.003636527047092818869, 0.003978889674958409686, 0.004321252302824000503 ),
 .UNSPECIFIED. ) ;
#767 = EDGE_CURVE ( 'NONE', #6087, #5779, #5159, .T. ) ;
#768 = CARTESIAN_POINT ( 'NONE',  ( 6.899120066972431964, -10.43465397290526830, 15.69999999999999929 ) ) ;
#769 = VERTEX_POINT ( 'NONE', #1923 ) ;
#770 = CARTESIAN_POINT ( 'NONE',  ( 0.000000000000000000, 0.000000000000000000, 12.00000000000000000 ) ) ;
#771 = CARTESIAN_POINT ( 'NONE',  ( 6.717514421272213099, 6.717514421272197112, 12.00000000000000000 ) ) ;
#772 = DIRECTION ( 'NONE',  ( -0.9656681455035658335, 0.2597788150710219068, 0.000000000000000000 ) ) ;
#773 = CARTESIAN_POINT ( 'NONE',  ( 0.000000000000000000, 0.000000000000000000, 12.00000000000000000 ) ) ;
#774 = ORIENTED_EDGE ( 'NONE', *, *, #4523, .F. ) ;
#775 = CARTESIAN_POINT ( 'NONE',  ( 0.7720153328868069043, 0.7918038455726068570, 9.987499999999997158 ) ) ;
#776 = VECTOR ( 'NONE', #3177, 999.9999999999998863 ) ;
#777 = CARTESIAN_POINT ( 'NONE',  ( -0.7720153328868000209, -0.7918038455725919800, 12.46249999999999858 ) ) ;
#778 = CARTESIAN_POINT ( 'NONE',  ( -0.2997145786366766096, 1.064486813177378810, 9.162499999999999645 ) ) ;
#779 = DIRECTION ( 'NONE',  ( 1.000000000000000000, 0.000000000000000000, 0.000000000000000000 ) ) ;
#780 = DIRECTION ( 'NONE',  ( -0.4991391323160825899, 0.8665218558067351307, 2.556727654556163447E-16 ) ) ;
#781 = CARTESIAN_POINT ( 'NONE',  ( 2.257004256625574801, 10.96928751539017455, -2.904176135331580255 ) ) ;
#782 = DIRECTION ( 'NONE',  ( 1.000000000000000000, 0.000000000000000000, 0.000000000000000000 ) ) ;
#783 = CARTESIAN_POINT ( 'NONE',  ( -6.958114565250994588, 10.35192058128866321, 15.80021675202822351 ) ) ;
#784 = CONICAL_SURFACE ( 'NONE', #3472, 5.500000000000000000, 0.2617993877991497409 ) ;
#785 =( BOUNDED_CURVE ( )  B_SPLINE_CURVE ( 3, ( #6883, #4611, #5732, #1640 ),
 .UNSPECIFIED., .F., .T. ) 
 B_SPLINE_CURVE_WITH_KNOTS ( ( 4, 4 ),
 ( 4.674637054847211814, 4.713013727246651463 ),
 .UNSPECIFIED. ) 
 CURVE ( )  GEOMETRIC_REPRESENTATION_ITEM ( )  RATIONAL_B_SPLINE_CURVE ( ( 1.000000000000000000, 0.9998772730169582790, 0.9998772730169582790, 1.000000000000000000 ) ) 
 REPRESENTATION_ITEM ( '' )  );
#786 = EDGE_LOOP ( 'NONE', ( #4463, #1806, #5294, #4144, #706, #3041, #269 ) ) ;
#787 = CARTESIAN_POINT ( 'NONE',  ( -4.773483988696106017, 0.8286579078088619488, -2.756265179335659621 ) ) ;
#788 = CIRCLE ( 'NONE', #1160, 6.500000000000000000 ) ;
#789 = CARTESIAN_POINT ( 'NONE',  ( 10.80476900687346742, -3.319663049748589501, -2.798447154985539420 ) ) ;
#790 = DIRECTION ( 'NONE',  ( 0.9656681455035628359, -0.2597788150710324540, -7.292349956650283374E-17 ) ) ;
#791 = FACE_OUTER_BOUND ( 'NONE', #4074, .T. ) ;
#792 = ORIENTED_EDGE ( 'NONE', *, *, #6137, .F. ) ;
#793 = EDGE_CURVE ( 'NONE', #3268, #5315, #5657, .T. ) ;
#794 = ORIENTED_EDGE ( 'NONE', *, *, #3389, .T. ) ;
#795 = PLANE ( 'NONE',  #6723 ) ;
#796 = CARTESIAN_POINT ( 'NONE',  ( -0.3988063169686431597, 1.416427813942202185, 12.12968749999999751 ) ) ;
#797 = EDGE_CURVE ( 'NONE', #7583, #4408, #6000, .T. ) ;
#798 = CARTESIAN_POINT ( 'NONE',  ( -1.226662469500796160, -0.3453764016845492502, 14.01406249999999787 ) ) ;
#799 = DIRECTION ( 'NONE',  ( 1.000000000000000000, 0.000000000000000000, 0.000000000000000000 ) ) ;
#800 = EDGE_LOOP ( 'NONE', ( #3927, #3313, #805, #1442, #14 ) ) ;
#801 = VERTEX_POINT ( 'NONE', #5509 ) ;
#802 = EDGE_CURVE ( 'NONE', #170, #7478, #153, .T. ) ;
#803 = DIRECTION ( 'NONE',  ( -1.000000000000000000, 0.000000000000000000, 0.000000000000000000 ) ) ;
#804 = DIRECTION ( 'NONE',  ( -0.5000000000000066613, -0.4999999999999934497, 0.7071067811865473507 ) ) ;
#805 = ORIENTED_EDGE ( 'NONE', *, *, #6848, .F. ) ;
#806 = CARTESIAN_POINT ( 'NONE',  ( 9.567717250745630508, -6.198289006635988585, -4.363160845036046176 ) ) ;
#807 = DIRECTION ( 'NONE',  ( 2.565753199199158405E-18, 2.902514036010829075E-16, -1.000000000000000000 ) ) ;
#808 = DIRECTION ( 'NONE',  ( 0.7071067811865383579, -0.7071067811865566766, -0.000000000000000000 ) ) ;
#809 = DIRECTION ( 'NONE',  ( 1.000000000000000000, 0.000000000000000000, 0.000000000000000000 ) ) ;
#810 = ORIENTED_EDGE ( 'NONE', *, *, #7337, .F. ) ;
#811 = CARTESIAN_POINT ( 'NONE',  ( -1.973508223914144224E-16, -7.577152131620420567E-15, -6.000000000000007994 ) ) ;
#812 = CARTESIAN_POINT ( 'NONE',  ( 0.2997145786366833820, -1.064486813177363933, 10.73749999999999716 ) ) ;
#813 = CARTESIAN_POINT ( 'NONE',  ( -0.6857222450800781743, 0.6685848903910791563, 8.749999999999998224 ) ) ;
#814 = VECTOR ( 'NONE', #156, 1000.000000000000000 ) ;
#815 = LINE ( 'NONE', #3153, #1603 ) ;
#816 = EDGE_CURVE ( 'NONE', #5502, #3659, #6733, .T. ) ;
#817 = DIRECTION ( 'NONE',  ( -0.4999999999999982792, 0.5000000000000003331, 0.7071067811865484609 ) ) ;
#818 = CARTESIAN_POINT ( 'NONE',  ( 6.689582288391089371, 11.39398731114738261, -4.833351618762191215 ) ) ;
#819 = CARTESIAN_POINT ( 'NONE',  ( -6.899120066972359133, 10.43465397290531627, 15.70000000000000284 ) ) ;
#820 = CARTESIAN_POINT ( 'NONE',  ( 0.6857222450800846136, -0.6685848903910641683, 11.73124999999999929 ) ) ;
#821 = AXIS2_PLACEMENT_3D ( 'NONE', #845, #3175, #268 ) ;
#822 = EDGE_CURVE ( 'NONE', #5063, #6072, #3583, .T. ) ;
#823 = EDGE_CURVE ( 'NONE', #5612, #6962, #4891, .T. ) ;
#824 = LINE ( 'NONE', #3160, #2567 ) ;
#825 = ORIENTED_EDGE ( 'NONE', *, *, #3680, .F. ) ;
#826 = CARTESIAN_POINT ( 'NONE',  ( -0.1398019909620968615, 13.43586127591886559, -3.997680402400515476 ) ) ;
#827 = CARTESIAN_POINT ( 'NONE',  ( -0.9218726222051401020, -0.2595604389839063497, 13.83124999999999716 ) ) ;
#828 = EDGE_CURVE ( 'NONE', #6530, #7288, #32, .T. ) ;
#829 = CARTESIAN_POINT ( 'NONE',  ( 5.894289186605170094, 1.121318413595959518, 15.69999999999998508 ) ) ;
#830 = AXIS2_PLACEMENT_3D ( 'NONE', #1864, #2902, #4791 ) ;
#831 = CONICAL_SURFACE ( 'NONE', #4643, 1.499999999999998446, 0.7853981633974513876 ) ;
#832 = FACE_OUTER_BOUND ( 'NONE', #6622, .T. ) ;
#833 = FACE_OUTER_BOUND ( 'NONE', #6254, .T. ) ;
#834 = AXIS2_PLACEMENT_3D ( 'NONE', #3597, #807, #5433 ) ;
#835 = ORIENTED_EDGE ( 'NONE', *, *, #725, .F. ) ;
#836 = VECTOR ( 'NONE', #7416, 1000.000000000000000 ) ;
#837 = EDGE_CURVE ( 'NONE', #2972, #801, #733, .T. ) ;
#838 = ORIENTED_EDGE ( 'NONE', *, *, #5486, .F. ) ;
#839 = CARTESIAN_POINT ( 'NONE',  ( -1.986336989910140261E-16, -7.722277833420962489E-15, -5.500000000000007105 ) ) ;
#840 = CARTESIAN_POINT ( 'NONE',  ( 1.426065627985125150, -0.3628375052865331907, 12.87968749999999751 ) ) ;
#841 = CARTESIAN_POINT ( 'NONE',  ( -0.9124359724768813518, 0.8896326596143749876, 13.48906249999999929 ) ) ;
#842 = DIRECTION ( 'NONE',  ( -0.7071067811865491270, 0.7071067811865459074, 0.000000000000000000 ) ) ;
#843 = ORIENTED_EDGE ( 'NONE', *, *, #2414, .T. ) ;
#844 = ORIENTED_EDGE ( 'NONE', *, *, #963, .F. ) ;
#845 = CARTESIAN_POINT ( 'NONE',  ( -6.697143117985448590, -3.376133003484933948, -3.000000000000008882 ) ) ;
#846 = DIRECTION ( 'NONE',  ( 0.7071067811865519026, 0.7071067811865432429, 0.000000000000000000 ) ) ;
#847 = VERTEX_POINT ( 'NONE', #3676 ) ;
#848 = DIRECTION ( 'NONE',  ( -0.7071067811865433539, 0.7071067811865517916, 0.000000000000000000 ) ) ;
#849 = CARTESIAN_POINT ( 'NONE',  ( -0.2997145786366767761, 1.064486813177379032, 9.218749999999998224 ) ) ;
#850 = DIRECTION ( 'NONE',  ( 1.000000000000000000, 3.469446951953613400E-15, 0.000000000000000000 ) ) ;
#851 = DIRECTION ( 'NONE',  ( -0.000000000000000000, -0.000000000000000000, -1.000000000000000000 ) ) ;
#852 = ORIENTED_EDGE ( 'NONE', *, *, #5386, .F. ) ;
#853 = CARTESIAN_POINT ( 'NONE',  ( 0.7720153328868069043, 0.7918038455726068570, 10.04374999999999929 ) ) ;
#854 = CARTESIAN_POINT ( 'NONE',  ( 0.6857222450800846136, -0.6685848903910641683, 12.57499999999999574 ) ) ;
#855 = CARTESIAN_POINT ( 'NONE',  ( 0.2361503771250648143, 0.9281453293749931666, 9.574999999999997513 ) ) ;
#856 = DIRECTION ( 'NONE',  ( 0.4991391323160825899, -0.8665218558067350196, -2.689493761204351931E-16 ) ) ;
#857 = CARTESIAN_POINT ( 'NONE',  ( -0.9866380192381377645, -0.2777956425032831467, 8.336153810567676459 ) ) ;
#858 = CARTESIAN_POINT ( 'NONE',  ( 0.4991629891265663144, -0.8952437155804198188, 13.99999999999999822 ) ) ;
#859 = LINE ( 'NONE', #3263, #1598 ) ;
#860 = DIRECTION ( 'NONE',  ( -2.565753199199158405E-18, -2.902514036010829075E-16, 1.000000000000000000 ) ) ;
#861 = VECTOR ( 'NONE', #1679, 999.9999999999998863 ) ;
#862 = AXIS2_PLACEMENT_3D ( 'NONE', #934, #4398, #3768 ) ;
#863 = DIRECTION ( 'NONE',  ( 2.565753199199158405E-18, 2.902514036010829075E-16, -1.000000000000000000 ) ) ;
#864 = CARTESIAN_POINT ( 'NONE',  ( 0.2029595715830704028, 12.94404492715471022, -5.833402939700341072 ) ) ;
#865 = ORIENTED_EDGE ( 'NONE', *, *, #148, .F. ) ;
#866 = CARTESIAN_POINT ( 'NONE',  ( -0.2099756683954721037, 13.46552500117316775, -3.884459722877363852 ) ) ;
#867 = LINE ( 'NONE', #1393, #3083 ) ;
#868 = CARTESIAN_POINT ( 'NONE',  ( -2.700906402787883298, 5.357714494388377879, -5.500000000000005329 ) ) ;
#869 = CARTESIAN_POINT ( 'NONE',  ( 6.899120066973364551, 10.43465397290595753, 15.69999999999700790 ) ) ;
#870 = ORIENTED_EDGE ( 'NONE', *, *, #6608, .F. ) ;
#871 = ADVANCED_FACE ( 'NONE', ( #5474 ), #3907, .F. ) ;
#872 = ORIENTED_EDGE ( 'NONE', *, *, #1233, .T. ) ;
#873 = DIRECTION ( 'NONE',  ( -0.000000000000000000, 0.000000000000000000, 1.000000000000000000 ) ) ;
#874 = CARTESIAN_POINT ( 'NONE',  ( -0.3142264970239114774, -1.235009061298917077, 12.31718749999999574 ) ) ;
#875 = CARTESIAN_POINT ( 'NONE',  ( 0.9124359724768871249, -0.8896326596143606658, 13.71406249999999893 ) ) ;
#876 = CIRCLE ( 'NONE', #1472, 12.09999999999999964 ) ;
#877 = FACE_BOUND ( 'NONE', #4478, .T. ) ;
#878 = EDGE_LOOP ( 'NONE', ( #3941, #248, #6793, #4952 ) ) ;
#879 = CIRCLE ( 'NONE', #4317, 10.89999999999999858 ) ;
#880 = ORIENTED_EDGE ( 'NONE', *, *, #1058, .F. ) ;
#881 = CARTESIAN_POINT ( 'NONE',  ( 11.21498648448603852, -6.641428455355081972, -5.499999999998327560 ) ) ;
#882 = DIRECTION ( 'NONE',  ( -0.7071067811865491270, 0.7071067811865459074, 0.000000000000000000 ) ) ;
#883 = VERTEX_POINT ( 'NONE', #1373 ) ;
#884 = PLANE ( 'NONE',  #3940 ) ;
#885 = CARTESIAN_POINT ( 'NONE',  ( 0.2361503771250648420, 0.9281453293749931666, 9.181249999999998579 ) ) ;
#886 = CARTESIAN_POINT ( 'NONE',  ( -6.938033939193709365, 12.04465379571351136, 9.999999999999994671 ) ) ;
#887 = AXIS2_PLACEMENT_3D ( 'NONE', #5584, #304, #2646 ) ;
#888 = DIRECTION ( 'NONE',  ( 0.000000000000000000, 0.000000000000000000, 1.000000000000000000 ) ) ;
#889 = ORIENTED_EDGE ( 'NONE', *, *, #1506, .F. ) ;
#890 = CARTESIAN_POINT ( 'NONE',  ( -0.9218726222051398800, -0.2595604389839062942, 10.68124999999999858 ) ) ;
#891 = CARTESIAN_POINT ( 'NONE',  ( -0.7720153328867999099, -0.7918038455725919800, 11.11249999999999716 ) ) ;
#892 = CARTESIAN_POINT ( 'NONE',  ( -0.6857222450800786184, 0.6685848903910790453, 12.79999999999999716 ) ) ;
#893 = DIRECTION ( 'NONE',  ( 2.565753199199158405E-18, 2.902514036010829075E-16, -1.000000000000000000 ) ) ;
#894 = ADVANCED_FACE ( 'NONE', ( #3147 ), #195, .F. ) ;
#895 = CARTESIAN_POINT ( 'NONE',  ( -13.53149764725406889, -1.019815740682276983, -3.500000000000008438 ) ) ;
#896 = CARTESIAN_POINT ( 'NONE',  ( 11.33623952100886179, -6.156271072842459446, -6.000000000000009770 ) ) ;
#897 = DIRECTION ( 'NONE',  ( 0.7071067811865491270, 0.7071067811865459074, -0.000000000000000000 ) ) ;
#898 = CARTESIAN_POINT ( 'NONE',  ( 5.024438761240560325, 3.279483973820177312, -5.500000000000006217 ) ) ;
#899 = AXIS2_PLACEMENT_3D ( 'NONE', #4996, #921, #2683 ) ;
#900 = DIRECTION ( 'NONE',  ( 0.5000000000000002220, -0.5000000000000013323, 0.7071067811865465735 ) ) ;
#901 = DIRECTION ( 'NONE',  ( 0.000000000000000000, 0.000000000000000000, 1.000000000000000000 ) ) ;
#902 = EDGE_LOOP ( 'NONE', ( #6116, #516, #6730, #3570 ) ) ;
#903 = CYLINDRICAL_SURFACE ( 'NONE', #4802, 1.000000000000000000 ) ;
#904 = AXIS2_PLACEMENT_3D ( 'NONE', #7104, #2320, #1820 ) ;
#905 = CARTESIAN_POINT ( 'NONE',  ( 6.198289006635946841, 9.567717250745644719, -4.500000000000005329 ) ) ;
#906 = CARTESIAN_POINT ( 'NONE',  ( 3.121436814857073472, 6.232706652077807163, 16.00000000000000000 ) ) ;
#907 = CARTESIAN_POINT ( 'NONE',  ( 6.603612861616113605, -10.13914676754894550, 12.00000000000000000 ) ) ;
#908 = ADVANCED_FACE ( 'NONE', ( #4934, #7364 ), #2611, .F. ) ;
#909 = AXIS2_PLACEMENT_3D ( 'NONE', #4308, #7168, #5473 ) ;
#910 = ORIENTED_EDGE ( 'NONE', *, *, #1763, .F. ) ;
#911 = DIRECTION ( 'NONE',  ( 1.000000000000000000, 0.000000000000000000, 0.000000000000000000 ) ) ;
#912 = CARTESIAN_POINT ( 'NONE',  ( 1.226662469500802599, 0.3453764016845635165, 11.56718749999999574 ) ) ;
#913 = CARTESIAN_POINT ( 'NONE',  ( 0.3988063169686489884, -1.416427813942187308, 14.12656249999999858 ) ) ;
#914 = EDGE_CURVE ( 'NONE', #4499, #4499, #7379, .T. ) ;
#915 = CC_DESIGN_APPROVAL ( #3965, ( #6695 ) ) ;
#916 = ORIENTED_EDGE ( 'NONE', *, *, #3819, .F. ) ;
#917 = EDGE_CURVE ( 'NONE', #6273, #3168, #4350, .T. ) ;
#918 = ORIENTED_EDGE ( 'NONE', *, *, #7250, .T. ) ;
#919 = CARTESIAN_POINT ( 'NONE',  ( -2.127453415866093952E-16, -9.318660553226917322E-15, -8.673617379884035472E-15 ) ) ;
#920 = ADVANCED_FACE ( 'NONE', ( #4967, #2078 ), #7324, .T. ) ;
#921 = DIRECTION ( 'NONE',  ( -0.2597788150710331756, -0.9656681455035627248, -2.809530629711164599E-16 ) ) ;
#922 = ORIENTED_EDGE ( 'NONE', *, *, #717, .T. ) ;
#923 = DIRECTION ( 'NONE',  ( -0.000000000000000000, -0.000000000000000000, -1.000000000000000000 ) ) ;
#924 = CARTESIAN_POINT ( 'NONE',  ( -0.7720153328867996878, -0.7918038455725918690, 9.368750000000000355 ) ) ;
#925 = VERTEX_POINT ( 'NONE', #886 ) ;
#926 = CARTESIAN_POINT ( 'NONE',  ( 1.071729911523486845, -0.2726829676047642925, 9.518749999999998934 ) ) ;
#927 = ORIENTED_EDGE ( 'NONE', *, *, #7297, .T. ) ;
#928 = CARTESIAN_POINT ( 'NONE',  ( 2.474873734152908344, -2.474873734152920335, 12.00000000000000000 ) ) ;
#929 = CARTESIAN_POINT ( 'NONE',  ( -1.426065627985118267, 0.3628375052865481787, 8.604687499999997158 ) ) ;
#930 = CARTESIAN_POINT ( 'NONE',  ( 0.6857222450800846136, -0.6685848903910641683, 12.57499999999999574 ) ) ;
#931 = FACE_OUTER_BOUND ( 'NONE', #2191, .T. ) ;
#932 = FACE_OUTER_BOUND ( 'NONE', #611, .T. ) ;
#933 = PLANE ( 'NONE',  #7188 ) ;
#934 = CARTESIAN_POINT ( 'NONE',  ( 1.079081276367249403E-14, -9.374903399416782044E-15, 9.999999999999994671 ) ) ;
#935 = DIRECTION ( 'NONE',  ( 6.162975822039155825E-32, -3.538566068381623796E-16, -1.000000000000000000 ) ) ;
#936 = CARTESIAN_POINT ( 'NONE',  ( 11.56498717667286869, -7.494884445517922877, 12.20587189608419187 ) ) ;
#937 = CARTESIAN_POINT ( 'NONE',  ( -11.25839262310074673, 6.480462370377678916, -5.666715816025316599 ) ) ;
#938 = ORIENTED_EDGE ( 'NONE', *, *, #3299, .F. ) ;
#939 = DIRECTION ( 'NONE',  ( 1.000000000000000000, 0.000000000000000000, 0.000000000000000000 ) ) ;
#940 = CARTESIAN_POINT ( 'NONE',  ( -0.9866380192381382086, -0.2777956425032831467, 11.93615381056767433 ) ) ;
#941 = CYLINDRICAL_SURFACE ( 'NONE', #332, 1.250000000000000222 ) ;
#942 = CARTESIAN_POINT ( 'NONE',  ( 7.495141010748607613, -11.56469559113502044, 12.20616082374775146 ) ) ;
#943 = B_SPLINE_CURVE_WITH_KNOTS ( 'NONE', 3,
 ( #4689, #6569, #5853, #567, #1278, #4094, #714, #2905, #5272, #7630 ),
 .UNSPECIFIED., .F., .F.,
 ( 4, 2, 2, 2, 4 ),
 ( 0.000000000000000000, 0.0004045946928291425091, 0.0008091893856582850183, 0.001213784078487427582, 0.001618378771316570037 ),
 .UNSPECIFIED. ) ;
#944 = AXIS2_PLACEMENT_3D ( 'NONE', #4995, #1996, #3747 ) ;
#945 = EDGE_CURVE ( 'NONE', #2940, #4097, #3049, .T. ) ;
#946 = CARTESIAN_POINT ( 'NONE',  ( 1.071729911523486400, -0.2726829676047644035, 13.96249999999999503 ) ) ;
#947 = VERTEX_POINT ( 'NONE', #4867 ) ;
#948 = AXIS2_PLACEMENT_3D ( 'NONE', #6065, #2475, #289 ) ;
#949 = DIRECTION ( 'NONE',  ( 1.000000000000000000, 0.000000000000000000, 0.000000000000000000 ) ) ;
#950 = CARTESIAN_POINT ( 'NONE',  ( 0.3988063169686490994, -1.416427813942187308, 12.35468749999999716 ) ) ;
#951 = VECTOR ( 'NONE', #762, 1000.000000000000000 ) ;
#952 = CARTESIAN_POINT ( 'NONE',  ( -0.2997145786366766096, 1.064486813177379032, 7.868749999999999467 ) ) ;
#953 = CARTESIAN_POINT ( 'NONE',  ( 0.5613880118889414961, -11.38616895624281611, -2.635765852299001288 ) ) ;
#954 = PLANE ( 'NONE',  #6240 ) ;
#955 = EDGE_LOOP ( 'NONE', ( #726 ) ) ;
#956 = AXIS2_PLACEMENT_3D ( 'NONE', #1927, #4274, #1338 ) ;
#957 = ORIENTED_EDGE ( 'NONE', *, *, #3795, .T. ) ;
#958 = CARTESIAN_POINT ( 'NONE',  ( 0.2348999302051990035, -0.9371189506951156378, 8.045216426222751238 ) ) ;
#959 = DIRECTION ( 'NONE',  ( -2.565753199199158020E-18, -2.902514036010829075E-16, 1.000000000000000000 ) ) ;
#960 = ORIENTED_EDGE ( 'NONE', *, *, #3909, .T. ) ;
#961 = CARTESIAN_POINT ( 'NONE',  ( -1.071729911523479739, 0.2726829676047793360, 7.943749999999997868 ) ) ;
#962 = CARTESIAN_POINT ( 'NONE',  ( 1.922677517296094152, 10.82869559110704749, -6.000000000000005329 ) ) ;
#963 = EDGE_CURVE ( 'NONE', #1201, #1861, #3046, .T. ) ;
#964 = CARTESIAN_POINT ( 'NONE',  ( -0.9218726222051396579, -0.2595604389839062387, 8.431249999999998579 ) ) ;
#965 = EDGE_LOOP ( 'NONE', ( #2121 ) ) ;
#966 = CARTESIAN_POINT ( 'NONE',  ( 7.016205697400267560, 10.26858420574035335, 15.90022110176724013 ) ) ;
#967 = CARTESIAN_POINT ( 'NONE',  ( -0.2997145786366768316, 1.064486813177379032, 10.51249999999999574 ) ) ;
#968 = ADVANCED_FACE ( 'NONE', ( #7114 ), #4882, .T. ) ;
#969 = CARTESIAN_POINT ( 'NONE',  ( 0.2997145786366831044, -1.064486813177364155, 13.43749999999999645 ) ) ;
#970 = CARTESIAN_POINT ( 'NONE',  ( -0.7720153328868000209, -0.7918038455725919800, 12.46249999999999858 ) ) ;
#971 = PLANE ( 'NONE',  #1121 ) ;
#972 = CARTESIAN_POINT ( 'NONE',  ( 10.75007685644519562, -1.801623595685723167, -3.000000000000490274 ) ) ;
#973 = CYLINDRICAL_SURFACE ( 'NONE', #2131, 1.499999999999999778 ) ;
#974 = CARTESIAN_POINT ( 'NONE',  ( -1.973508223914144224E-16, -7.577152131620420567E-15, -6.000000000000007994 ) ) ;
#975 = CARTESIAN_POINT ( 'NONE',  ( 0.000000000000000000, 0.000000000000000000, 12.00000000000000000 ) ) ;
#976 = CARTESIAN_POINT ( 'NONE',  ( 0.9866380192381450920, 0.2777956425032977461, 8.695096189432316436 ) ) ;
#977 = CARTESIAN_POINT ( 'NONE',  ( -0.7720153328868002429, -0.7918038455725920910, 13.41874999999999574 ) ) ;
#978 = CARTESIAN_POINT ( 'NONE',  ( 1.558672890426126001, 5.794008873021387451, -6.000000000000007994 ) ) ;
#979 = LINE ( 'NONE', #5054, #414 ) ;
#980 = CIRCLE ( 'NONE', #2569, 5.699999999999993072 ) ;
#981 = VERTEX_POINT ( 'NONE', #7112 ) ;
#982 = CARTESIAN_POINT ( 'NONE',  ( -5.489078415493266583, 0.3464363557219702350, -3.000000000000007994 ) ) ;
#983 = CARTESIAN_POINT ( 'NONE',  ( 1.147023408217124674, -0.2918400834965618196, 11.67365381056767859 ) ) ;
#984 = CARTESIAN_POINT ( 'NONE',  ( 0.2997145786366831599, -1.064486813177364155, 12.53749999999999609 ) ) ;
#985 = CARTESIAN_POINT ( 'NONE',  ( -2.050480819890118965E-16, -8.447906342423668944E-15, -3.000000000000007994 ) ) ;
#986 = LINE ( 'NONE', #2100, #1501 ) ;
#987 = AXIS2_PLACEMENT_3D ( 'NONE', #2192, #418, #6892 ) ;
#988 = ORIENTED_EDGE ( 'NONE', *, *, #6132, .T. ) ;
#989 = CARTESIAN_POINT ( 'NONE',  ( -0.3142264970239110888, -1.235009061298916855, 8.239062499999997513 ) ) ;
#990 = ADVANCED_FACE ( 'NONE', ( #3577 ), #5407, .F. ) ;
#991 = EDGE_LOOP ( 'NONE', ( #6342 ) ) ;
#992 = DIRECTION ( 'NONE',  ( 2.565753199199158405E-18, 2.902514036010829075E-16, -1.000000000000000000 ) ) ;
#993 = CARTESIAN_POINT ( 'NONE',  ( -0.7720153328868000209, -0.7918038455725919800, 12.51874999999999716 ) ) ;
#994 = CARTESIAN_POINT ( 'NONE',  ( 0.7720153328868069043, 0.7918038455726068570, 9.143749999999997158 ) ) ;
#995 = AXIS2_PLACEMENT_3D ( 'NONE', #4362, #935, #1540 ) ;
#996 = ORIENTED_EDGE ( 'NONE', *, *, #6547, .T. ) ;
#997 = ORIENTED_EDGE ( 'NONE', *, *, #914, .F. ) ;
#998 = AXIS2_PLACEMENT_3D ( 'NONE', #6592, #6671, #1383 ) ;
#999 = LINE ( 'NONE', #4533, #3753 ) ;
#1000 = EDGE_LOOP ( 'NONE', ( #2876, #4283, #4575, #5368, #123, #4553 ) ) ;
#1001 = CARTESIAN_POINT ( 'NONE',  ( -2.897004436510673742, 0.7793364452130882025, -6.000000000000007994 ) ) ;
#1002 = VERTEX_POINT ( 'NONE', #7322 ) ;
#1003 = CARTESIAN_POINT ( 'NONE',  ( -0.6857222450800781743, 0.6685848903910791563, 8.806249999999998579 ) ) ;
#1004 = CARTESIAN_POINT ( 'NONE',  ( -1.147023408217118012, 0.2918400834965766411, 11.58259618943231928 ) ) ;
#1005 = AXIS2_PLACEMENT_3D ( 'NONE', #6169, #893, #3227 ) ;
#1006 = CARTESIAN_POINT ( 'NONE',  ( 0.2997145786366833264, -1.064486813177364155, 11.18749999999999645 ) ) ;
#1007 = CARTESIAN_POINT ( 'NONE',  ( -1.027259311016472276, -1.053590308655646179, 7.779687499999996980 ) ) ;
#1008 = CARTESIAN_POINT ( 'NONE',  ( 0.2361503771250644812, 0.9281453293749930555, 12.72499999999999609 ) ) ;
#1009 = CIRCLE ( 'NONE', #4196, 12.09999999999999964 ) ;
#1010 = DIRECTION ( 'NONE',  ( 0.9656681455035655004, -0.2597788150710230726, -7.292349956650012203E-17 ) ) ;
#1011 = CARTESIAN_POINT ( 'NONE',  ( 11.00480865414061959, -2.745037675133945143, -2.737344913814711678 ) ) ;
#1012 = DIRECTION ( 'NONE',  ( -0.8665218558067403487, -0.4991391323160735416, -1.470991149706791254E-16 ) ) ;
#1013 = DIRECTION ( 'NONE',  ( -0.6828304940614047247, 0.1836913617453246328, 0.7071067811865519026 ) ) ;
#1014 = CARTESIAN_POINT ( 'NONE',  ( -0.9866380192381377645, -0.2777956425032830357, 8.920096189432317857 ) ) ;
#1015 = EDGE_LOOP ( 'NONE', ( #3554, #6819, #3812, #6155 ) ) ;
#1016 = CARTESIAN_POINT ( 'NONE',  ( -0.6857222450800780633, 0.6685848903910792673, 7.849999999999997868 ) ) ;
#1017 = DIRECTION ( 'NONE',  ( 0.4991391323160826454, -0.8665218558067350196, -2.662952704350361526E-16 ) ) ;
#1018 = FACE_BOUND ( 'NONE', #4250, .T. ) ;
#1019 = ORIENTED_EDGE ( 'NONE', *, *, #4922, .F. ) ;
#1020 = FACE_OUTER_BOUND ( 'NONE', #5028, .T. ) ;
#1021 = CARTESIAN_POINT ( 'NONE',  ( -0.8262526302591585159, -0.8474313685031433785, 13.77365381056767646 ) ) ;
#1022 = ORIENTED_EDGE ( 'NONE', *, *, #2864, .T. ) ;
#1023 = CIRCLE ( 'NONE', #2984, 2.000000000000004441 ) ;
#1024 = CARTESIAN_POINT ( 'NONE',  ( -0.3142264970239111443, -1.235009061298916855, 9.139062499999997868 ) ) ;
#1025 = AXIS2_PLACEMENT_3D ( 'NONE', #2406, #2299, #647 ) ;
#1026 = EDGE_LOOP ( 'NONE', ( #5844 ) ) ;
#1027 = CARTESIAN_POINT ( 'NONE',  ( -6.096396716318522202, -9.188956038038462282, -3.000000000000013323 ) ) ;
#1028 = CARTESIAN_POINT ( 'NONE',  ( -0.6857222450800785074, 0.6685848903910791563, 11.05624999999999680 ) ) ;
#1029 = CARTESIAN_POINT ( 'NONE',  ( -0.2361503771250578754, -0.9281453293749778455, 8.056249999999996803 ) ) ;
#1030 = CARTESIAN_POINT ( 'NONE',  ( 0.000000000000000000, 0.000000000000000000, 12.00000000000000000 ) ) ;
#1031 = ADVANCED_FACE ( 'NONE', ( #5950, #675, #7625, #3007, #7142, #2329 ), #5984, .T. ) ;
#1032 = ORIENTED_EDGE ( 'NONE', *, *, #4492, .F. ) ;
#1033 = ORIENTED_EDGE ( 'NONE', *, *, #187, .F. ) ;
#1034 = CARTESIAN_POINT ( 'NONE',  ( -7.859052248806893459, 1.495091218127946320, 15.69999999999999218 ) ) ;
#1035 = ORIENTED_EDGE ( 'NONE', *, *, #5751, .F. ) ;
#1036 = CARTESIAN_POINT ( 'NONE',  ( -0.3835908842384451733, -0.8775413304147334781, 8.045216426222747685 ) ) ;
#1037 = VERTEX_POINT ( 'NONE', #4385 ) ;
#1038 = CARTESIAN_POINT ( 'NONE',  ( -2.373531231228930949, -4.839067450537605453, -3.000000000000011546 ) ) ;
#1039 = CARTESIAN_POINT ( 'NONE',  ( -0.3119366256948433169, -0.9088628413698932595, 8.050946454226368232 ) ) ;
#1040 = B_SPLINE_CURVE_WITH_KNOTS ( 'NONE', 3,
 ( #6936, #1038, #1688, #6354, #7018, #3989, #4582, #2195, #1079, #2880, #3405, #4621, #5282, #5784, #499, #2842, #3488, #5201 ),
 .UNSPECIFIED., .F., .F.,
 ( 4, 2, 2, 2, 2, 2, 2, 2, 4 ),
 ( 0.001582351279899269630, 0.001924713907764860447, 0.002267076535630451264, 0.002609439163496042949, 0.002951801791361634633, 0.003294164419227225884, 0.003636527047092816701, 0.003978889674958407952, 0.004321252302823999636 ),
 .UNSPECIFIED. ) ;
#1041 = CARTESIAN_POINT ( 'NONE',  ( 1.071729911523486845, -0.2726829676047643480, 12.16249999999999787 ) ) ;
#1042 = EDGE_CURVE ( 'NONE', #6072, #4272, #7000, .T. ) ;
#1043 = CARTESIAN_POINT ( 'NONE',  ( -1.426065627985118267, 0.3628375052865481232, 7.704687499999997691 ) ) ;
#1044 = CARTESIAN_POINT ( 'NONE',  ( 1.071729911523486622, -0.2726829676047643480, 13.06249999999999822 ) ) ;
#1045 = CARTESIAN_POINT ( 'NONE',  ( -13.03343818998276049, -0.1182485631700205542, -5.500000000000007105 ) ) ;
#1046 = CARTESIAN_POINT ( 'NONE',  ( -3.278833086598289076E-17, 1.632737473024949948E-16, 13.99999999999999822 ) ) ;
#1047 = CARTESIAN_POINT ( 'NONE',  ( 6.697143117985448590, 3.376133003484917516, -5.500000000000006217 ) ) ;
#1048 = PLANE ( 'NONE',  #1100 ) ;
#1049 = ORIENTED_EDGE ( 'NONE', *, *, #6432, .F. ) ;
#1050 = CARTESIAN_POINT ( 'NONE',  ( 0.9218726222051469854, 0.2595604389839208936, 8.599999999999996092 ) ) ;
#1051 = CARTESIAN_POINT ( 'NONE',  ( 0.9218726222051464303, 0.2595604389839207271, 13.60624999999999751 ) ) ;
#1052 = CARTESIAN_POINT ( 'NONE',  ( -6.507611580905865445, 10.20284345136214377, 12.46917019741645127 ) ) ;
#1053 = DIRECTION ( 'NONE',  ( -0.4991391323160795923, 0.8665218558067369070, 2.556727654556163447E-16 ) ) ;
#1054 = EDGE_LOOP ( 'NONE', ( #5800 ) ) ;
#1055 = DIRECTION ( 'NONE',  ( -0.000000000000000000, -0.000000000000000000, -1.000000000000000000 ) ) ;
#1056 = CARTESIAN_POINT ( 'NONE',  ( 0.3207707779579629936, -1.139271451999712914, 11.59865381056767752 ) ) ;
#1057 = CARTESIAN_POINT ( 'NONE',  ( -1.071729911523480405, 0.2726829676047791695, 13.28749999999999787 ) ) ;
#1058 = EDGE_CURVE ( 'NONE', #2440, #6163, #1862, .T. ) ;
#1059 = EDGE_CURVE ( 'NONE', #3248, #2435, #6017, .T. ) ;
#1060 = ORIENTED_EDGE ( 'NONE', *, *, #400, .F. ) ;
#1061 = EDGE_CURVE ( 'NONE', #3827, #3235, #4149, .T. ) ;
#1062 = ADVANCED_FACE ( 'NONE', ( #603 ), #612, .F. ) ;
#1063 = CARTESIAN_POINT ( 'NONE',  ( 0.3988063169686494880, -1.416427813942187308, 9.176562499999999289 ) ) ;
#1064 = VERTEX_POINT ( 'NONE', #6020 ) ;
#1065 = CARTESIAN_POINT ( 'NONE',  ( 11.56469559113499557, 7.495141010748651134, 12.20616082374775146 ) ) ;
#1066 = CARTESIAN_POINT ( 'NONE',  ( 1.071729911523486622, -0.2726829676047643480, 11.31874999999999964 ) ) ;
#1067 = CARTESIAN_POINT ( 'NONE',  ( 0.9218726222051468744, 0.2595604389839208381, 9.556249999999996803 ) ) ;
#1068 = LINE ( 'NONE', #4964, #1743 ) ;
#1069 = AXIS2_PLACEMENT_3D ( 'NONE', #2839, #5740, #7560 ) ;
#1070 = FACE_OUTER_BOUND ( 'NONE', #1940, .T. ) ;
#1071 = CARTESIAN_POINT ( 'NONE',  ( -0.7720153328867999099, -0.7918038455725919800, 11.16874999999999929 ) ) ;
#1072 = AXIS2_PLACEMENT_3D ( 'NONE', #3645, #4238, #6559 ) ;
#1073 = AXIS2_PLACEMENT_3D ( 'NONE', #2258, #3243, #949 ) ;
#1074 = EDGE_LOOP ( 'NONE', ( #1198 ) ) ;
#1075 = CARTESIAN_POINT ( 'NONE',  ( -0.1427071803009019035, -0.9553720539835445225, 8.045216426222745909 ) ) ;
#1076 = ORIENTED_EDGE ( 'NONE', *, *, #4815, .T. ) ;
#1077 = CARTESIAN_POINT ( 'NONE',  ( -0.4676018671278404648, -1.738202661906419921, -25.99999999999999645 ) ) ;
#1078 = CONICAL_SURFACE ( 'NONE', #2060, 2.199999999999999734, 0.7853981633974461696 ) ;
#1079 = CARTESIAN_POINT ( 'NONE',  ( -1.344592411230097762, -4.557079067350061408, -2.661327133959426661 ) ) ;
#1080 = CARTESIAN_POINT ( 'NONE',  ( 0.2997145786366835485, -1.064486813177363933, 8.543749999999997513 ) ) ;
#1081 = CARTESIAN_POINT ( 'NONE',  ( 0.2527409261506039506, 0.9933514102514432453, 10.57009618943231821 ) ) ;
#1082 = CARTESIAN_POINT ( 'NONE',  ( -0.6857222450800786184, 0.6685848903910791563, 12.34999999999999609 ) ) ;
#1083 = CARTESIAN_POINT ( 'NONE',  ( -0.6857222450800786184, 0.6685848903910790453, 13.69999999999999751 ) ) ;
#1084 = CARTESIAN_POINT ( 'NONE',  ( -0.7720153328868002429, -0.7918038455725920910, 13.36249999999999716 ) ) ;
#1085 = ADVANCED_FACE ( 'NONE', ( #6713 ), #6139, .F. ) ;
#1086 = DIRECTION ( 'NONE',  ( 0.7071067811865433539, -0.7071067811865517916, 0.000000000000000000 ) ) ;
#1087 = CARTESIAN_POINT ( 'NONE',  ( -2.050480819890118965E-16, -8.447906342423668944E-15, -3.000000000000007994 ) ) ;
#1088 = CARTESIAN_POINT ( 'NONE',  ( 12.08107470081073309, -6.874418817138717053, -5.500000000000015987 ) ) ;
#1089 = CARTESIAN_POINT ( 'NONE',  ( -0.3207707779579564988, 1.139271451999727569, 9.257596189432318212 ) ) ;
#1090 = EDGE_LOOP ( 'NONE', ( #2530 ) ) ;
#1091 = CARTESIAN_POINT ( 'NONE',  ( 1.071729911523486845, -0.2726829676047641815, 9.012499999999999289 ) ) ;
#1092 = CARTESIAN_POINT ( 'NONE',  ( -1.071729911523480405, 0.2726829676047791140, 13.34374999999999645 ) ) ;
#1093 = CARTESIAN_POINT ( 'NONE',  ( -6.261837716857062475, 10.35416071697664897, 12.19403295125577635 ) ) ;
#1094 = CARTESIAN_POINT ( 'NONE',  ( -11.33623952100882626, 6.156271072842512737, -6.000000000000006217 ) ) ;
#1095 = EDGE_LOOP ( 'NONE', ( #6908 ) ) ;
#1096 = CARTESIAN_POINT ( 'NONE',  ( -11.53978818511487070, 6.755025116376431882, -4.240586917783585541 ) ) ;
#1097 = CARTESIAN_POINT ( 'NONE',  ( 0.7338970930875433618, -0.7155557677481376722, 13.88615381056767539 ) ) ;
#1098 = CARTESIAN_POINT ( 'NONE',  ( 0.000000000000000000, 0.000000000000000000, 12.00000000000000000 ) ) ;
#1099 = ORIENTED_EDGE ( 'NONE', *, *, #4493, .F. ) ;
#1100 = AXIS2_PLACEMENT_3D ( 'NONE', #2278, #1013, #1621 ) ;
#1101 = CARTESIAN_POINT ( 'NONE',  ( 0.2361503771250643979, 0.9281453293749929445, 13.62499999999999645 ) ) ;
#1102 = ORIENTED_EDGE ( 'NONE', *, *, #4100, .T. ) ;
#1103 = DIRECTION ( 'NONE',  ( -0.7071067811865532349, -0.7071067811865417996, 0.000000000000000000 ) ) ;
#1104 = CARTESIAN_POINT ( 'NONE',  ( 0.7720153328868066822, 0.7918038455726066349, 11.84374999999999822 ) ) ;
#1105 = CARTESIAN_POINT ( 'NONE',  ( 0.2997145786366835485, -1.064486813177363933, 8.543749999999997513 ) ) ;
#1106 = DIRECTION ( 'NONE',  ( -2.565753199199158405E-18, -2.902514036010829075E-16, 1.000000000000000000 ) ) ;
#1107 = CARTESIAN_POINT ( 'NONE',  ( -2.897004436510679959, 0.7793364452130546738, -6.000000000000007994 ) ) ;
#1108 = EDGE_CURVE ( 'NONE', #3052, #6179, #1426, .T. ) ;
#1109 = VERTEX_POINT ( 'NONE', #3811 ) ;
#1110 = EDGE_LOOP ( 'NONE', ( #2176, #3783, #4948, #2454 ) ) ;
#1111 = CARTESIAN_POINT ( 'NONE',  ( -7.417848927601444764, 11.64807910107611733, 12.12890497068127971 ) ) ;
#1112 = EDGE_LOOP ( 'NONE', ( #6031 ) ) ;
#1113 = CARTESIAN_POINT ( 'NONE',  ( -5.467514421272220204, 6.717514421272190006, 12.00000000000000000 ) ) ;
#1114 = CARTESIAN_POINT ( 'NONE',  ( 4.489023189881747200, -4.832046233295377746, -3.000000000000009770 ) ) ;
#1115 = CARTESIAN_POINT ( 'NONE',  ( 0.8262526302591647331, 0.8474313685031579224, 13.23259618943231786 ) ) ;
#1116 = CARTESIAN_POINT ( 'NONE',  ( 0.7338970930875435839, -0.7155557677481375611, 10.87009618943231715 ) ) ;
#1117 = AXIS2_PLACEMENT_3D ( 'NONE', #403, #6299, #7503 ) ;
#1118 = CARTESIAN_POINT ( 'NONE',  ( -1.426065627985118711, 0.3628375052865480677, 10.40468749999999609 ) ) ;
#1119 = DIRECTION ( 'NONE',  ( 0.4991391323160825899, -0.8665218558067350196, -2.891205793294678819E-16 ) ) ;
#1120 = CARTESIAN_POINT ( 'NONE',  ( 4.768537241836587448, -2.282043276726005043, -2.981518525787260732 ) ) ;
#1121 = AXIS2_PLACEMENT_3D ( 'NONE', #280, #5125, #2733 ) ;
#1122 = FACE_OUTER_BOUND ( 'NONE', #7012, .T. ) ;
#1123 = EDGE_LOOP ( 'NONE', ( #5859, #6875, #4881, #1205 ) ) ;
#1124 = CARTESIAN_POINT ( 'NONE',  ( 0.6857222450800849467, -0.6685848903910641683, 9.424999999999997158 ) ) ;
#1125 = CARTESIAN_POINT ( 'NONE',  ( -0.2361503771250583195, -0.9281453293749780675, 12.55624999999999858 ) ) ;
#1126 = AXIS2_PLACEMENT_3D ( 'NONE', #3616, #2297, #2334 ) ;
#1127 = EDGE_CURVE ( 'NONE', #536, #3052, #2408, .T. ) ;
#1128 = DIRECTION ( 'NONE',  ( -4.930380657631323784E-32, 3.538566068381624782E-16, 1.000000000000000000 ) ) ;
#1129 = CARTESIAN_POINT ( 'NONE',  ( -0.2361503771250580419, -0.9281453293749779565, 9.799999999999995381 ) ) ;
#1130 = CARTESIAN_POINT ( 'NONE',  ( 0.2361503771250649530, 0.9281453293749931666, 8.224999999999996092 ) ) ;
#1131 = ORIENTED_EDGE ( 'NONE', *, *, #1788, .F. ) ;
#1132 = CARTESIAN_POINT ( 'NONE',  ( -6.603612861616042551, 10.13914676754899169, 13.00000000000000178 ) ) ;
#1133 = CARTESIAN_POINT ( 'NONE',  ( -0.9866380192381379866, -0.2777956425032830912, 9.236153810567675038 ) ) ;
#1134 = CONICAL_SURFACE ( 'NONE', #144, 3.000000000000000000, 0.7853981633974469467 ) ;
#1135 = EDGE_LOOP ( 'NONE', ( #6955 ) ) ;
#1136 = EDGE_CURVE ( 'NONE', #5918, #7084, #824, .T. ) ;
#1137 = CARTESIAN_POINT ( 'NONE',  ( -0.5613880118888626702, 11.38616895624280190, -4.362983183047380642 ) ) ;
#1138 = ORIENTED_EDGE ( 'NONE', *, *, #6680, .F. ) ;
#1139 = FACE_OUTER_BOUND ( 'NONE', #1000, .T. ) ;
#1140 = CARTESIAN_POINT ( 'NONE',  ( 0.9218726222051465413, 0.2595604389839207271, 12.25624999999999609 ) ) ;
#1141 = CARTESIAN_POINT ( 'NONE',  ( -0.6857222450800785074, 0.6685848903910791563, 11.05624999999999680 ) ) ;
#1142 = CARTESIAN_POINT ( 'NONE',  ( 6.156271072842398162, 11.33623952100888133, -6.000000000000004441 ) ) ;
#1143 = CARTESIAN_POINT ( 'NONE',  ( -2.076138351882110545E-16, -8.738157746024752789E-15, -2.000000000000008882 ) ) ;
#1144 = EDGE_LOOP ( 'NONE', ( #6776, #2666, #2208, #196 ) ) ;
#1145 = AXIS2_PLACEMENT_3D ( 'NONE', #3453, #7020, #545 ) ;
#1146 = AXIS2_PLACEMENT_3D ( 'NONE', #1983, #4331, #214 ) ;
#1147 = EDGE_CURVE ( 'NONE', #7193, #1685, #6142, .T. ) ;
#1148 = ORIENTED_EDGE ( 'NONE', *, *, #2927, .F. ) ;
#1149 = CARTESIAN_POINT ( 'NONE',  ( -9.567717250745589652, 6.198289006636037435, -4.363160845036043511 ) ) ;
#1150 = ORIENTED_EDGE ( 'NONE', *, *, #6639, .F. ) ;
#1151 = CARTESIAN_POINT ( 'NONE',  ( -0.2666847199799748380, -0.9547629503294939868, 8.069149423014238209 ) ) ;
#1152 = AXIS2_PLACEMENT_3D ( 'NONE', #4515, #1585, #630 ) ;
#1153 = CARTESIAN_POINT ( 'NONE',  ( 13.89999999999999858, 3.703704010149521840E-14, 11.87878387081807929 ) ) ;
#1154 = DIRECTION ( 'NONE',  ( -0.000000000000000000, -0.000000000000000000, -1.000000000000000000 ) ) ;
#1155 = CARTESIAN_POINT ( 'NONE',  ( -1.147023408217118234, 0.2918400834965766411, 12.48259618943231963 ) ) ;
#1156 = ORIENTED_EDGE ( 'NONE', *, *, #3912, .T. ) ;
#1157 = EDGE_CURVE ( 'NONE', #329, #2490, #2516, .T. ) ;
#1158 = EDGE_CURVE ( 'NONE', #4346, #6303, #5133, .T. ) ;
#1159 = FACE_OUTER_BOUND ( 'NONE', #1723, .T. ) ;
#1160 = AXIS2_PLACEMENT_3D ( 'NONE', #6365, #2353, #2961 ) ;
#1161 = CARTESIAN_POINT ( 'NONE',  ( 0.3988063169686494880, -1.416427813942187308, 9.204687499999996803 ) ) ;
#1162 = CARTESIAN_POINT ( 'NONE',  ( 6.444838686433802089, 2.909304780501045684, 12.00000000000000000 ) ) ;
#1163 = CARTESIAN_POINT ( 'NONE',  ( 4.559552315680493351, -1.782663713435260755, -2.799950667394373927 ) ) ;
#1164 = DIRECTION ( 'NONE',  ( 0.6946486423538428268, -0.1321486423538409116, -0.7071067811865473507 ) ) ;
#1165 = ORIENTED_EDGE ( 'NONE', *, *, #115, .F. ) ;
#1166 = DIRECTION ( 'NONE',  ( 0.4991391323160826454, -0.8665218558067351307, -2.365532012695646217E-16 ) ) ;
#1167 = CARTESIAN_POINT ( 'NONE',  ( 0.7720153328868069043, 0.7918038455726068570, 9.087499999999998579 ) ) ;
#1168 = CARTESIAN_POINT ( 'NONE',  ( 0.6857222450800850577, -0.6685848903910639462, 8.074999999999997513 ) ) ;
#1169 = ORIENTED_EDGE ( 'NONE', *, *, #3231, .F. ) ;
#1170 = CARTESIAN_POINT ( 'NONE',  ( -11.33735411363276668, 7.446154524054354518, -3.524175949928318730 ) ) ;
#1171 = CARTESIAN_POINT ( 'NONE',  ( -1.147023408217118012, 0.2918400834965768631, 9.198653810567680722 ) ) ;
#1172 = ORIENTED_EDGE ( 'NONE', *, *, #6846, .F. ) ;
#1173 = CARTESIAN_POINT ( 'NONE',  ( -0.3988063169686432152, 1.416427813942202185, 13.47968749999999538 ) ) ;
#1174 = ADVANCED_FACE ( 'NONE', ( #6600 ), #7301, .F. ) ;
#1175 = EDGE_LOOP ( 'NONE', ( #5698, #6808, #5072, #1902 ) ) ;
#1176 = CYLINDRICAL_SURFACE ( 'NONE', #5000, 1.499999999999999334 ) ;
#1177 = CARTESIAN_POINT ( 'NONE',  ( -1.071729911523480183, 0.2726829676047791695, 12.89374999999999716 ) ) ;
#1178 = CARTESIAN_POINT ( 'NONE',  ( 0.2997145786366834375, -1.064486813177363933, 10.34374999999999822 ) ) ;
#1179 = CARTESIAN_POINT ( 'NONE',  ( -4.832046233295354654, -4.489023189881772069, -5.500000000000008882 ) ) ;
#1180 = FACE_OUTER_BOUND ( 'NONE', #5198, .T. ) ;
#1181 = ADVANCED_FACE ( 'NONE', ( #3084 ), #2015, .F. ) ;
#1182 = ORIENTED_EDGE ( 'NONE', *, *, #6877, .F. ) ;
#1183 = CARTESIAN_POINT ( 'NONE',  ( 0.6857222450800847247, -0.6685848903910641683, 11.28124999999999822 ) ) ;
#1184 = ORIENTED_EDGE ( 'NONE', *, *, #5400, .T. ) ;
#1185 = CARTESIAN_POINT ( 'NONE',  ( -9.490329605690654091, 6.316388033404860103, -3.982004276006796406 ) ) ;
#1186 = CARTESIAN_POINT ( 'NONE',  ( -1.426065627985118711, 0.3628375052865481232, 9.926562499999997513 ) ) ;
#1187 = ORIENTED_EDGE ( 'NONE', *, *, #3896, .F. ) ;
#1188 = VERTEX_POINT ( 'NONE', #7564 ) ;
#1189 = CARTESIAN_POINT ( 'NONE',  ( -0.7338970930875374776, 0.7155557677481522161, 12.89509618943231928 ) ) ;
#1190 = CIRCLE ( 'NONE', #944, 13.89999999999999858 ) ;
#1191 = CARTESIAN_POINT ( 'NONE',  ( -0.5613880118888628923, 11.38616895624280012, -4.500000000000004441 ) ) ;
#1192 = CARTESIAN_POINT ( 'NONE',  ( -1.426065627985118267, 0.3628375052865481232, 9.054687499999998224 ) ) ;
#1193 = DIRECTION ( 'NONE',  ( 0.7071067811865491270, 0.7071067811865459074, -0.000000000000000000 ) ) ;
#1194 = VECTOR ( 'NONE', #4330, 1000.000000000000000 ) ;
#1195 = CARTESIAN_POINT ( 'NONE',  ( -2.909304780500978627, 6.444838686433832287, 12.00000000000000000 ) ) ;
#1196 = CARTESIAN_POINT ( 'NONE',  ( -1.444796712477726564, 6.177585487843411549, -6.000000000000006217 ) ) ;
#1197 = EDGE_CURVE ( 'NONE', #2679, #5493, #3657, .T. ) ;
#1198 = ORIENTED_EDGE ( 'NONE', *, *, #7094, .F. ) ;
#1199 = CARTESIAN_POINT ( 'NONE',  ( -0.9218726222051397690, -0.2595604389839061832, 9.274999999999996803 ) ) ;
#1200 = CARTESIAN_POINT ( 'NONE',  ( 0.5941926450286104666, 4.991692462302965261, -2.884042928819735785 ) ) ;
#1201 = VERTEX_POINT ( 'NONE', #4980 ) ;
#1202 = CARTESIAN_POINT ( 'NONE',  ( 1.444796712477778966, -6.177585487843416878, -6.000000000000009770 ) ) ;
#1203 = CARTESIAN_POINT ( 'NONE',  ( -0.2527409261505972338, -0.9933514102514280353, 9.761153810567677169 ) ) ;
#1204 = EDGE_CURVE ( 'NONE', #4728, #7282, #2436, .T. ) ;
#1205 = ORIENTED_EDGE ( 'NONE', *, *, #6877, .T. ) ;
#1206 = ORIENTED_EDGE ( 'NONE', *, *, #357, .T. ) ;
#1207 = CARTESIAN_POINT ( 'NONE',  ( -6.444838686433802089, -2.909304780501045684, -5.729735577732628649 ) ) ;
#1208 = EDGE_LOOP ( 'NONE', ( #3148, #6281, #2965, #2856, #3899 ) ) ;
#1209 = DIRECTION ( 'NONE',  ( 0.2597788150710222954, 0.9656681455035657224, 2.809530629711173474E-16 ) ) ;
#1210 = CARTESIAN_POINT ( 'NONE',  ( -0.2997145786366766096, 1.064486813177379032, 7.812499999999998224 ) ) ;
#1211 = CARTESIAN_POINT ( 'NONE',  ( -0.2361503771250580974, -0.9281453293749779565, 10.30624999999999858 ) ) ;
#1212 = CARTESIAN_POINT ( 'NONE',  ( 1.495091218128028698, 7.859052248806878360, 15.70000000000000284 ) ) ;
#1213 = CARTESIAN_POINT ( 'NONE',  ( -7.671197568849791537, -11.19348831161488356, -3.500000000000011990 ) ) ;
#1214 = EDGE_LOOP ( 'NONE', ( #938, #6858, #666, #1668 ) ) ;
#1215 = AXIS2_PLACEMENT_3D ( 'NONE', #4387, #3220, #1448 ) ;
#1216 = VERTEX_POINT ( 'NONE', #6063 ) ;
#1217 = CARTESIAN_POINT ( 'NONE',  ( -0.3622621998210803218, -12.89491241143502442, -6.000000000000011546 ) ) ;
#1218 = CARTESIAN_POINT ( 'NONE',  ( -0.3142264970239113109, -1.235009061298917077, 10.48906249999999751 ) ) ;
#1219 = ORIENTED_EDGE ( 'NONE', *, *, #1590, .F. ) ;
#1220 = CARTESIAN_POINT ( 'NONE',  ( -10.20304932535683484, 3.835072941201428609, -3.000000000000007105 ) ) ;
#1221 = VERTEX_POINT ( 'NONE', #3487 ) ;
#1222 = CARTESIAN_POINT ( 'NONE',  ( -1.147023408217118234, 0.2918400834965766411, 12.93259618943232070 ) ) ;
#1223 = DIRECTION ( 'NONE',  ( 0.000000000000000000, 0.000000000000000000, 1.000000000000000000 ) ) ;
#1224 = CARTESIAN_POINT ( 'NONE',  ( 0.8858145114691198252, -13.54159679269864469, -3.500000000000012879 ) ) ;
#1225 = EDGE_CURVE ( 'NONE', #293, #4408, #6704, .T. ) ;
#1226 = DIRECTION ( 'NONE',  ( -0.7071067811865567876, -0.7071067811865382469, 0.000000000000000000 ) ) ;
#1227 = CARTESIAN_POINT ( 'NONE',  ( 4.773483988696111346, -0.8286579078088458505, -2.756265179335658733 ) ) ;
#1228 = CONICAL_SURFACE ( 'NONE', #6528, 0.9125000000000104139, 0.7853981633974485010 ) ;
#1229 = EDGE_CURVE ( 'NONE', #1436, #757, #439, .T. ) ;
#1230 = EDGE_LOOP ( 'NONE', ( #4058, #3511, #1290, #6431 ) ) ;
#1231 = B_SPLINE_CURVE_WITH_KNOTS ( 'NONE', 3,
 ( #5971, #7241, #1295, #1961, #5395, #110, #2458, #2115, #5191, #6158 ),
 .UNSPECIFIED., .F., .F.,
 ( 4, 2, 2, 2, 4 ),
 ( 0.005601345506074543144, 0.005968016419998619683, 0.006334687333922697089, 0.006701358247846773628, 0.007068029161770850166 ),
 .UNSPECIFIED. ) ;
#1232 = DIRECTION ( 'NONE',  ( -0.3091869594143225597, 0.9510012745144593715, 0.000000000000000000 ) ) ;
#1233 = EDGE_CURVE ( 'NONE', #3102, #6928, #2817, .T. ) ;
#1234 = CARTESIAN_POINT ( 'NONE',  ( -6.567253710449938886, -2.893298930733153362, -4.500000000000008882 ) ) ;
#1235 = CARTESIAN_POINT ( 'NONE',  ( 0.3207707779579632712, -1.139271451999712692, 9.798653810567676814 ) ) ;
#1236 = ORIENTED_EDGE ( 'NONE', *, *, #1158, .T. ) ;
#1237 = CC_DESIGN_PERSON_AND_ORGANIZATION_ASSIGNMENT ( #4770, #7158, ( #2210 ) ) ;
#1238 = CARTESIAN_POINT ( 'NONE',  ( -1.226662469500796160, -0.3453764016845492502, 14.04218749999999538 ) ) ;
#1239 = VERTEX_POINT ( 'NONE', #4558 ) ;
#1240 = CARTESIAN_POINT ( 'NONE',  ( 0.000000000000000000, 0.000000000000000000, 15.70000000000000284 ) ) ;
#1241 = CARTESIAN_POINT ( 'NONE',  ( -0.6857222450800781743, 0.6685848903910792673, 8.299999999999997158 ) ) ;
#1242 = CARTESIAN_POINT ( 'NONE',  ( -0.6857222450800785074, 0.6685848903910791563, 11.50624999999999787 ) ) ;
#1243 = CARTESIAN_POINT ( 'NONE',  ( -6.899120066973291721, -10.43465397290600727, 15.69999999999700790 ) ) ;
#1244 = AXIS2_PLACEMENT_3D ( 'NONE', #529, #923, #3252 ) ;
#1245 = DIRECTION ( 'NONE',  ( 1.000000000000000000, 0.000000000000000000, 0.000000000000000000 ) ) ;
#1246 = DIRECTION ( 'NONE',  ( -0.4991391323160827009, 0.8665218558067349086, 0.000000000000000000 ) ) ;
#1247 = ORIENTED_EDGE ( 'NONE', *, *, #2102, .T. ) ;
#1248 = EDGE_LOOP ( 'NONE', ( #2217, #4126, #2874, #2280, #3463, #7200, #1282, #5055 ) ) ;
#1249 = CARTESIAN_POINT ( 'NONE',  ( 13.43586127591887269, 0.1398019909622288670, -3.997680402400521693 ) ) ;
#1250 = CARTESIAN_POINT ( 'NONE',  ( -1.027259311016472498, -1.053590308655646623, 10.45156250000000142 ) ) ;
#1251 = ORIENTED_EDGE ( 'NONE', *, *, #5962, .F. ) ;
#1252 = CARTESIAN_POINT ( 'NONE',  ( -11.00478369905118647, 2.450517407427281746, -2.835773172410418486 ) ) ;
#1253 = CARTESIAN_POINT ( 'NONE',  ( 5.894289186605170983, -1.121318413595959740, 15.69999999999998508 ) ) ;
#1254 = CARTESIAN_POINT ( 'NONE',  ( 0.000000000000000000, 0.000000000000000000, 0.000000000000000000 ) ) ;
#1255 = CARTESIAN_POINT ( 'NONE',  ( 0.9866380192381446479, 0.2777956425032975796, 13.64509618943231573 ) ) ;
#1256 = VERTEX_POINT ( 'NONE', #7543 ) ;
#1257 = FACE_OUTER_BOUND ( 'NONE', #6580, .T. ) ;
#1258 = AXIS2_PLACEMENT_3D ( 'NONE', #4306, #3713, #846 ) ;
#1259 = CARTESIAN_POINT ( 'NONE',  ( 9.262607663739572672, -6.646817526710340651, -3.617720268044720466 ) ) ;
#1260 = CARTESIAN_POINT ( 'NONE',  ( -11.38616895624280367, -0.5613880118889894577, -4.362983183047383307 ) ) ;
#1261 = LINE ( 'NONE', #6085, #3849 ) ;
#1262 = CARTESIAN_POINT ( 'NONE',  ( -7.225053840674770633, -11.44838830364339977, -3.622477049783459524 ) ) ;
#1263 = ADVANCED_FACE ( 'NONE', ( #5762, #4438 ), #784, .T. ) ;
#1264 = VERTEX_POINT ( 'NONE', #2665 ) ;
#1265 = CARTESIAN_POINT ( 'NONE',  ( -0.2361503771250578476, -0.9281453293749778455, 7.999999999999996447 ) ) ;
#1266 = CARTESIAN_POINT ( 'NONE',  ( -0.9218726222051397690, -0.2595604389839061832, 9.724999999999997868 ) ) ;
#1267 = FACE_BOUND ( 'NONE', #2293, .T. ) ;
#1268 = CARTESIAN_POINT ( 'NONE',  ( 1.495091218127919896, -7.859052248806898788, 12.00000000000000000 ) ) ;
#1269 = CARTESIAN_POINT ( 'NONE',  ( 0.2527409261506041727, 0.9933514102514432453, 8.636153810567677169 ) ) ;
#1270 = AXIS2_PLACEMENT_3D ( 'NONE', #773, #2001, #4349 ) ;
#1271 = ORIENTED_EDGE ( 'NONE', *, *, #6527, .F. ) ;
#1272 = EDGE_LOOP ( 'NONE', ( #4372, #1049, #5947, #2493 ) ) ;
#1273 = ADVANCED_FACE ( 'NONE', ( #1018, #6218 ), #4007, .F. ) ;
#1274 = CARTESIAN_POINT ( 'NONE',  ( -1.102243908340179823, 11.34730797334408869, -3.617690535558243603 ) ) ;
#1275 = ORIENTED_EDGE ( 'NONE', *, *, #5728, .T. ) ;
#1276 = CARTESIAN_POINT ( 'NONE',  ( -0.05342046111831084965, 13.37124398273722292, -4.241152777923137940 ) ) ;
#1277 = CARTESIAN_POINT ( 'NONE',  ( -0.7720153328868000209, -0.7918038455725919800, 12.06874999999999787 ) ) ;
#1278 = CARTESIAN_POINT ( 'NONE',  ( 6.384992674408647595, 9.444673676569673049, -3.870263739134637060 ) ) ;
#1279 = AXIS2_PLACEMENT_3D ( 'NONE', #2511, #4862, #6786 ) ;
#1280 = DIRECTION ( 'NONE',  ( 1.000000000000000000, 0.000000000000000000, 0.000000000000000000 ) ) ;
#1281 = DIRECTION ( 'NONE',  ( 2.565753199199158405E-18, 2.902514036010829075E-16, -1.000000000000000000 ) ) ;
#1282 = ORIENTED_EDGE ( 'NONE', *, *, #6772, .F. ) ;
#1283 = EDGE_CURVE ( 'NONE', #1037, #1037, #1884, .T. ) ;
#1284 = EDGE_CURVE ( 'NONE', #1528, #1528, #6448, .T. ) ;
#1285 = ORIENTED_EDGE ( 'NONE', *, *, #5041, .F. ) ;
#1286 = CARTESIAN_POINT ( 'NONE',  ( -3.401171659030328698, -10.74914874979076451, -2.835605357442523289 ) ) ;
#1287 = CARTESIAN_POINT ( 'NONE',  ( -1.027259311016472720, -1.053590308655646623, 11.80156249999999929 ) ) ;
#1288 = DATE_TIME_ROLE ( 'creation_date' ) ;
#1289 = CARTESIAN_POINT ( 'NONE',  ( 0.09416272275132520075, -13.12297177586661689, -5.166685368251630273 ) ) ;
#1290 = ORIENTED_EDGE ( 'NONE', *, *, #2964, .F. ) ;
#1291 = ADVANCED_FACE ( 'NONE', ( #320 ), #1770, .F. ) ;
#1292 = DIRECTION ( 'NONE',  ( 0.4991391323160827564, -0.8665218558067351307, -4.336808689942007875E-16 ) ) ;
#1293 = ORIENTED_EDGE ( 'NONE', *, *, #729, .F. ) ;
#1294 = CYLINDRICAL_SURFACE ( 'NONE', #4268, 2.349999999999983658 ) ;
#1295 = CARTESIAN_POINT ( 'NONE',  ( 1.020559497319736497, 0.05382115387252379285, 8.102141057355462195 ) ) ;
#1296 = CARTESIAN_POINT ( 'NONE',  ( -1.558672890426126445, -5.794008873021401662, -6.000000000000011546 ) ) ;
#1297 = CIRCLE ( 'NONE', #1069, 1.999999999999999778 ) ;
#1298 = DIRECTION ( 'NONE',  ( -0.000000000000000000, -0.000000000000000000, -1.000000000000000000 ) ) ;
#1299 = EDGE_LOOP ( 'NONE', ( #3383 ) ) ;
#1300 = CARTESIAN_POINT ( 'NONE',  ( -0.6857222450800782854, 0.6685848903910791563, 9.706249999999997158 ) ) ;
#1301 = EDGE_CURVE ( 'NONE', #5821, #293, #979, .T. ) ;
#1302 = CIRCLE ( 'NONE', #2301, 2.300000000000006928 ) ;
#1303 = CARTESIAN_POINT ( 'NONE',  ( -0.6857222450800785074, 0.6685848903910791563, 10.99999999999999645 ) ) ;
#1304 = CARTESIAN_POINT ( 'NONE',  ( -1.071729911523479739, 0.2726829676047793360, 8.787499999999997868 ) ) ;
#1305 = CARTESIAN_POINT ( 'NONE',  ( 2.909304780501112297, 6.444838686433771002, 12.00000000000000000 ) ) ;
#1306 = EDGE_CURVE ( 'NONE', #6530, #7001, #6589, .T. ) ;
#1307 = DIRECTION ( 'NONE',  ( -0.000000000000000000, -0.000000000000000000, -1.000000000000000000 ) ) ;
#1308 = CARTESIAN_POINT ( 'NONE',  ( -1.986336989910140261E-16, -7.722277833420962489E-15, -5.500000000000007105 ) ) ;
#1309 = VERTEX_POINT ( 'NONE', #3267 ) ;
#1310 = CIRCLE ( 'NONE', #3770, 2.000000000000000000 ) ;
#1311 = CARTESIAN_POINT ( 'NONE',  ( 0.000000000000000000, 0.000000000000000000, 12.00000000000000000 ) ) ;
#1312 = VERTEX_POINT ( 'NONE', #476 ) ;
#1313 = CARTESIAN_POINT ( 'NONE',  ( -1.019815740682127325, 13.53149764725407067, -3.500000000000003997 ) ) ;
#1314 = CARTESIAN_POINT ( 'NONE',  ( 0.7768462941968027335, -0.5751251241906135681, 13.99010254915623896 ) ) ;
#1315 = CARTESIAN_POINT ( 'NONE',  ( -1.071729911523480405, 0.2726829676047791140, 14.24374999999999858 ) ) ;
#1316 = DIRECTION ( 'NONE',  ( 0.000000000000000000, 0.000000000000000000, 1.000000000000000000 ) ) ;
#1317 = ADVANCED_FACE ( 'NONE', ( #5642 ), #6954, .F. ) ;
#1318 = ORIENTED_EDGE ( 'NONE', *, *, #7507, .T. ) ;
#1319 = LINE ( 'NONE', #4521, #3636 ) ;
#1320 = B_SPLINE_CURVE_WITH_KNOTS ( 'NONE', 3,
 ( #7407, #2126, #4545, #4468, #6865, #6784, #2047, #6326, #4395, #5555 ),
 .UNSPECIFIED., .F., .F.,
 ( 4, 2, 2, 2, 4 ),
 ( 0.000000000000000000, 0.0003996822723885650993, 0.0007993645447771301985, 0.001199046817165695406, 0.001598729089554260397 ),
 .UNSPECIFIED. ) ;
#1321 = ORIENTED_EDGE ( 'NONE', *, *, #3430, .F. ) ;
#1322 = CARTESIAN_POINT ( 'NONE',  ( -6.444838686433802089, -2.909304780501045684, 15.69999999999999218 ) ) ;
#1323 = CARTESIAN_POINT ( 'NONE',  ( 1.226662469500802599, 0.3453764016845636275, 10.66718749999999538 ) ) ;
#1324 = CARTESIAN_POINT ( 'NONE',  ( -0.3142264970239114219, -1.235009061298917077, 11.38906249999999787 ) ) ;
#1325 = APPROVAL_DATE_TIME ( #3098, #5349 ) ;
#1326 = CARTESIAN_POINT ( 'NONE',  ( -13.54159679269862870, -0.8858145114691777788, -3.500000000000008438 ) ) ;
#1327 = EDGE_LOOP ( 'NONE', ( #4829, #3820, #178, #7087 ) ) ;
#1328 = ORIENTED_EDGE ( 'NONE', *, *, #3782, .F. ) ;
#1329 = CARTESIAN_POINT ( 'NONE',  ( 1.927630785229556887, -6.307474895378930135, -5.500000000000015987 ) ) ;
#1330 = AXIS2_PLACEMENT_3D ( 'NONE', #2355, #6481, #2501 ) ;
#1331 = ORIENTED_EDGE ( 'NONE', *, *, #6132, .F. ) ;
#1332 = CARTESIAN_POINT ( 'NONE',  ( -5.357714494388358339, -2.700906402787946803, -5.500000000000007994 ) ) ;
#1333 = DIRECTION ( 'NONE',  ( 2.565753199199158405E-18, 2.902514036010829075E-16, -1.000000000000000000 ) ) ;
#1334 = CYLINDRICAL_SURFACE ( 'NONE', #4084, 1.000000000000000222 ) ;
#1335 = CARTESIAN_POINT ( 'NONE',  ( 5.489078415493269247, -0.3464363557219489187, -3.000000000000007994 ) ) ;
#1336 = CARTESIAN_POINT ( 'NONE',  ( -11.30452007036980433, 6.665514295773779629, -5.166685368250086619 ) ) ;
#1337 = ORIENTED_EDGE ( 'NONE', *, *, #7426, .T. ) ;
#1338 = DIRECTION ( 'NONE',  ( 1.000000000000000000, 0.000000000000000000, 0.000000000000000000 ) ) ;
#1339 = CARTESIAN_POINT ( 'NONE',  ( -0.2361503771250581252, -0.9281453293749779565, 10.69999999999999751 ) ) ;
#1340 = CARTESIAN_POINT ( 'NONE',  ( 0.7720153328868067932, 0.7918038455726068570, 10.88749999999999929 ) ) ;
#1341 = CARTESIAN_POINT ( 'NONE',  ( -2.474873734152929217, -2.474873734152899907, 12.00000000000000000 ) ) ;
#1342 = VECTOR ( 'NONE', #6654, 1000.000000000000114 ) ;
#1343 = CARTESIAN_POINT ( 'NONE',  ( -7.603224404588861063, -11.41138932068216683, 12.39508553045114070 ) ) ;
#1344 = CARTESIAN_POINT ( 'NONE',  ( 2.745037675133898514, 11.00480865414061959, -2.737344913814709457 ) ) ;
#1345 = CARTESIAN_POINT ( 'NONE',  ( 0.000000000000000000, 0.000000000000000000, 12.00000000000000000 ) ) ;
#1346 = ORIENTED_EDGE ( 'NONE', *, *, #6411, .F. ) ;
#1347 = EDGE_CURVE ( 'NONE', #4382, #2095, #5839, .T. ) ;
#1348 = CIRCLE ( 'NONE', #2838, 1.800000000000000044 ) ;
#1349 = ORIENTED_EDGE ( 'NONE', *, *, #3669, .F. ) ;
#1350 = CARTESIAN_POINT ( 'NONE',  ( 13.12297177586661157, 0.09416272275136113035, -5.166685368251623167 ) ) ;
#1351 = CARTESIAN_POINT ( 'NONE',  ( 1.071729911523487067, -0.2726829676047641815, 8.562499999999998224 ) ) ;
#1352 = CARTESIAN_POINT ( 'NONE',  ( 0.9218726222051464303, 0.2595604389839206716, 14.05624999999999680 ) ) ;
#1353 = DIRECTION ( 'NONE',  ( 0.4991391323160827009, -0.8665218558067350196, -3.469446951953646236E-16 ) ) ;
#1354 = CYLINDRICAL_SURFACE ( 'NONE', #3469, 0.9999999999999996669 ) ;
#1355 = EDGE_LOOP ( 'NONE', ( #454, #7365, #5960, #3211, #1639, #5018, #5951 ) ) ;
#1356 = ADVANCED_FACE ( 'NONE', ( #6874 ), #4215, .F. ) ;
#1357 = VERTEX_POINT ( 'NONE', #2134 ) ;
#1358 = VECTOR ( 'NONE', #6698, 1000.000000000000114 ) ;
#1359 = CARTESIAN_POINT ( 'NONE',  ( 0.5613880118889421622, -11.38616895624281433, -4.362983183047386859 ) ) ;
#1360 = CARTESIAN_POINT ( 'NONE',  ( -1.226662469500795938, -0.3453764016845490836, 9.992187499999996447 ) ) ;
#1361 = CARTESIAN_POINT ( 'NONE',  ( -0.3988063169686431597, 1.416427813942202185, 12.55156249999999929 ) ) ;
#1362 = COORDINATED_UNIVERSAL_TIME_OFFSET ( 6, 0, .BEHIND. ) ;
#1363 = CARTESIAN_POINT ( 'NONE',  ( 0.9092258527485779229, 3.379838509262459656, -3.000000000000007105 ) ) ;
#1364 = EDGE_LOOP ( 'NONE', ( #1099 ) ) ;
#1365 = ADVANCED_FACE ( 'NONE', ( #4477, #6832 ), #7181, .T. ) ;
#1366 = ORIENTED_EDGE ( 'NONE', *, *, #2652, .T. ) ;
#1367 = DIRECTION ( 'NONE',  ( 0.4991391323160826454, -0.8665218558067351307, -2.502285170733347149E-16 ) ) ;
#1368 = PLANE ( 'NONE',  #3709 ) ;
#1369 = EDGE_LOOP ( 'NONE', ( #4766 ) ) ;
#1370 = CARTESIAN_POINT ( 'NONE',  ( -11.14277773728795928, -7.607243831355182451, 13.00000000000000178 ) ) ;
#1371 = CARTESIAN_POINT ( 'NONE',  ( -11.38479547291871974, -0.5912326089811569263, -4.227753198021837022 ) ) ;
#1372 = DIRECTION ( 'NONE',  ( -0.3091869594143225042, 0.9510012745144593715, 0.000000000000000000 ) ) ;
#1373 = CARTESIAN_POINT ( 'NONE',  ( -1.121318413595897567, 5.894289186605181641, 12.00000000000000000 ) ) ;
#1374 = ADVANCED_FACE ( 'NONE', ( #2171 ), #6071, .F. ) ;
#1375 = ORIENTED_EDGE ( 'NONE', *, *, #3671, .F. ) ;
#1376 = EDGE_CURVE ( 'NONE', #382, #382, #4465, .T. ) ;
#1377 = DIRECTION ( 'NONE',  ( 2.565753199199158405E-18, 2.902514036010829075E-16, -1.000000000000000000 ) ) ;
#1378 = VECTOR ( 'NONE', #7370, 1000.000000000000114 ) ;
#1379 = EDGE_CURVE ( 'NONE', #1109, #769, #2496, .T. ) ;
#1380 = AXIS2_PLACEMENT_3D ( 'NONE', #1385, #1458, #2012 ) ;
#1381 = CARTESIAN_POINT ( 'NONE',  ( -1.071729911523480183, 0.2726829676047792250, 11.93749999999999645 ) ) ;
#1382 = CARTESIAN_POINT ( 'NONE',  ( 1.071729911523486845, -0.2726829676047642925, 9.912499999999997868 ) ) ;
#1383 = DIRECTION ( 'NONE',  ( 0.2465765133176615331, 0.9691233270745808204, 0.000000000000000000 ) ) ;
#1384 = CARTESIAN_POINT ( 'NONE',  ( -0.2527409261505971227, -0.9933514102514280353, 8.411153810567675748 ) ) ;
#1385 = CARTESIAN_POINT ( 'NONE',  ( 6.717514421272213099, 6.717514421272197112, 16.00000000000000000 ) ) ;
#1386 = FACE_BOUND ( 'NONE', #1248, .T. ) ;
#1387 = CARTESIAN_POINT ( 'NONE',  ( 0.003268641010680198560, -1.024994788275902069, 8.112500000003311840 ) ) ;
#1388 = AXIS2_PLACEMENT_3D ( 'NONE', #557, #4783, #1232 ) ;
#1389 = CARTESIAN_POINT ( 'NONE',  ( 2.909304780501023480, -6.444838686433811858, 15.70000000000000284 ) ) ;
#1390 = VERTEX_POINT ( 'NONE', #48 ) ;
#1391 = CARTESIAN_POINT ( 'NONE',  ( 13.30184410068341805, 0.04604345858563882454, -4.500000000000007994 ) ) ;
#1392 = CARTESIAN_POINT ( 'NONE',  ( 0.2361503771250644812, 0.9281453293749930555, 12.78124999999999822 ) ) ;
#1393 = CARTESIAN_POINT ( 'NONE',  ( 5.644400730121142296, 3.659336059698205190, -3.500000000000007550 ) ) ;
#1394 = CARTESIAN_POINT ( 'NONE',  ( 0.003268641010680198560, -1.024994788275902069, 8.112500000003311840 ) ) ;
#1395 = DIRECTION ( 'NONE',  ( 1.000000000000000000, 0.000000000000000000, 0.000000000000000000 ) ) ;
#1396 = ORIENTED_EDGE ( 'NONE', *, *, #6019, .F. ) ;
#1397 = CC_DESIGN_SECURITY_CLASSIFICATION ( #6695, ( #5224 ) ) ;
#1398 = ORIENTED_EDGE ( 'NONE', *, *, #2730, .F. ) ;
#1399 = CARTESIAN_POINT ( 'NONE',  ( 3.279483973820167542, -5.024438761240578977, -5.500000000000015987 ) ) ;
#1400 = CARTESIAN_POINT ( 'NONE',  ( -1.426065627985119155, 0.3628375052865479011, 13.10468749999999538 ) ) ;
#1401 = CARTESIAN_POINT ( 'NONE',  ( -0.9124359724768812407, 0.8896326596143752097, 12.13906249999999964 ) ) ;
#1402 = CARTESIAN_POINT ( 'NONE',  ( 2.202197999314570609, 7.151945467620324237, 13.00000000000000178 ) ) ;
#1403 = DIRECTION ( 'NONE',  ( 0.4991391323160825899, -0.8665218558067350196, -2.891205793294678819E-16 ) ) ;
#1404 = ORIENTED_EDGE ( 'NONE', *, *, #4819, .F. ) ;
#1405 = ORIENTED_EDGE ( 'NONE', *, *, #7473, .F. ) ;
#1406 = PLANE ( 'NONE',  #4635 ) ;
#1407 = CARTESIAN_POINT ( 'NONE',  ( -2.127453415866093952E-16, -9.318660553226917322E-15, -8.673617379884035472E-15 ) ) ;
#1408 = ORIENTED_EDGE ( 'NONE', *, *, #3669, .T. ) ;
#1409 = DIRECTION ( 'NONE',  ( -0.000000000000000000, -0.000000000000000000, 1.000000000000000000 ) ) ;
#1410 = CARTESIAN_POINT ( 'NONE',  ( 11.14277773728795928, 7.607243831355182451, 13.00000000000000178 ) ) ;
#1411 = CARTESIAN_POINT ( 'NONE',  ( 10.90702677038144408, 7.371492864448665472, 13.90015215999016540 ) ) ;
#1412 = VERTEX_POINT ( 'NONE', #5877 ) ;
#1413 = CARTESIAN_POINT ( 'NONE',  ( 0.7720153328868069043, 0.7918038455726068570, 9.593749999999996447 ) ) ;
#1414 = CARTESIAN_POINT ( 'NONE',  ( 2.597788150710211408, 9.656681455035650785, -6.000000000000005329 ) ) ;
#1415 = CARTESIAN_POINT ( 'NONE',  ( 0.6857222450800847247, -0.6685848903910641683, 10.77499999999999680 ) ) ;
#1416 = CARTESIAN_POINT ( 'NONE',  ( -0.2361503771250583195, -0.9281453293749780675, 12.49999999999999645 ) ) ;
#1417 = CARTESIAN_POINT ( 'NONE',  ( 1.071729911523486845, -0.2726829676047642370, 9.012499999999997513 ) ) ;
#1418 = CIRCLE ( 'NONE', #7219, 2.000000000000000000 ) ;
#1419 = CARTESIAN_POINT ( 'NONE',  ( 6.061480746935889563, 9.059163932423640375, -3.000000000000005329 ) ) ;
#1420 = CARTESIAN_POINT ( 'NONE',  ( 0.3207707779579633822, -1.139271451999712692, 8.898653810567678235 ) ) ;
#1421 = EDGE_CURVE ( 'NONE', #4457, #1863, #6809, .T. ) ;
#1422 = FACE_OUTER_BOUND ( 'NONE', #4607, .T. ) ;
#1423 = FACE_OUTER_BOUND ( 'NONE', #3315, .T. ) ;
#1424 = DIRECTION ( 'NONE',  ( 1.000000000000000000, 0.000000000000000000, 0.000000000000000000 ) ) ;
#1425 = CIRCLE ( 'NONE', #830, 13.56987298107781825 ) ;
#1426 = LINE ( 'NONE', #1389, #7508 ) ;
#1427 = VERTEX_POINT ( 'NONE', #6556 ) ;
#1428 = CARTESIAN_POINT ( 'NONE',  ( -0.03670218469114529258, 13.33656814327227380, -4.370529557335578019 ) ) ;
#1429 = CARTESIAN_POINT ( 'NONE',  ( -2.230083543834060026E-16, -1.047966616763124954E-14, 3.999999999999991562 ) ) ;
#1430 = CONICAL_SURFACE ( 'NONE', #5265, 1.499999999999999778, 0.7853981633974530530 ) ;
#1431 = AXIS2_PLACEMENT_3D ( 'NONE', #1469, #6837, #3815 ) ;
#1432 = PLANE ( 'NONE',  #5135 ) ;
#1433 = CARTESIAN_POINT ( 'NONE',  ( -2.597788150710211408, -9.656681455035666772, -3.000000000000010658 ) ) ;
#1434 = EDGE_LOOP ( 'NONE', ( #6494, #7506, #1076, #4981 ) ) ;
#1435 = AXIS2_PLACEMENT_3D ( 'NONE', #5137, #900, #7500 ) ;
#1436 = VERTEX_POINT ( 'NONE', #1782 ) ;
#1437 = DIRECTION ( 'NONE',  ( -0.2597788150710226840, -0.9656681455035656114, 0.000000000000000000 ) ) ;
#1438 = CARTESIAN_POINT ( 'NONE',  ( 1.226662469500802599, 0.3453764016845635165, 11.11718749999999645 ) ) ;
#1439 = CARTESIAN_POINT ( 'NONE',  ( 0.2361503771250649808, 0.9281453293749931666, 7.831249999999998046 ) ) ;
#1440 = LINE ( 'NONE', #2489, #2951 ) ;
#1441 = ADVANCED_FACE ( 'NONE', ( #1746, #5909, #6450, #3498, #4198, #1267, #7136, #6993, #5799, #4749 ), #5330, .F. ) ;
#1442 = ORIENTED_EDGE ( 'NONE', *, *, #2973, .T. ) ;
#1443 = CARTESIAN_POINT ( 'NONE',  ( 2.407412430484044816E-32, 2.407412430484044816E-32, 2.800000000000001155 ) ) ;
#1444 = LINE ( 'NONE', #340, #2491 ) ;
#1445 = CARTESIAN_POINT ( 'NONE',  ( 0.000000000000000000, 0.000000000000000000, 12.00000000000000000 ) ) ;
#1446 = CARTESIAN_POINT ( 'NONE',  ( -0.2997145786366766096, 1.064486813177379032, 8.318749999999997868 ) ) ;
#1447 = VERTEX_POINT ( 'NONE', #6160 ) ;
#1448 = DIRECTION ( 'NONE',  ( -0.4991391323160827009, 0.8665218558067350196, 2.502285170733345670E-16 ) ) ;
#1449 = ORIENTED_EDGE ( 'NONE', *, *, #159, .F. ) ;
#1450 = CARTESIAN_POINT ( 'NONE',  ( -1.071729911523479961, 0.2726829676047792805, 9.743750000000000355 ) ) ;
#1451 = CARTESIAN_POINT ( 'NONE',  ( -0.6857222450800785074, 0.6685848903910791563, 10.99999999999999645 ) ) ;
#1452 = AXIS2_PLACEMENT_3D ( 'NONE', #5436, #851, #3071 ) ;
#1453 = CARTESIAN_POINT ( 'NONE',  ( -0.2361503771250581807, -0.9281453293749780675, 11.14999999999999680 ) ) ;
#1454 = CARTESIAN_POINT ( 'NONE',  ( -0.9218726222051399910, -0.2595604389839062942, 12.42499999999999716 ) ) ;
#1455 = DIRECTION ( 'NONE',  ( 1.000000000000000000, 0.000000000000000000, 0.000000000000000000 ) ) ;
#1456 = EDGE_CURVE ( 'NONE', #2568, #4241, #7218, .T. ) ;
#1457 = CARTESIAN_POINT ( 'NONE',  ( -0.6981962715889284965, 10.87761563792079578, -3.000000000000051070 ) ) ;
#1458 = DIRECTION ( 'NONE',  ( 0.000000000000000000, 0.000000000000000000, 1.000000000000000000 ) ) ;
#1459 = PLANE ( 'NONE',  #246 ) ;
#1460 = FACE_OUTER_BOUND ( 'NONE', #3307, .T. ) ;
#1461 = EDGE_CURVE ( 'NONE', #6596, #1216, #4265, .T. ) ;
#1462 = AXIS2_PLACEMENT_3D ( 'NONE', #7514, #3280, #4021 ) ;
#1463 = CLOSED_SHELL ( 'NONE', ( #88, #2006, #4240, #490, #353, #7206, #5231, #3343, #1588, #871, #2508, #920, #7026, #6259, #6945, #5305, #3868, #6172, #5993, #346, #6418, #33, #4128, #2423, #596, #5280, #2677, #2870, #4509, #4914, #5606, #7515, #6194, #5669, #438, #285, #588, #1691, #4155, #990, #5576, #7091, #5160, #5535, #682, #3075, #2983, #5976, #5640, #262, #7116, #4351, #1719, #537, #1748, #6128, #3212, #2825, #2890, #4230, #1, #5262, #3484, #2285, #5999, #6187, #3381, #4912, #2740, #2915, #5030, #1599, #1879, #5956, #5666, #1953, #7614, #5906, #5650, #1365, #5371, #2485, #1441 ) ) ;
#1464 = CARTESIAN_POINT ( 'NONE',  ( 0.7793364452130929765, 2.897004436510665304, -6.000000000000007105 ) ) ;
#1465 = CARTESIAN_POINT ( 'NONE',  ( 6.899120066972431964, -10.43465397290526830, 15.69999999999999929 ) ) ;
#1466 = EDGE_LOOP ( 'NONE', ( #5900, #6468, #1594, #5739, #2517, #6485, #5778 ) ) ;
#1467 = PLANE ( 'NONE',  #2588 ) ;
#1468 = CARTESIAN_POINT ( 'NONE',  ( -1.121318413595897789, 5.894289186605182529, -5.729735577732635754 ) ) ;
#1469 = CARTESIAN_POINT ( 'NONE',  ( 0.6183739188286451194, -1.902002549028919187, 0.000000000000000000 ) ) ;
#1470 = CARTESIAN_POINT ( 'NONE',  ( 10.66511182593023577, 5.715364357624369340, 12.00000000000000000 ) ) ;
#1471 = ORIENTED_EDGE ( 'NONE', *, *, #3777, .T. ) ;
#1472 = AXIS2_PLACEMENT_3D ( 'NONE', #6413, #3424, #6956 ) ;
#1473 = EDGE_CURVE ( 'NONE', #7282, #3033, #6382, .T. ) ;
#1474 = ORIENTED_EDGE ( 'NONE', *, *, #4416, .T. ) ;
#1475 = DIRECTION ( 'NONE',  ( 0.000000000000000000, 0.000000000000000000, 1.000000000000000000 ) ) ;
#1476 = CARTESIAN_POINT ( 'NONE',  ( 1.027259311016479604, 1.053590308655661278, 12.95468749999999680 ) ) ;
#1477 = CARTESIAN_POINT ( 'NONE',  ( -1.426065627985119155, 0.3628375052865480122, 13.97656249999999822 ) ) ;
#1478 = VECTOR ( 'NONE', #2275, 1000.000000000000000 ) ;
#1479 = CARTESIAN_POINT ( 'NONE',  ( -6.899120066973291721, -10.43465397290600727, 15.69999999999700790 ) ) ;
#1480 = ORIENTED_EDGE ( 'NONE', *, *, #4486, .T. ) ;
#1481 = VECTOR ( 'NONE', #6682, 1000.000000000000000 ) ;
#1482 = ORIENTED_EDGE ( 'NONE', *, *, #737, .T. ) ;
#1483 = DIRECTION ( 'NONE',  ( 0.3864908927801408711, -0.5921357866216239163, 0.7071067811865477948 ) ) ;
#1484 = ORIENTED_EDGE ( 'NONE', *, *, #7424, .F. ) ;
#1485 = CARTESIAN_POINT ( 'NONE',  ( -1.986336989910140261E-16, -7.722277833420962489E-15, -5.500000000000007105 ) ) ;
#1486 = CARTESIAN_POINT ( 'NONE',  ( -0.2361503771250580141, -0.9281453293749779565, 9.406249999999998224 ) ) ;
#1487 = VERTEX_POINT ( 'NONE', #421 ) ;
#1488 = AXIS2_PLACEMENT_3D ( 'NONE', #6645, #6068, #5453 ) ;
#1489 = CARTESIAN_POINT ( 'NONE',  ( 11.14277773728795928, 7.607243831355182451, 13.00000000000000178 ) ) ;
#1490 = EDGE_LOOP ( 'NONE', ( #3006, #4683, #2325, #2576 ) ) ;
#1491 = CARTESIAN_POINT ( 'NONE',  ( 0.9218726222051467634, 0.2595604389839207826, 11.35624999999999751 ) ) ;
#1492 = CARTESIAN_POINT ( 'NONE',  ( -0.2361503771250584027, -0.9281453293749781785, 13.39999999999999680 ) ) ;
#1493 = CARTESIAN_POINT ( 'NONE',  ( -0.7720153328868000209, -0.7918038455725919800, 12.01249999999999751 ) ) ;
#1494 = FACE_OUTER_BOUND ( 'NONE', #5235, .T. ) ;
#1495 = DIRECTION ( 'NONE',  ( -0.9804261166812019423, -0.1968873528935215778, -1.540743955509788511E-33 ) ) ;
#1496 = ADVANCED_FACE ( 'NONE', ( #368 ), #2692, .T. ) ;
#1497 = CARTESIAN_POINT ( 'NONE',  ( 2.848092819564312261, 10.98988223235498296, -2.712780562198322531 ) ) ;
#1498 = CARTESIAN_POINT ( 'NONE',  ( -7.135475161680534306, -10.67100906761324985, 14.80016474488666667 ) ) ;
#1499 = FACE_OUTER_BOUND ( 'NONE', #7073, .T. ) ;
#1500 = AXIS2_PLACEMENT_3D ( 'NONE', #2887, #7130, #550 ) ;
#1501 = VECTOR ( 'NONE', #4443, 1000.000000000000114 ) ;
#1502 = CARTESIAN_POINT ( 'NONE',  ( 11.34046032197709586, -7.635158559291258307, 12.50757547835304706 ) ) ;
#1503 = CARTESIAN_POINT ( 'NONE',  ( 5.894289186605170094, 1.121318413595959518, -5.729735577732628649 ) ) ;
#1504 = ORIENTED_EDGE ( 'NONE', *, *, #3576, .F. ) ;
#1505 = CARTESIAN_POINT ( 'NONE',  ( 6.603612861616254825, 10.13914676754885491, 12.00000000000000000 ) ) ;
#1506 = EDGE_CURVE ( 'NONE', #5275, #6658, #540, .T. ) ;
#1507 = AXIS2_PLACEMENT_3D ( 'NONE', #1536, #3880, #6247 ) ;
#1508 = CARTESIAN_POINT ( 'NONE',  ( 0.9866380192381446479, 0.2777956425032975796, 12.16115381056767397 ) ) ;
#1509 = DIRECTION ( 'NONE',  ( 0.4991391323160826454, -0.8665218558067351307, -2.365532012695646217E-16 ) ) ;
#1510 = CARTESIAN_POINT ( 'NONE',  ( 7.653408946381810019, -11.22250899957443160, 12.74772818323394930 ) ) ;
#1511 = AXIS2_PLACEMENT_3D ( 'NONE', #393, #2771, #1495 ) ;
#1512 = DIRECTION ( 'NONE',  ( 0.7071067811865491270, -0.7071067811865459074, -0.000000000000000000 ) ) ;
#1513 = ADVANCED_FACE ( 'NONE', ( #4246 ), #168, .T. ) ;
#1514 = EDGE_LOOP ( 'NONE', ( #264, #4487, #684, #1484 ) ) ;
#1515 = DIRECTION ( 'NONE',  ( -0.2597788150710328425, -0.9656681455035628359, 0.000000000000000000 ) ) ;
#1516 = CARTESIAN_POINT ( 'NONE',  ( -0.3988063169686431597, 1.416427813942202185, 12.57968749999999680 ) ) ;
#1517 = CARTESIAN_POINT ( 'NONE',  ( -0.9124359724768812407, 0.8896326596143752097, 12.58906249999999716 ) ) ;
#1518 = CARTESIAN_POINT ( 'NONE',  ( 0.9895695752569525494, 0.01912330662062953351, 13.99999999999999645 ) ) ;
#1519 = EDGE_CURVE ( 'NONE', #5643, #3066, #326, .T. ) ;
#1520 = ORIENTED_EDGE ( 'NONE', *, *, #5830, .F. ) ;
#1521 = EDGE_CURVE ( 'NONE', #4788, #7049, #6903, .T. ) ;
#1522 = ORIENTED_EDGE ( 'NONE', *, *, #5738, .T. ) ;
#1523 = DIRECTION ( 'NONE',  ( 0.000000000000000000, 0.000000000000000000, 1.000000000000000000 ) ) ;
#1524 = FACE_BOUND ( 'NONE', #7163, .T. ) ;
#1525 = ORIENTED_EDGE ( 'NONE', *, *, #6834, .F. ) ;
#1526 = CARTESIAN_POINT ( 'NONE',  ( -1.071729911523479961, 0.2726829676047792805, 9.293749999999999289 ) ) ;
#1527 = ADVANCED_FACE ( 'NONE', ( #226 ), #7358, .F. ) ;
#1528 = VERTEX_POINT ( 'NONE', #3366 ) ;
#1529 = EDGE_CURVE ( 'NONE', #1672, #6235, #2073, .T. ) ;
#1530 = CARTESIAN_POINT ( 'NONE',  ( 1.071729911523486845, -0.2726829676047642925, 9.968749999999998224 ) ) ;
#1531 = CARTESIAN_POINT ( 'NONE',  ( 0.2527409261506038951, 0.9933514102514432453, 11.02009618943231928 ) ) ;
#1532 = ORIENTED_EDGE ( 'NONE', *, *, #6093, .T. ) ;
#1533 = CARTESIAN_POINT ( 'NONE',  ( 1.226662469500802821, 0.3453764016845635720, 8.417187499999995381 ) ) ;
#1534 = CARTESIAN_POINT ( 'NONE',  ( -0.7720153328868000209, -0.7918038455725919800, 11.11249999999999716 ) ) ;
#1535 = CARTESIAN_POINT ( 'NONE',  ( 6.444838686433802089, -2.909304780501044796, -5.729735577732628649 ) ) ;
#1536 = CARTESIAN_POINT ( 'NONE',  ( 0.000000000000000000, 0.000000000000000000, 16.00000000000000000 ) ) ;
#1537 = LINE ( 'NONE', #3917, #2004 ) ;
#1538 = DIRECTION ( 'NONE',  ( -0.4991391323160829230, 0.8665218558067350196, 0.000000000000000000 ) ) ;
#1539 = CARTESIAN_POINT ( 'NONE',  ( -4.832046233295354654, -4.489023189881772069, -3.000000000000009770 ) ) ;
#1540 = DIRECTION ( 'NONE',  ( 0.2465765133176615331, 0.9691233270745808204, -3.429306921263217726E-16 ) ) ;
#1541 = EDGE_CURVE ( 'NONE', #254, #2679, #4381, .T. ) ;
#1542 = CARTESIAN_POINT ( 'NONE',  ( -0.7720153328868000209, -0.7918038455725919800, 12.51874999999999716 ) ) ;
#1543 = EDGE_CURVE ( 'NONE', #6269, #4457, #1444, .T. ) ;
#1544 = LINE ( 'NONE', #6138, #836 ) ;
#1545 = DIRECTION ( 'NONE',  ( 0.000000000000000000, 0.000000000000000000, 1.000000000000000000 ) ) ;
#1546 = ORIENTED_EDGE ( 'NONE', *, *, #4819, .T. ) ;
#1547 = CARTESIAN_POINT ( 'NONE',  ( -5.076717686546370345, 0.5288561568808033408, -2.923194615647152439 ) ) ;
#1548 = CARTESIAN_POINT ( 'NONE',  ( 0.8262526302591650662, 0.8474313685031579224, 11.74865381056767610 ) ) ;
#1549 = CARTESIAN_POINT ( 'NONE',  ( 1.071729911523486845, -0.2726829676047643480, 13.06249999999999822 ) ) ;
#1550 = DIRECTION ( 'NONE',  ( 0.1836913617453253822, 0.6828304940614045027, 0.7071067811865520136 ) ) ;
#1551 = CARTESIAN_POINT ( 'NONE',  ( 6.444838686433802089, 2.909304780501045684, 15.69999999999999218 ) ) ;
#1552 = AXIS2_PLACEMENT_3D ( 'NONE', #4026, #6391, #538 ) ;
#1553 = ORIENTED_EDGE ( 'NONE', *, *, #3231, .T. ) ;
#1554 = CARTESIAN_POINT ( 'NONE',  ( 0.3142264970239182498, 1.235009061298932398, 8.014062499999997868 ) ) ;
#1555 = ORIENTED_EDGE ( 'NONE', *, *, #2957, .T. ) ;
#1556 = CIRCLE ( 'NONE', #4511, 2.300000000000008704 ) ;
#1557 = DIRECTION ( 'NONE',  ( 0.3091869594143224487, -0.9510012745144593715, 0.000000000000000000 ) ) ;
#1558 = CARTESIAN_POINT ( 'NONE',  ( -0.9124359724768812407, 0.8896326596143752097, 11.71718749999999432 ) ) ;
#1559 = VECTOR ( 'NONE', #2822, 1000.000000000000000 ) ;
#1560 = CARTESIAN_POINT ( 'NONE',  ( 1.071729911523486845, -0.2726829676047642370, 9.968749999999998224 ) ) ;
#1561 = EDGE_CURVE ( 'NONE', #78, #4863, #6081, .T. ) ;
#1562 = AXIS2_PLACEMENT_3D ( 'NONE', #6473, #4733, #3591 ) ;
#1563 = ADVANCED_FACE ( 'NONE', ( #6659 ), #1368, .F. ) ;
#1564 = EDGE_LOOP ( 'NONE', ( #5067 ) ) ;
#1565 = AXIS2_PLACEMENT_3D ( 'NONE', #6894, #7565, #5707 ) ;
#1566 = APPLICATION_CONTEXT ( 'configuration controlled 3d designs of mechanical parts and assemblies' ) ;
#1567 = ORIENTED_EDGE ( 'NONE', *, *, #5140, .T. ) ;
#1568 = DIRECTION ( 'NONE',  ( 1.000000000000000000, 0.000000000000000000, 0.000000000000000000 ) ) ;
#1569 = EDGE_LOOP ( 'NONE', ( #5700 ) ) ;
#1570 = VERTEX_POINT ( 'NONE', #2037 ) ;
#1571 = CARTESIAN_POINT ( 'NONE',  ( 0.7720153328868069043, 0.7918038455726068570, 10.04374999999999929 ) ) ;
#1572 = VERTEX_POINT ( 'NONE', #3215 ) ;
#1573 = CARTESIAN_POINT ( 'NONE',  ( -0.2361503771250582362, -0.9281453293749780675, 11.59999999999999787 ) ) ;
#1574 = CARTESIAN_POINT ( 'NONE',  ( 0.7720153328868065712, 0.7918038455726065239, 14.03749999999999787 ) ) ;
#1575 = CARTESIAN_POINT ( 'NONE',  ( -0.9218726222051398800, -0.2595604389839062942, 11.52499999999999680 ) ) ;
#1576 = CARTESIAN_POINT ( 'NONE',  ( 4.065753027381878725E-16, -2.024594466550937630E-15, -25.99999999999999645 ) ) ;
#1577 = CARTESIAN_POINT ( 'NONE',  ( 10.98988223235498651, -2.848092819564359779, -2.712780562198326528 ) ) ;
#1578 = DIRECTION ( 'NONE',  ( -0.6946486423538396071, -0.1321486423538409671, -0.7071067811865504593 ) ) ;
#1579 = DIRECTION ( 'NONE',  ( 0.4991391323160802584, -0.8665218558067363519, -2.168404344971009115E-16 ) ) ;
#1580 = CARTESIAN_POINT ( 'NONE',  ( 11.28365824843880283, 1.624517322911301909, -3.500000000000007550 ) ) ;
#1581 = CARTESIAN_POINT ( 'NONE',  ( 0.3207707779579632712, -1.139271451999712692, 9.482596189432317857 ) ) ;
#1582 = AXIS2_PLACEMENT_3D ( 'NONE', #6161, #6124, #3182 ) ;
#1583 = CARTESIAN_POINT ( 'NONE',  ( -0.2997145786366771092, 1.064486813177378810, 12.81874999999999787 ) ) ;
#1584 = DIRECTION ( 'NONE',  ( 0.9656681455035628359, -0.2597788150710324540, -7.292349956650283374E-17 ) ) ;
#1585 = DIRECTION ( 'NONE',  ( 0.000000000000000000, 0.000000000000000000, -1.000000000000000000 ) ) ;
#1586 = VERTEX_POINT ( 'NONE', #1997 ) ;
#1587 = CARTESIAN_POINT ( 'NONE',  ( 0.1147417986138855595, 13.89952640630789915, -2.500000000000003997 ) ) ;
#1588 = ADVANCED_FACE ( 'NONE', ( #1524, #2722 ), #5582, .T. ) ;
#1589 = CARTESIAN_POINT ( 'NONE',  ( 0.8262526302591647331, 0.8474313685031579224, 13.54865381056767859 ) ) ;
#1590 = EDGE_CURVE ( 'NONE', #1312, #2972, #6197, .T. ) ;
#1591 = CONICAL_SURFACE ( 'NONE', #2091, 1.999999999999999778, 0.7853981633974526089 ) ;
#1592 = ORIENTED_EDGE ( 'NONE', *, *, #2390, .T. ) ;
#1593 = CARTESIAN_POINT ( 'NONE',  ( -1.027259311016472276, -1.053590308655646179, 8.201562499999999645 ) ) ;
#1594 = ORIENTED_EDGE ( 'NONE', *, *, #5386, .T. ) ;
#1595 = CARTESIAN_POINT ( 'NONE',  ( -6.198289006635946841, -9.567717250745662483, -2.500000000000011102 ) ) ;
#1596 = CARTESIAN_POINT ( 'NONE',  ( -0.7720153328868000209, -0.7918038455725919800, 11.61874999999999858 ) ) ;
#1597 = CARTESIAN_POINT ( 'NONE',  ( -0.6857222450800782854, 0.6685848903910791563, 10.15624999999999645 ) ) ;
#1598 = VECTOR ( 'NONE', #897, 1000.000000000000114 ) ;
#1599 = ADVANCED_FACE ( 'NONE', ( #2644 ), #3869, .F. ) ;
#1600 = ORIENTED_EDGE ( 'NONE', *, *, #4694, .F. ) ;
#1601 = B_SPLINE_CURVE_WITH_KNOTS ( 'NONE', 3,
 ( #7472, #953, #2832, #412, #3938, #374 ),
 .UNSPECIFIED., .F., .F.,
 ( 4, 2, 4 ),
 ( 1.971102454271092547E-07, 0.0004016241971379691999, 0.0008030512840305112886 ),
 .UNSPECIFIED. ) ;
#1602 = VERTEX_POINT ( 'NONE', #2572 ) ;
#1603 = VECTOR ( 'NONE', #5442, 1000.000000000000000 ) ;
#1604 = CARTESIAN_POINT ( 'NONE',  ( -10.13914676754892596, 6.603612861616150020, 12.00000000000000000 ) ) ;
#1605 = ORIENTED_EDGE ( 'NONE', *, *, #1225, .T. ) ;
#1606 = CARTESIAN_POINT ( 'NONE',  ( 4.065753027381878725E-16, -2.024594466550937630E-15, 7.749999999999998224 ) ) ;
#1607 = CARTESIAN_POINT ( 'NONE',  ( 0.000000000000000000, 3.250000000000000000, 11.00000000000000000 ) ) ;
#1608 = DIRECTION ( 'NONE',  ( -0.000000000000000000, -0.000000000000000000, 1.000000000000000000 ) ) ;
#1609 = CARTESIAN_POINT ( 'NONE',  ( -0.2361503771250580419, -0.9281453293749779565, 9.856249999999997513 ) ) ;
#1610 = CARTESIAN_POINT ( 'NONE',  ( -0.8262526302591579608, -0.8474313685031431564, 10.30759618943231715 ) ) ;
#1611 = AXIS2_PLACEMENT_3D ( 'NONE', #6399, #2960, #1119 ) ;
#1612 = CARTESIAN_POINT ( 'NONE',  ( 0.6857222450800846136, -0.6685848903910641683, 12.12499999999999645 ) ) ;
#1613 = CARTESIAN_POINT ( 'NONE',  ( -1.071729911523480405, 0.2726829676047791695, 13.28749999999999787 ) ) ;
#1614 = CARTESIAN_POINT ( 'NONE',  ( 0.2997145786366833264, -1.064486813177364155, 11.18749999999999822 ) ) ;
#1615 = CIRCLE ( 'NONE', #4067, 5.499999999999999112 ) ;
#1616 = CARTESIAN_POINT ( 'NONE',  ( 0.000000000000000000, 0.000000000000000000, 12.00000000000000000 ) ) ;
#1617 = CARTESIAN_POINT ( 'NONE',  ( 10.62254006404771189, -3.549642655846172445, -2.903486573560922324 ) ) ;
#1618 = EDGE_CURVE ( 'NONE', #4453, #1572, #2112, .T. ) ;
#1619 = DIRECTION ( 'NONE',  ( -2.565753199199158405E-18, -2.902514036010829075E-16, 1.000000000000000000 ) ) ;
#1620 = FACE_OUTER_BOUND ( 'NONE', #627, .T. ) ;
#1621 = DIRECTION ( 'NONE',  ( 0.2597788150710222954, 0.9656681455035657224, 2.809530629711173474E-16 ) ) ;
#1622 = EDGE_CURVE ( 'NONE', #2153, #5873, #3748, .T. ) ;
#1623 = CARTESIAN_POINT ( 'NONE',  ( -0.7338970930875372556, 0.7155557677481522161, 10.19509618943231821 ) ) ;
#1624 = ORIENTED_EDGE ( 'NONE', *, *, #6279, .F. ) ;
#1625 = EDGE_CURVE ( 'NONE', #4678, #616, #4456, .T. ) ;
#1626 = CARTESIAN_POINT ( 'NONE',  ( 0.2361503771250645367, 0.9281453293749930555, 12.33124999999999893 ) ) ;
#1627 = DIRECTION ( 'NONE',  ( 0.7071067811865491270, -0.7071067811865459074, 0.000000000000000000 ) ) ;
#1628 = DIRECTION ( 'NONE',  ( 1.000000000000000000, 0.000000000000000000, 0.000000000000000000 ) ) ;
#1629 = ORIENTED_EDGE ( 'NONE', *, *, #5248, .T. ) ;
#1630 = DIRECTION ( 'NONE',  ( -0.2597788150710226840, -0.9656681455035655004, 0.000000000000000000 ) ) ;
#1631 = CARTESIAN_POINT ( 'NONE',  ( 0.7338970930875434728, -0.7155557677481375611, 12.08615381056767646 ) ) ;
#1632 = CARTESIAN_POINT ( 'NONE',  ( -0.6857222450800786184, 0.6685848903910790453, 12.79999999999999716 ) ) ;
#1633 = FACE_OUTER_BOUND ( 'NONE', #154, .T. ) ;
#1634 = VECTOR ( 'NONE', #743, 1000.000000000000114 ) ;
#1635 = EDGE_LOOP ( 'NONE', ( #648 ) ) ;
#1636 = AXIS2_PLACEMENT_3D ( 'NONE', #2446, #7148, #1870 ) ;
#1637 = CARTESIAN_POINT ( 'NONE',  ( 1.027259311016479826, 1.053590308655661500, 8.876562500000000355 ) ) ;
#1638 = AXIS2_PLACEMENT_3D ( 'NONE', #4911, #3816, #3312 ) ;
#1639 = ORIENTED_EDGE ( 'NONE', *, *, #737, .F. ) ;
#1640 = CARTESIAN_POINT ( 'NONE',  ( 13.03343818998276049, 0.1182485631700051359, -5.500000000000007105 ) ) ;
#1641 = CARTESIAN_POINT ( 'NONE',  ( 0.6857222450800847247, -0.6685848903910641683, 10.83124999999999716 ) ) ;
#1642 = CARTESIAN_POINT ( 'NONE',  ( -0.7720153328867996878, -0.7918038455725918690, 9.368750000000000355 ) ) ;
#1643 = FACE_OUTER_BOUND ( 'NONE', #3141, .T. ) ;
#1644 = DIRECTION ( 'NONE',  ( -0.4999999999999993339, -0.4999999999999993339, -0.7071067811865484609 ) ) ;
#1645 = LINE ( 'NONE', #2263, #7227 ) ;
#1646 = ORIENTED_EDGE ( 'NONE', *, *, #1284, .F. ) ;
#1647 = ADVANCED_FACE ( 'NONE', ( #6812 ), #6392, .F. ) ;
#1648 = VERTEX_POINT ( 'NONE', #2190 ) ;
#1649 = CARTESIAN_POINT ( 'NONE',  ( 5.599574727274905683, 1.065252492916160199, 16.00000000000000000 ) ) ;
#1650 = PLANE ( 'NONE',  #5452 ) ;
#1651 = ORIENTED_EDGE ( 'NONE', *, *, #2892, .F. ) ;
#1652 = DIRECTION ( 'NONE',  ( -2.565753199199158405E-18, -2.902514036010829075E-16, 1.000000000000000000 ) ) ;
#1653 = AXIS2_PLACEMENT_3D ( 'NONE', #471, #7409, #5714 ) ;
#1654 = CARTESIAN_POINT ( 'NONE',  ( 5.170084957626292166, -0.4755205706677449462, -6.000000000000010658 ) ) ;
#1655 = CARTESIAN_POINT ( 'NONE',  ( 1.071729911523486845, -0.2726829676047642370, 9.068749999999996092 ) ) ;
#1656 = APPROVAL_PERSON_ORGANIZATION ( #1841, #5349, #4183 ) ;
#1657 = DIRECTION ( 'NONE',  ( 1.000000000000000000, 0.000000000000000000, 0.000000000000000000 ) ) ;
#1658 = CARTESIAN_POINT ( 'NONE',  ( 1.071729911523486400, -0.2726829676047643480, 13.96249999999999858 ) ) ;
#1659 = CARTESIAN_POINT ( 'NONE',  ( 1.071729911523486400, -0.2726829676047644035, 13.51249999999999751 ) ) ;
#1660 = CARTESIAN_POINT ( 'NONE',  ( -1.986336989910140014E-16, -7.722277833420959334E-15, -5.500000000000014211 ) ) ;
#1661 = CARTESIAN_POINT ( 'NONE',  ( 4.615917544767635938, -1.990130539619608729, -2.883923083294269496 ) ) ;
#1662 = FACE_OUTER_BOUND ( 'NONE', #2987, .T. ) ;
#1663 = CARTESIAN_POINT ( 'NONE',  ( -0.2527409261505971783, -0.9933514102514278132, 8.995096189432320699 ) ) ;
#1664 = ORIENTED_EDGE ( 'NONE', *, *, #2689, .T. ) ;
#1665 = CARTESIAN_POINT ( 'NONE',  ( 0.2997145786366831044, -1.064486813177364155, 13.49374999999999858 ) ) ;
#1666 = FACE_OUTER_BOUND ( 'NONE', #4924, .T. ) ;
#1667 = DIRECTION ( 'NONE',  ( 0.000000000000000000, 0.000000000000000000, 1.000000000000000000 ) ) ;
#1668 = ORIENTED_EDGE ( 'NONE', *, *, #3020, .F. ) ;
#1669 = FACE_OUTER_BOUND ( 'NONE', #3473, .T. ) ;
#1670 = CARTESIAN_POINT ( 'NONE',  ( 0.7338970930875433618, -0.7155557677481375611, 12.98615381056767681 ) ) ;
#1671 = CARTESIAN_POINT ( 'NONE',  ( -0.7720153328868002429, -0.7918038455725920910, 13.36249999999999716 ) ) ;
#1672 = VERTEX_POINT ( 'NONE', #4534 ) ;
#1673 = CARTESIAN_POINT ( 'NONE',  ( -0.9124359724768809077, 0.8896326596143754317, 8.989062499999999289 ) ) ;
#1674 = VERTEX_POINT ( 'NONE', #6314 ) ;
#1675 = CARTESIAN_POINT ( 'NONE',  ( 11.64807910107603739, 7.417848927601568221, 12.12890497068127971 ) ) ;
#1676 = CARTESIAN_POINT ( 'NONE',  ( -0.2361503771250582362, -0.9281453293749780675, 11.65624999999999822 ) ) ;
#1677 = CARTESIAN_POINT ( 'NONE',  ( -0.6857222450800782854, 0.6685848903910791563, 9.706249999999997158 ) ) ;
#1678 = DIRECTION ( 'NONE',  ( -0.4999999999999999445, 0.5000000000000023315, 0.7071067811865460184 ) ) ;
#1679 = DIRECTION ( 'NONE',  ( -0.9656681455035648343, 0.2597788150710256816, 7.292349956650084926E-17 ) ) ;
#1680 = CARTESIAN_POINT ( 'NONE',  ( 10.87761563792079933, 0.6981962715890326354, -3.000000000000007994 ) ) ;
#1681 = ORIENTED_EDGE ( 'NONE', *, *, #2337, .T. ) ;
#1682 = VECTOR ( 'NONE', #7144, 999.9999999999998863 ) ;
#1683 = ORIENTED_EDGE ( 'NONE', *, *, #5339, .T. ) ;
#1684 = DIRECTION ( 'NONE',  ( -0.9656681455035655004, 0.2597788150710230726, 7.292349956650012203E-17 ) ) ;
#1685 = VERTEX_POINT ( 'NONE', #2796 ) ;
#1686 = DIRECTION ( 'NONE',  ( 0.000000000000000000, 0.000000000000000000, 1.000000000000000000 ) ) ;
#1687 = VERTEX_POINT ( 'NONE', #6353 ) ;
#1688 = CARTESIAN_POINT ( 'NONE',  ( -2.282043276725981062, -4.768537241836604323, -2.981518525787260288 ) ) ;
#1689 = CARTESIAN_POINT ( 'NONE',  ( 0.9218726222051469854, 0.2595604389839208936, 8.656249999999996447 ) ) ;
#1690 = CARTESIAN_POINT ( 'NONE',  ( 0.3207707779579630492, -1.139271451999712692, 10.83259618943232105 ) ) ;
#1691 = ADVANCED_FACE ( 'NONE', ( #5823 ), #1650, .F. ) ;
#1692 = DIRECTION ( 'NONE',  ( -0.4991391323160827009, 0.8665218558067349086, 0.000000000000000000 ) ) ;
#1693 = CARTESIAN_POINT ( 'NONE',  ( -1.426065627985118711, 0.3628375052865481232, 9.954687499999996803 ) ) ;
#1694 = CARTESIAN_POINT ( 'NONE',  ( -10.43465397290603391, 6.899120066973257970, 15.69999999999699725 ) ) ;
#1695 = FACE_OUTER_BOUND ( 'NONE', #3719, .T. ) ;
#1696 = CARTESIAN_POINT ( 'NONE',  ( 1.065252492916142435, -5.599574727274918118, 16.00000000000000000 ) ) ;
#1697 = CARTESIAN_POINT ( 'NONE',  ( 6.425893240277693153, 10.25314996727268912, 12.37784182699226498 ) ) ;
#1698 = EDGE_CURVE ( 'NONE', #3931, #5275, #5815, .T. ) ;
#1699 = VERTEX_POINT ( 'NONE', #4056 ) ;
#1700 = CARTESIAN_POINT ( 'NONE',  ( -0.2361503771250580141, -0.9281453293749779565, 9.349999999999997868 ) ) ;
#1701 = CARTESIAN_POINT ( 'NONE',  ( -0.2997145786366769982, 1.064486813177378810, 12.36874999999999858 ) ) ;
#1702 = DIRECTION ( 'NONE',  ( 2.565753199199158405E-18, 2.902514036010829075E-16, -1.000000000000000000 ) ) ;
#1703 = CARTESIAN_POINT ( 'NONE',  ( -0.9218726222051396579, -0.2595604389839061832, 8.824999999999995737 ) ) ;
#1704 = DIRECTION ( 'NONE',  ( 0.4991391323160825344, -0.8665218558067352417, 0.000000000000000000 ) ) ;
#1705 = ORIENTED_EDGE ( 'NONE', *, *, #1379, .T. ) ;
#1706 = CARTESIAN_POINT ( 'NONE',  ( 6.198289006635946841, 9.567717250745644719, -2.500000000000005773 ) ) ;
#1707 = CARTESIAN_POINT ( 'NONE',  ( 0.9866380192381448699, 0.2777956425032976906, 10.81115381056767788 ) ) ;
#1708 = CARTESIAN_POINT ( 'NONE',  ( 1.558672890426126001, 5.794008873021386563, -3.000000000000006217 ) ) ;
#1709 = ADVANCED_FACE ( 'NONE', ( #5379 ), #2447, .F. ) ;
#1710 = EDGE_LOOP ( 'NONE', ( #7152 ) ) ;
#1711 = VECTOR ( 'NONE', #6774, 1000.000000000000000 ) ;
#1712 = DIRECTION ( 'NONE',  ( 0.4991391323160827009, -0.8665218558067349086, -2.891205793294678819E-16 ) ) ;
#1713 = ORIENTED_EDGE ( 'NONE', *, *, #1158, .F. ) ;
#1714 = DIRECTION ( 'NONE',  ( -0.4991391323160827009, 0.8665218558067349086, 0.000000000000000000 ) ) ;
#1715 = CARTESIAN_POINT ( 'NONE',  ( -0.7720153328868000209, -0.7918038455725919800, 12.06874999999999787 ) ) ;
#1716 = CARTESIAN_POINT ( 'NONE',  ( 0.2361503771250648975, 0.9281453293749931666, 8.731249999999997513 ) ) ;
#1717 = LINE ( 'NONE', #1758, #28 ) ;
#1718 = CARTESIAN_POINT ( 'NONE',  ( -10.25314996727275307, 6.425893240277583018, 12.37784182699226321 ) ) ;
#1719 = ADVANCED_FACE ( 'NONE', ( #1180 ), #3585, .T. ) ;
#1720 = DIRECTION ( 'NONE',  ( -0.4999999999999996669, -0.5000000000000019984, 0.7071067811865464625 ) ) ;
#1721 = ORIENTED_EDGE ( 'NONE', *, *, #5154, .T. ) ;
#1722 = EDGE_CURVE ( 'NONE', #5510, #1674, #610, .T. ) ;
#1723 = EDGE_LOOP ( 'NONE', ( #5033, #415, #3631, #2560 ) ) ;
#1724 = CARTESIAN_POINT ( 'NONE',  ( -8.945648912799535779, 7.066495986620836334, -3.500000000000006661 ) ) ;
#1725 = CIRCLE ( 'NONE', #4921, 5.999999999999999112 ) ;
#1726 = B_SPLINE_CURVE_WITH_KNOTS ( 'NONE', 3,
 ( #3370, #4664, #465, #5204, #582, #2312, #7568, #7531 ),
 .UNSPECIFIED., .F., .F.,
 ( 4, 2, 2, 4 ),
 ( 0.000000000000000000, 0.0003972724776191838953, 0.0007945449552383677906, 0.001589089910476733413 ),
 .UNSPECIFIED. ) ;
#1727 = ORIENTED_EDGE ( 'NONE', *, *, #1804, .T. ) ;
#1728 = FACE_OUTER_BOUND ( 'NONE', #902, .T. ) ;
#1729 = CARTESIAN_POINT ( 'NONE',  ( -0.6183739188286451194, 1.902002549028919187, 0.2000000000000005107 ) ) ;
#1730 = DIRECTION ( 'NONE',  ( -0.6828304940614132734, 0.1836913617453269920, 0.7071067811865431318 ) ) ;
#1731 = CARTESIAN_POINT ( 'NONE',  ( 0.7338970930875434728, -0.7155557677481375611, 11.77009618943231928 ) ) ;
#1732 = AXIS2_PLACEMENT_3D ( 'NONE', #703, #3643, #856 ) ;
#1733 = DIRECTION ( 'NONE',  ( -0.000000000000000000, 0.000000000000000000, 1.000000000000000000 ) ) ;
#1734 = CARTESIAN_POINT ( 'NONE',  ( -0.3142264970239111443, -1.235009061298916855, 9.167187499999997158 ) ) ;
#1735 =( BOUNDED_CURVE ( )  B_SPLINE_CURVE ( 2, ( #1387, #3769, #3729, #2051, #6096, #5518, #245, #2586, #6136, #284, #2626, #4978, #6985, #6367, #6948, #4037, #976, #1740, #5130, #4670, #5211, #553, #1014, #3336, #1663, #5251, #5755, #2279, #3303, #5679, #396, #1089, #2737, #4552, #5094, #5173, #6907, #1581, #7497, #5716, #3376, #2810, #2207, #7575, #2244, #4595, #4001, #7457, #2168, #3921, #6871, #3415, #6292, #434, #6330, #5793, #1623, #510, #5203, #1610, #5164, #3289, #424, #2882, #7528, #6896, #1081, #4462, #6857, #2843, #6278, #3949, #2233, #1690, #1116, #6818, #7446, #6938, #1531, #5664, #3407, #2726, #4030, #6321, #3991, #5786, #6356, #501, #2157, #7567, #6396, #3451, #544, #1004, #6475, #1809, #69, #3594, #1731, #656, #619, #2993, #543, #5355, #4184, #4804, #5828, #7159, #5968, #4736, #2881, #2346, #4029, #4147, #7055, #2416, #6395, #1155, #7126, #579, #1772, #7089, #7606, #2453, #5283, #4701, #4066, #6510, #1189, #1222, #4661, #690, #4107, #3523, #4771, #5898, #3561, #1115, #2956, #5322, #39, #6436, #2380, #3489, #5933, #1842, #6545, #3450, #1255, #5863, #3023, #2920, #2309, #5242, #7641, #5390, #105, #7019, #5425 ),
 .UNSPECIFIED., .F., .T. ) 
 B_SPLINE_CURVE_WITH_KNOTS ( ( 3, 2, 2, 2, 2, 2, 2, 2, 2, 2, 2, 2, 2, 2, 2, 2, 2, 2, 2, 2, 2, 2, 2, 2, 2, 2, 2, 2, 2, 2, 2, 2, 2, 2, 2, 2, 2, 2, 2, 2, 2, 2, 2, 2, 2, 2, 2, 2, 2, 2, 2, 2, 2, 2, 2, 2, 2, 2, 2, 2, 2, 2, 2, 2, 2, 2, 2, 2, 2, 2, 2, 2, 2, 2, 2, 2, 2, 2, 2, 3 ),
 ( 0.03605937780771306667, 0.04444444444444444614, 0.05555555555555555247, 0.06666666666666666574, 0.07777777777777777901, 0.08888888888888889228, 0.1000000000000000056, 0.1111111111111111188, 0.1222222222222222182, 0.1333333333333333315, 0.1444444444444444309, 0.1555555555555555580, 0.1666666666666666574, 0.1777777777777777846, 0.1888888888888888840, 0.2000000000000000111, 0.2111111111111111105, 0.2222222222222222376, 0.2333333333333333370, 0.2444444444444444364, 0.2555555555555555358, 0.2666666666666666630, 0.2777777777777777901, 0.2888888888888888618, 0.2999999999999999889, 0.3111111111111111160, 0.3222222222222222432, 0.3333333333333333148, 0.3444444444444444420, 0.3555555555555555691, 0.3666666666666666408, 0.3777777777777777679, 0.3888888888888888951, 0.4000000000000000222, 0.4111111111111111494, 0.4222222222222222210, 0.4333333333333333481, 0.4444444444444444753, 0.4555555555555555469, 0.4666666666666666741, 0.4777777777777778012, 0.4888888888888888729, 0.5000000000000000000, 0.5111111111111110716, 0.5222222222222223653, 0.5333333333333333259, 0.5444444444444443976, 0.5555555555555555802, 0.5666666666666666519, 0.5777777777777777235, 0.5888888888888889062, 0.5999999999999999778, 0.6111111111111110494, 0.6222222222222222321, 0.6333333333333333037, 0.6444444444444444864, 0.6555555555555555580, 0.6666666666666666297, 0.6777777777777777013, 0.6888888888888888840, 0.6999999999999999556, 0.7111111111111111382, 0.7222222222222222099, 0.7333333333333332815, 0.7444444444444444642, 0.7555555555555555358, 0.7666666666666667185, 0.7777777777777777901, 0.7888888888888888618, 0.8000000000000000444, 0.8111111111111111160, 0.8222222222222222987, 0.8333333333333333703, 0.8444444444444444420, 0.8555555555555555136, 0.8666666666666666963, 0.8777777777777777679, 0.8888888888888889506, 0.9000000000000000222, 0.9079944683659739724 ),
 .UNSPECIFIED. ) 
 CURVE ( )  GEOMETRIC_REPRESENTATION_ITEM ( )  RATIONAL_B_SPLINE_CURVE ( ( 0.9503891204640950718, 0.8988952674793004860, 1.000000000000000000, 0.8660254037844387076, 1.000000000000000000, 0.8660254037844387076, 1.000000000000000000, 0.8660254037844387076, 1.000000000000000000, 0.8660254037844387076, 1.000000000000000000, 0.8660254037844387076, 1.000000000000000000, 0.8660254037844387076, 1.000000000000000000, 0.8660254037844387076, 1.000000000000000000, 0.8660254037844387076, 1.000000000000000000, 0.8660254037844387076, 1.000000000000000000, 0.8660254037844387076, 1.000000000000000000, 0.8660254037844387076, 1.000000000000000000, 0.8660254037844387076, 1.000000000000000000, 0.8660254037844387076, 1.000000000000000000, 0.8660254037844387076, 1.000000000000000000, 0.8660254037844387076, 1.000000000000000000, 0.8660254037844387076, 1.000000000000000000, 0.8660254037844387076, 1.000000000000000000, 0.8660254037844387076, 1.000000000000000000, 0.8660254037844387076, 1.000000000000000000, 0.8660254037844387076, 1.000000000000000000, 0.8660254037844387076, 1.000000000000000000, 0.8660254037844387076, 1.000000000000000000, 0.8660254037844387076, 1.000000000000000000, 0.8660254037844387076, 1.000000000000000000, 0.8660254037844387076, 1.000000000000000000, 0.8660254037844387076, 1.000000000000000000, 0.8660254037844387076, 1.000000000000000000, 0.8660254037844387076, 1.000000000000000000, 0.8660254037844387076, 1.000000000000000000, 0.8660254037844387076, 1.000000000000000000, 0.8660254037844387076, 1.000000000000000000, 0.8660254037844387076, 1.000000000000000000, 0.8660254037844387076, 1.000000000000000000, 0.8660254037844387076, 1.000000000000000000, 0.8660254037844387076, 1.000000000000000000, 0.8660254037844387076, 1.000000000000000000, 0.8660254037844387076, 1.000000000000000000, 0.8660254037844387076, 1.000000000000000000, 0.8660254037844387076, 1.000000000000000000, 0.8660254037844387076, 1.000000000000000000, 0.8660254037844387076, 1.000000000000000000, 0.8660254037844387076, 1.000000000000000000, 0.8660254037844387076, 1.000000000000000000, 0.8660254037844387076, 1.000000000000000000, 0.8660254037844387076, 1.000000000000000000, 0.8660254037844387076, 1.000000000000000000, 0.8660254037844387076, 1.000000000000000000, 0.8660254037844387076, 1.000000000000000000, 0.8660254037844387076, 1.000000000000000000, 0.8660254037844387076, 1.000000000000000000, 0.8660254037844387076, 1.000000000000000000, 0.8660254037844387076, 1.000000000000000000, 0.8660254037844387076, 1.000000000000000000, 0.8660254037844387076, 1.000000000000000000, 0.8660254037844387076, 1.000000000000000000, 0.8660254037844387076, 1.000000000000000000, 0.8660254037844387076, 1.000000000000000000, 0.8660254037844387076, 1.000000000000000000, 0.8660254037844387076, 1.000000000000000000, 0.8660254037844387076, 1.000000000000000000, 0.8660254037844387076, 1.000000000000000000, 0.8660254037844387076, 1.000000000000000000, 0.8660254037844387076, 1.000000000000000000, 0.8660254037844387076, 1.000000000000000000, 0.8660254037844387076, 1.000000000000000000, 0.8660254037844387076, 1.000000000000000000, 0.8660254037844387076, 1.000000000000000000, 0.8660254037844387076, 1.000000000000000000, 0.8660254037844387076, 1.000000000000000000, 0.8660254037844387076, 1.000000000000000000, 0.8660254037844387076, 1.000000000000000000, 0.8660254037844387076, 1.000000000000000000, 0.8660254037844387076, 1.000000000000000000, 0.8660254037844387076, 1.000000000000000000, 0.8660254037844387076, 1.000000000000000000, 0.8660254037844387076, 1.000000000000000000, 0.8660254037844387076, 1.000000000000000000, 0.9036049895839515234, 0.9459228142214908264 ) ) 
 REPRESENTATION_ITEM ( '' )  );
#1736 = DIRECTION ( 'NONE',  ( -2.565753199199158405E-18, -2.902514036010829075E-16, 1.000000000000000000 ) ) ;
#1737 = DIRECTION ( 'NONE',  ( 0.2597788150710226285, 0.9656681455035653894, 0.000000000000000000 ) ) ;
#1738 = CARTESIAN_POINT ( 'NONE',  ( 4.839538808873408371, -0.7444734902080701877, -2.800538006243838307 ) ) ;
#1739 = LINE ( 'NONE', #4709, #6636 ) ;
#1740 = CARTESIAN_POINT ( 'NONE',  ( 0.8262526302591653993, 0.8474313685031581445, 8.732596189432319633 ) ) ;
#1741 = VERTEX_POINT ( 'NONE', #4652 ) ;
#1742 = CARTESIAN_POINT ( 'NONE',  ( -0.2997145786366767206, 1.064486813177379032, 8.712499999999998579 ) ) ;
#1743 = VECTOR ( 'NONE', #3398, 1000.000000000000114 ) ;
#1744 = CARTESIAN_POINT ( 'NONE',  ( -6.603612861616039886, 10.13914676754898814, 12.73116666813527686 ) ) ;
#1745 = CARTESIAN_POINT ( 'NONE',  ( -0.2361503771250580141, -0.9281453293749779565, 9.349999999999997868 ) ) ;
#1746 = FACE_BOUND ( 'NONE', #70, .T. ) ;
#1747 = EDGE_LOOP ( 'NONE', ( #6271, #7105, #5838, #1033 ) ) ;
#1748 = ADVANCED_FACE ( 'NONE', ( #7006 ), #5206, .F. ) ;
#1749 = DIRECTION ( 'NONE',  ( -0.4991391323160827009, 0.8665218558067349086, 2.891205793294678819E-16 ) ) ;
#1750 = CARTESIAN_POINT ( 'NONE',  ( -0.9866380192381382086, -0.2777956425032831467, 11.48615381056767859 ) ) ;
#1751 = DIRECTION ( 'NONE',  ( 0.4991391323160825899, -0.8665218558067350196, -2.891205793294678819E-16 ) ) ;
#1752 = CARTESIAN_POINT ( 'NONE',  ( 10.35416071697658502, 6.261837716857172609, 12.19403295125577813 ) ) ;
#1753 = CARTESIAN_POINT ( 'NONE',  ( 6.280548451550700406, 4.099354967275222528, -3.000000000000007105 ) ) ;
#1754 = ORIENTED_EDGE ( 'NONE', *, *, #601, .F. ) ;
#1755 = CARTESIAN_POINT ( 'NONE',  ( 6.131101634384969579, 9.317963608805589715, -2.950330825996557493 ) ) ;
#1756 = CARTESIAN_POINT ( 'NONE',  ( 0.9218726222051464303, 0.2595604389839206716, 13.15624999999999822 ) ) ;
#1757 = CARTESIAN_POINT ( 'NONE',  ( -1.071729911523480183, 0.2726829676047792250, 12.44374999999999787 ) ) ;
#1758 = CARTESIAN_POINT ( 'NONE',  ( 2.909304780501112297, 6.444838686433771002, -5.729735577732635754 ) ) ;
#1759 = CARTESIAN_POINT ( 'NONE',  ( 0.000000000000000000, 0.000000000000000000, 12.00000000000000000 ) ) ;
#1760 = ORIENTED_EDGE ( 'NONE', *, *, #7455, .T. ) ;
#1761 = CONICAL_SURFACE ( 'NONE', #1500, 1.500000000000000000, 0.7853981633974530530 ) ;
#1762 = CIRCLE ( 'NONE', #3224, 12.09999999999999964 ) ;
#1763 = EDGE_CURVE ( 'NONE', #6082, #5392, #5313, .T. ) ;
#1764 = VERTEX_POINT ( 'NONE', #569 ) ;
#1765 = CARTESIAN_POINT ( 'NONE',  ( -9.567717250745587876, 6.198289006636039211, -4.500000000000006217 ) ) ;
#1766 = CARTESIAN_POINT ( 'NONE',  ( -0.3988063169686429932, 1.416427813942202185, 10.30156249999999751 ) ) ;
#1767 = EDGE_LOOP ( 'NONE', ( #5911, #5934, #338, #910 ) ) ;
#1768 = ADVANCED_FACE ( 'NONE', ( #4724 ), #4210, .T. ) ;
#1769 = CARTESIAN_POINT ( 'NONE',  ( 11.21498648448603852, -6.641428455355081972, -5.499999999998327560 ) ) ;
#1770 = CONICAL_SURFACE ( 'NONE', #5456, 2.000000000000000000, 0.7853981633974469467 ) ;
#1771 = VERTEX_POINT ( 'NONE', #1113 ) ;
#1772 = CARTESIAN_POINT ( 'NONE',  ( -0.2527409261505975113, -0.9933514102514280353, 12.59509618943231679 ) ) ;
#1773 = ORIENTED_EDGE ( 'NONE', *, *, #2672, .F. ) ;
#1774 = VECTOR ( 'NONE', #808, 1000.000000000000000 ) ;
#1775 = CARTESIAN_POINT ( 'NONE',  ( 1.226662469500802599, 0.3453764016845636275, 9.767187499999996803 ) ) ;
#1776 = DIRECTION ( 'NONE',  ( 1.000000000000000000, 0.000000000000000000, 0.000000000000000000 ) ) ;
#1777 = FACE_OUTER_BOUND ( 'NONE', #6572, .T. ) ;
#1778 = CARTESIAN_POINT ( 'NONE',  ( 11.55226035649777039, -6.862159456424702597, -3.997397452648568716 ) ) ;
#1779 = ORIENTED_EDGE ( 'NONE', *, *, #2954, .T. ) ;
#1780 = CARTESIAN_POINT ( 'NONE',  ( -1.071729911523479961, 0.2726829676047792805, 9.237499999999998934 ) ) ;
#1781 = CARTESIAN_POINT ( 'NONE',  ( 0.2361503771250648420, 0.9281453293749931666, 9.124999999999998224 ) ) ;
#1782 = CARTESIAN_POINT ( 'NONE',  ( 8.945648912799585517, -7.066495986620790148, -3.500000000000010214 ) ) ;
#1783 = VERTEX_POINT ( 'NONE', #5923 ) ;
#1784 = CARTESIAN_POINT ( 'NONE',  ( -1.558672890426126445, -5.794008873021401662, -6.000000000000009770 ) ) ;
#1785 = CARTESIAN_POINT ( 'NONE',  ( 1.147023408217124896, -0.2918400834965618196, 9.873653810567677880 ) ) ;
#1786 = CARTESIAN_POINT ( 'NONE',  ( -0.6857222450800786184, 0.6685848903910790453, 13.69999999999999751 ) ) ;
#1787 = EDGE_LOOP ( 'NONE', ( #6968, #2142, #7170, #1960 ) ) ;
#1788 = EDGE_CURVE ( 'NONE', #4776, #4657, #4076, .T. ) ;
#1789 = ORIENTED_EDGE ( 'NONE', *, *, #6455, .F. ) ;
#1790 = CARTESIAN_POINT ( 'NONE',  ( -1.426065627985119155, 0.3628375052865479011, 13.55468749999999645 ) ) ;
#1791 = EDGE_LOOP ( 'NONE', ( #988, #4695, #2641, #321 ) ) ;
#1792 = PLANE ( 'NONE',  #2663 ) ;
#1793 = CARTESIAN_POINT ( 'NONE',  ( -0.9218726222051396579, -0.2595604389839061277, 7.924999999999998046 ) ) ;
#1794 = CARTESIAN_POINT ( 'NONE',  ( 0.7720153328868067932, 0.7918038455726068570, 10.49374999999999858 ) ) ;
#1795 = CARTESIAN_POINT ( 'NONE',  ( -2.037652053894123175E-16, -8.302780640623127022E-15, -3.500000000000008438 ) ) ;
#1796 = DIRECTION ( 'NONE',  ( -0.000000000000000000, -0.000000000000000000, -1.000000000000000000 ) ) ;
#1797 = CARTESIAN_POINT ( 'NONE',  ( -10.35366736456559700, 6.262648025456944545, 12.19478790094338194 ) ) ;
#1798 = CARTESIAN_POINT ( 'NONE',  ( 1.495091218127919896, -7.859052248806898788, 16.00000000000000000 ) ) ;
#1799 = VERTEX_POINT ( 'NONE', #1213 ) ;
#1800 = EDGE_CURVE ( 'NONE', #6236, #6236, #1880, .T. ) ;
#1801 = ORIENTED_EDGE ( 'NONE', *, *, #7556, .F. ) ;
#1802 = AXIS2_PLACEMENT_3D ( 'NONE', #3341, #398, #4401 ) ;
#1803 = CARTESIAN_POINT ( 'NONE',  ( -11.34046542128397306, -7.635131238675357146, 12.50760534207398500 ) ) ;
#1804 = EDGE_CURVE ( 'NONE', #7398, #7398, #7059, .T. ) ;
#1805 = CARTESIAN_POINT ( 'NONE',  ( -0.9124359724768810187, 0.8896326596143752097, 9.889062499999997868 ) ) ;
#1806 = ORIENTED_EDGE ( 'NONE', *, *, #5056, .T. ) ;
#1807 = CARTESIAN_POINT ( 'NONE',  ( -10.93636137628848637, 3.047783749619147553, -2.712420392444180095 ) ) ;
#1808 = VERTEX_POINT ( 'NONE', #2269 ) ;
#1809 = CARTESIAN_POINT ( 'NONE',  ( -0.8262526302591581828, -0.8474313685031431564, 11.65759618943231679 ) ) ;
#1810 = AXIS2_PLACEMENT_3D ( 'NONE', #7052, #5236, #2450 ) ;
#1811 = CARTESIAN_POINT ( 'NONE',  ( 0.3922397125331666401, -13.51156246699914298, -3.697507468016392185 ) ) ;
#1812 = AXIS2_PLACEMENT_3D ( 'NONE', #7311, #4410, #1437 ) ;
#1813 = CARTESIAN_POINT ( 'NONE',  ( 2.909304780501023480, -6.444838686433811858, 13.00000000000000178 ) ) ;
#1814 = DIRECTION ( 'NONE',  ( 1.000000000000000000, 0.000000000000000000, 0.000000000000000000 ) ) ;
#1815 = CARTESIAN_POINT ( 'NONE',  ( 4.557079067350048085, -1.344592411230122631, -2.661327133959427549 ) ) ;
#1816 = CIRCLE ( 'NONE', #834, 1.352549999999999253 ) ;
#1817 = CARTESIAN_POINT ( 'NONE',  ( -12.08107470081068513, 6.874418817138786331, -4.500000000000006217 ) ) ;
#1818 = ORIENTED_EDGE ( 'NONE', *, *, #4259, .F. ) ;
#1819 = AXIS2_PLACEMENT_3D ( 'NONE', #3112, #2541, #4895 ) ;
#1820 = DIRECTION ( 'NONE',  ( 0.2597788150710226285, 0.9656681455035655004, 0.000000000000000000 ) ) ;
#1821 = EDGE_LOOP ( 'NONE', ( #217 ) ) ;
#1822 = CARTESIAN_POINT ( 'NONE',  ( -6.316388033404770397, -9.490329605690728698, -3.982004276006800847 ) ) ;
#1823 = CARTESIAN_POINT ( 'NONE',  ( -0.8262526302591581828, -0.8474313685031432675, 10.62365381056767610 ) ) ;
#1824 = CARTESIAN_POINT ( 'NONE',  ( -0.2997145786366772202, 1.064486813177378810, 13.66249999999999787 ) ) ;
#1825 = VERTEX_POINT ( 'NONE', #2335 ) ;
#1826 = CARTESIAN_POINT ( 'NONE',  ( -0.6857222450800785074, 0.6685848903910791563, 11.50624999999999787 ) ) ;
#1827 = VERTEX_POINT ( 'NONE', #4690 ) ;
#1828 = ORIENTED_EDGE ( 'NONE', *, *, #649, .T. ) ;
#1829 = DIRECTION ( 'NONE',  ( -0.000000000000000000, -0.000000000000000000, -1.000000000000000000 ) ) ;
#1830 = CARTESIAN_POINT ( 'NONE',  ( 0.9218726222051469854, 0.2595604389839208936, 8.149999999999996803 ) ) ;
#1831 = CARTESIAN_POINT ( 'NONE',  ( -0.6857222450800785074, 0.6685848903910791563, 10.60624999999999751 ) ) ;
#1832 = DIRECTION ( 'NONE',  ( -0.000000000000000000, -0.000000000000000000, 1.000000000000000000 ) ) ;
#1833 = CARTESIAN_POINT ( 'NONE',  ( 0.000000000000000000, 0.000000000000000000, 10.59999999999999964 ) ) ;
#1834 = ORIENTED_EDGE ( 'NONE', *, *, #2262, .T. ) ;
#1835 = VECTOR ( 'NONE', #6496, 1000.000000000000114 ) ;
#1836 = EDGE_LOOP ( 'NONE', ( #4655, #1019, #2908, #6693 ) ) ;
#1837 = CARTESIAN_POINT ( 'NONE',  ( 13.37124398273722825, 0.05342046111844268863, -4.241152777923141493 ) ) ;
#1838 = CARTESIAN_POINT ( 'NONE',  ( -1.226662469500795938, -0.3453764016845491946, 11.76406249999999787 ) ) ;
#1839 = ORIENTED_EDGE ( 'NONE', *, *, #4161, .T. ) ;
#1840 = ADVANCED_FACE ( 'NONE', ( #61, #4761 ), #6536, .T. ) ;
#1841 = PERSON_AND_ORGANIZATION ( #6722, #7448 ) ;
#1842 = CARTESIAN_POINT ( 'NONE',  ( 0.3207707779579627716, -1.139271451999712914, 13.53259618943231679 ) ) ;
#1843 = EDGE_LOOP ( 'NONE', ( #1187 ) ) ;
#1844 = DIRECTION ( 'NONE',  ( 2.565753199199158405E-18, 2.902514036010829075E-16, -1.000000000000000000 ) ) ;
#1845 = CARTESIAN_POINT ( 'NONE',  ( -2.202197999314421395, 7.151945467620370422, 13.00000000000000178 ) ) ;
#1846 = DIRECTION ( 'NONE',  ( 1.000000000000000000, 0.000000000000000000, 0.000000000000000000 ) ) ;
#1847 = CARTESIAN_POINT ( 'NONE',  ( 9.567717250745902291, -6.198289006636063192, -2.635821127863692936 ) ) ;
#1848 = CARTESIAN_POINT ( 'NONE',  ( -10.87761563792079755, -0.6981962715890503990, -3.000000000000054623 ) ) ;
#1849 = FACE_OUTER_BOUND ( 'NONE', #5445, .T. ) ;
#1850 = VERTEX_POINT ( 'NONE', #5232 ) ;
#1851 = ADVANCED_BREP_SHAPE_REPRESENTATION ( 'Repeat Direct Drive 2822 V3', ( #4117, #6611, #6458 ), #53 ) ;
#1852 = CARTESIAN_POINT ( 'NONE',  ( 0.2361503771250648143, 0.9281453293749931666, 9.574999999999997513 ) ) ;
#1853 = CARTESIAN_POINT ( 'NONE',  ( 1.071729911523487067, -0.2726829676047641815, 8.112499999999998934 ) ) ;
#1854 = AXIS2_PLACEMENT_3D ( 'NONE', #2394, #4083, #5802 ) ;
#1855 = CARTESIAN_POINT ( 'NONE',  ( -6.959305004152999352, -9.030322999027896813, -3.500000000000011546 ) ) ;
#1856 = CARTESIAN_POINT ( 'NONE',  ( 1.147023408217124674, -0.2918400834965618196, 11.22365381056767752 ) ) ;
#1857 = VERTEX_POINT ( 'NONE', #4095 ) ;
#1858 = EDGE_CURVE ( 'NONE', #4678, #1873, #1762, .T. ) ;
#1859 = CARTESIAN_POINT ( 'NONE',  ( 10.13914676754892419, 6.603612861616150020, 12.73116666813528219 ) ) ;
#1860 = CIRCLE ( 'NONE', #2468, 10.89999999999999858 ) ;
#1861 = VERTEX_POINT ( 'NONE', #3655 ) ;
#1862 = LINE ( 'NONE', #1207, #4039 ) ;
#1863 = VERTEX_POINT ( 'NONE', #4249 ) ;
#1864 = CARTESIAN_POINT ( 'NONE',  ( -2.037652053894123175E-16, -8.302780640623127022E-15, -3.500000000000008438 ) ) ;
#1865 = CARTESIAN_POINT ( 'NONE',  ( -0.2997145786366771092, 1.064486813177378588, 13.26874999999999716 ) ) ;
#1866 = CARTESIAN_POINT ( 'NONE',  ( 1.071729911523486845, -0.2726829676047642370, 10.41874999999999929 ) ) ;
#1867 = LINE ( 'NONE', #4170, #3821 ) ;
#1868 = EDGE_CURVE ( 'NONE', #2194, #2194, #4086, .T. ) ;
#1869 = CIRCLE ( 'NONE', #2472, 1.999999999999999556 ) ;
#1870 = DIRECTION ( 'NONE',  ( -0.4991391323160825899, 0.8665218558067350196, 2.168404344971009115E-16 ) ) ;
#1871 = DIRECTION ( 'NONE',  ( 2.565753199199158405E-18, 2.902514036010829075E-16, -1.000000000000000000 ) ) ;
#1872 = ORIENTED_EDGE ( 'NONE', *, *, #717, .F. ) ;
#1873 = VERTEX_POINT ( 'NONE', #5569 ) ;
#1874 = CARTESIAN_POINT ( 'NONE',  ( -2.257004256625574801, -10.96928751539019231, -2.904176135331586472 ) ) ;
#1875 = CARTESIAN_POINT ( 'NONE',  ( -0.3988063169686429932, 1.416427813942202185, 10.75156250000000036 ) ) ;
#1876 = CIRCLE ( 'NONE', #3097, 5.499999999999996447 ) ;
#1877 = DATE_AND_TIME ( #6653, #2023 ) ;
#1878 = CARTESIAN_POINT ( 'NONE',  ( -10.43465397290524699, -6.899120066972471932, 15.69999999999999218 ) ) ;
#1879 = ADVANCED_FACE ( 'NONE', ( #2021 ), #4369, .F. ) ;
#1880 = CIRCLE ( 'NONE', #6186, 5.500000000000000000 ) ;
#1881 = DIRECTION ( 'NONE',  ( 0.4999999999999996669, 0.5000000000000019984, 0.7071067811865464625 ) ) ;
#1882 = ORIENTED_EDGE ( 'NONE', *, *, #5528, .T. ) ;
#1883 = CARTESIAN_POINT ( 'NONE',  ( -11.17590210907451898, 7.640368203141742143, 12.87352342514968839 ) ) ;
#1884 = CIRCLE ( 'NONE', #5214, 1.249999999999988898 ) ;
#1885 = CARTESIAN_POINT ( 'NONE',  ( 4.349212160543565631, 4.618912597417269339, -6.000000000000006217 ) ) ;
#1886 = CARTESIAN_POINT ( 'NONE',  ( 0.8164830372681548543, 0.6082242321619191205, 13.99999999999999467 ) ) ;
#1887 = DIRECTION ( 'NONE',  ( -4.930380657631323784E-32, 3.538566068381624782E-16, 1.000000000000000000 ) ) ;
#1888 = CARTESIAN_POINT ( 'NONE',  ( -6.937986705640120100, -11.54265529284568181, -3.883894448163391910 ) ) ;
#1889 = ORIENTED_EDGE ( 'NONE', *, *, #6845, .F. ) ;
#1890 = CARTESIAN_POINT ( 'NONE',  ( 1.071729911523486845, -0.2726829676047642370, 10.86874999999999858 ) ) ;
#1891 = DIRECTION ( 'NONE',  ( 0.4991391323160825899, -0.8665218558067350196, -2.689493761204351931E-16 ) ) ;
#1892 = AXIS2_PLACEMENT_3D ( 'NONE', #2128, #5170, #7536 ) ;
#1893 = CARTESIAN_POINT ( 'NONE',  ( -0.6857222450800786184, 0.6685848903910791563, 11.89999999999999503 ) ) ;
#1894 = CARTESIAN_POINT ( 'NONE',  ( 0.9218726222051469854, 0.2595604389839208936, 8.599999999999996092 ) ) ;
#1895 = CARTESIAN_POINT ( 'NONE',  ( -6.280548451550700406, -4.099354967275238515, -5.500000000000007994 ) ) ;
#1896 = EDGE_CURVE ( 'NONE', #3982, #6072, #4079, .T. ) ;
#1897 = CARTESIAN_POINT ( 'NONE',  ( -0.7338970930875371446, 0.7155557677481523271, 8.711153810567678235 ) ) ;
#1898 = CARTESIAN_POINT ( 'NONE',  ( 0.2997145786366830489, -1.064486813177364155, 13.88749999999999751 ) ) ;
#1899 = ORIENTED_EDGE ( 'NONE', *, *, #4032, .F. ) ;
#1900 = AXIS2_PLACEMENT_3D ( 'NONE', #2584, #6709, #7372 ) ;
#1901 = CARTESIAN_POINT ( 'NONE',  ( 0.04276965762786176517, 12.99022585431648835, -5.666715816025870822 ) ) ;
#1902 = ORIENTED_EDGE ( 'NONE', *, *, #2514, .F. ) ;
#1903 = CARTESIAN_POINT ( 'NONE',  ( -4.559552315680482693, 1.782663713435273856, -2.799950667394373038 ) ) ;
#1904 = CARTESIAN_POINT ( 'NONE',  ( 0.2997145786366836040, -1.064486813177363933, 8.487499999999998934 ) ) ;
#1905 = CARTESIAN_POINT ( 'NONE',  ( -1.071729911523480183, 0.2726829676047792805, 10.64374999999999893 ) ) ;
#1906 = CARTESIAN_POINT ( 'NONE',  ( -9.656681455035631245, 2.597788150710303334, -3.000000000000007105 ) ) ;
#1907 = LINE ( 'NONE', #7307, #2738 ) ;
#1908 = ORIENTED_EDGE ( 'NONE', *, *, #2833, .F. ) ;
#1909 = ORIENTED_EDGE ( 'NONE', *, *, #3944, .T. ) ;
#1910 = DIRECTION ( 'NONE',  ( 2.565753199199158405E-18, 2.902514036010829075E-16, -1.000000000000000000 ) ) ;
#1911 = CARTESIAN_POINT ( 'NONE',  ( -0.9124359724768809077, 0.8896326596143752097, 9.017187499999995026 ) ) ;
#1912 = CARTESIAN_POINT ( 'NONE',  ( -0.9124359724768811297, 0.8896326596143752097, 10.78906249999999822 ) ) ;
#1913 = PERSON_AND_ORGANIZATION_ROLE ( 'design_supplier' ) ;
#1914 = FACE_OUTER_BOUND ( 'NONE', #5857, .T. ) ;
#1915 = VERTEX_POINT ( 'NONE', #5526 ) ;
#1916 = ORIENTED_EDGE ( 'NONE', *, *, #5153, .T. ) ;
#1917 = CARTESIAN_POINT ( 'NONE',  ( 13.53149764725406889, 1.019815740682259886, -3.500000000000008438 ) ) ;
#1918 = DIRECTION ( 'NONE',  ( 1.000000000000000000, 0.000000000000000000, 0.000000000000000000 ) ) ;
#1919 = DIRECTION ( 'NONE',  ( -0.000000000000000000, 0.000000000000000000, 1.000000000000000000 ) ) ;
#1920 = DIRECTION ( 'NONE',  ( 2.565753199199158405E-18, 2.902514036010829075E-16, -1.000000000000000000 ) ) ;
#1921 = DIRECTION ( 'NONE',  ( -0.2465765133176615331, -0.9691233270745808204, 0.000000000000000000 ) ) ;
#1922 = CIRCLE ( 'NONE', #1812, 2.000000000000000000 ) ;
#1923 = CARTESIAN_POINT ( 'NONE',  ( 1.121318413595938868, -5.894289186605173647, 12.00000000000000000 ) ) ;
#1924 = EDGE_CURVE ( 'NONE', #1412, #6970, #2594, .T. ) ;
#1925 = ORIENTED_EDGE ( 'NONE', *, *, #1896, .T. ) ;
#1926 = CARTESIAN_POINT ( 'NONE',  ( 0.6857222450800847247, -0.6685848903910641683, 10.83124999999999716 ) ) ;
#1927 = CARTESIAN_POINT ( 'NONE',  ( 0.000000000000000000, 0.000000000000000000, 16.00000000000000000 ) ) ;
#1928 = CARTESIAN_POINT ( 'NONE',  ( 1.071729911523486845, -0.2726829676047642370, 9.912499999999997868 ) ) ;
#1929 = AXIS2_PLACEMENT_3D ( 'NONE', #5525, #3238, #4406 ) ;
#1930 = CARTESIAN_POINT ( 'NONE',  ( -0.6857222450800786184, 0.6685848903910790453, 12.79999999999999716 ) ) ;
#1931 = CARTESIAN_POINT ( 'NONE',  ( 0.2997145786366834930, -1.064486813177363933, 9.387499999999999289 ) ) ;
#1932 = CARTESIAN_POINT ( 'NONE',  ( -6.444838686433802089, -2.909304780501045684, -5.729735577732628649 ) ) ;
#1933 = CARTESIAN_POINT ( 'NONE',  ( 0.9866380192381450920, 0.2777956425032977461, 9.011153810567678946 ) ) ;
#1934 = EDGE_CURVE ( 'NONE', #5736, #3444, #4833, .T. ) ;
#1935 = CARTESIAN_POINT ( 'NONE',  ( -6.232706652077832921, 3.121436814857014852, 16.00000000000000000 ) ) ;
#1936 = DIRECTION ( 'NONE',  ( 1.000000000000000000, 0.000000000000000000, 0.000000000000000000 ) ) ;
#1937 = VERTEX_POINT ( 'NONE', #3090 ) ;
#1938 = AXIS2_PLACEMENT_3D ( 'NONE', #2919, #460, #2800 ) ;
#1939 = CARTESIAN_POINT ( 'NONE',  ( 10.60171134674122051, -5.833672335569183076, 12.00000000000000000 ) ) ;
#1940 = EDGE_LOOP ( 'NONE', ( #7401 ) ) ;
#1941 = CARTESIAN_POINT ( 'NONE',  ( -4.662485793788522237, 1.016410559504820954, -2.686249938782344859 ) ) ;
#1942 = CARTESIAN_POINT ( 'NONE',  ( -0.2997145786366767206, 1.064486813177379032, 8.712499999999998579 ) ) ;
#1943 = DIRECTION ( 'NONE',  ( -1.000000000000000000, 0.000000000000000000, 0.000000000000000000 ) ) ;
#1944 = CARTESIAN_POINT ( 'NONE',  ( -9.656681455035631245, 2.597788150710304222, -6.000000000000007105 ) ) ;
#1945 = EDGE_CURVE ( 'NONE', #3168, #511, #1907, .T. ) ;
#1946 = ORIENTED_EDGE ( 'NONE', *, *, #1042, .F. ) ;
#1947 = ADVANCED_FACE ( 'NONE', ( #2062, #833 ), #2633, .F. ) ;
#1948 = ORIENTED_EDGE ( 'NONE', *, *, #6268, .F. ) ;
#1949 = DIRECTION ( 'NONE',  ( 0.4991391323160825344, -0.8665218558067352417, -2.891205793294677833E-16 ) ) ;
#1950 = CARTESIAN_POINT ( 'NONE',  ( 1.027259311016479826, 1.053590308655661278, 9.804687499999998224 ) ) ;
#1951 = EDGE_CURVE ( 'NONE', #6542, #4453, #3246, .T. ) ;
#1952 = CARTESIAN_POINT ( 'NONE',  ( -1.226662469500796160, -0.3453764016845491946, 13.11406249999999929 ) ) ;
#1953 = ADVANCED_FACE ( 'NONE', ( #177 ), #1354, .F. ) ;
#1954 = APPROVAL_DATE_TIME ( #3060, #3965 ) ;
#1955 = DIRECTION ( 'NONE',  ( 0.9656681455035655004, -0.2597788150710230726, -7.292349956650012203E-17 ) ) ;
#1956 = AXIS2_PLACEMENT_3D ( 'NONE', #2589, #2553, #4947 ) ;
#1957 = ORIENTED_EDGE ( 'NONE', *, *, #6358, .T. ) ;
#1958 = ORIENTED_EDGE ( 'NONE', *, *, #7455, .F. ) ;
#1959 = CARTESIAN_POINT ( 'NONE',  ( 11.25839262310079292, -6.480462370377622072, -5.666715816025322816 ) ) ;
#1960 = ORIENTED_EDGE ( 'NONE', *, *, #2028, .F. ) ;
#1961 = CARTESIAN_POINT ( 'NONE',  ( 0.9928362278879161451, -0.1893403589664986730, 8.090810329877047735 ) ) ;
#1962 = CARTESIAN_POINT ( 'NONE',  ( -11.37341638859650672, -0.7845673061111628765, -3.870146775263018757 ) ) ;
#1963 = DIRECTION ( 'NONE',  ( 0.4991391323160934146, -0.8665218558067289134, -3.154042683594196600E-16 ) ) ;
#1964 = DIRECTION ( 'NONE',  ( -0.000000000000000000, 0.000000000000000000, 1.000000000000000000 ) ) ;
#1965 = DIRECTION ( 'NONE',  ( -2.565753199199158405E-18, -2.902514036010829075E-16, 1.000000000000000000 ) ) ;
#1966 = ORIENTED_EDGE ( 'NONE', *, *, #4113, .F. ) ;
#1967 = CARTESIAN_POINT ( 'NONE',  ( 5.357714494388358339, 2.700906402787930372, -2.500000000000007550 ) ) ;
#1968 = CARTESIAN_POINT ( 'NONE',  ( -1.071729911523479961, 0.2726829676047792805, 10.13749999999999929 ) ) ;
#1969 = CARTESIAN_POINT ( 'NONE',  ( 0.6857222450800847247, -0.6685848903910641683, 10.77499999999999680 ) ) ;
#1970 = CARTESIAN_POINT ( 'NONE',  ( -0.7720153328867996878, -0.7918038455725918690, 10.21249999999999680 ) ) ;
#1971 = DIRECTION ( 'NONE',  ( 2.565753199199158405E-18, 2.902514036010829075E-16, -1.000000000000000000 ) ) ;
#1972 = CIRCLE ( 'NONE', #2216, 1.352549999999998365 ) ;
#1973 = CARTESIAN_POINT ( 'NONE',  ( -0.7338970930875371446, 0.7155557677481524381, 8.261153810567675393 ) ) ;
#1974 = CARTESIAN_POINT ( 'NONE',  ( 3.617369471206522746, 10.55125424267069612, -2.935182483687546640 ) ) ;
#1975 = CARTESIAN_POINT ( 'NONE',  ( 10.18465572053226254, 7.073385883311429367, 16.00000000000000000 ) ) ;
#1976 = DIRECTION ( 'NONE',  ( -0.9804261166812020534, -0.1968873528935216333, 0.000000000000000000 ) ) ;
#1977 = CARTESIAN_POINT ( 'NONE',  ( 0.9218726222051465413, 0.2595604389839207271, 11.80624999999999680 ) ) ;
#1978 = ORIENTED_EDGE ( 'NONE', *, *, #2235, .T. ) ;
#1979 = CYLINDRICAL_SURFACE ( 'NONE', #5624, 6.000000000000000000 ) ;
#1980 = CARTESIAN_POINT ( 'NONE',  ( -0.2997145786366772202, 1.064486813177378810, 13.71874999999999645 ) ) ;
#1981 = CARTESIAN_POINT ( 'NONE',  ( -6.177585487843401779, -1.444796712477796952, -6.000000000000008882 ) ) ;
#1982 = DIRECTION ( 'NONE',  ( 2.565753199199158405E-18, 2.902514036010829075E-16, -1.000000000000000000 ) ) ;
#1983 = CARTESIAN_POINT ( 'NONE',  ( -5.644400730121142296, -3.659336059698221622, -4.500000000000008882 ) ) ;
#1984 = DIRECTION ( 'NONE',  ( -2.565753199199158405E-18, -2.902514036010829075E-16, 1.000000000000000000 ) ) ;
#1985 = VECTOR ( 'NONE', #7452, 999.9999999999998863 ) ;
#1986 = ORIENTED_EDGE ( 'NONE', *, *, #5064, .T. ) ;
#1987 = DESIGN_CONTEXT ( 'detailed design', #4576, 'design' ) ;
#1988 = ORIENTED_EDGE ( 'NONE', *, *, #6778, .T. ) ;
#1989 = VECTOR ( 'NONE', #6182, 1000.000000000000000 ) ;
#1990 = DIRECTION ( 'NONE',  ( 1.092944362199429846E-17, -5.442458243416499620E-17, -1.000000000000000000 ) ) ;
#1991 = CARTESIAN_POINT ( 'NONE',  ( -0.3142264970239115329, -1.235009061298917077, 12.76718749999999503 ) ) ;
#1992 = CARTESIAN_POINT ( 'NONE',  ( -0.3988063169686432152, 1.416427813942202185, 13.45156249999999964 ) ) ;
#1993 = CARTESIAN_POINT ( 'NONE',  ( -10.18465572053226254, -7.073385883311429367, 16.00000000000000000 ) ) ;
#1994 = ORIENTED_EDGE ( 'NONE', *, *, #3534, .T. ) ;
#1995 = EDGE_CURVE ( 'NONE', #2837, #5824, #6069, .T. ) ;
#1996 = DIRECTION ( 'NONE',  ( 0.000000000000000000, 0.000000000000000000, -1.000000000000000000 ) ) ;
#1997 = CARTESIAN_POINT ( 'NONE',  ( 2.475830869222263253, -4.911238286522682017, -6.000000000000009770 ) ) ;
#1998 = ORIENTED_EDGE ( 'NONE', *, *, #7065, .T. ) ;
#1999 = DIRECTION ( 'NONE',  ( -0.4991391323160828120, 0.8665218558067350196, 0.000000000000000000 ) ) ;
#2000 = CARTESIAN_POINT ( 'NONE',  ( 0.2361503771250649530, 0.9281453293749931666, 8.281249999999996447 ) ) ;
#2001 = DIRECTION ( 'NONE',  ( -0.000000000000000000, -0.000000000000000000, -1.000000000000000000 ) ) ;
#2002 = DIRECTION ( 'NONE',  ( 1.000000000000000000, 0.000000000000000000, 0.000000000000000000 ) ) ;
#2003 = ORIENTED_EDGE ( 'NONE', *, *, #243, .T. ) ;
#2004 = VECTOR ( 'NONE', #6211, 1000.000000000000114 ) ;
#2005 = CARTESIAN_POINT ( 'NONE',  ( -0.6857222450800785074, 0.6685848903910791563, 10.54999999999999716 ) ) ;
#2006 = ADVANCED_FACE ( 'NONE', ( #791, #5414 ), #2480, .T. ) ;
#2007 = CIRCLE ( 'NONE', #1900, 11.40000000000000036 ) ;
#2008 = CARTESIAN_POINT ( 'NONE',  ( -0.2361503771250582639, -0.9281453293749780675, 12.04999999999999716 ) ) ;
#2009 = CARTESIAN_POINT ( 'NONE',  ( -0.2361503771250580974, -0.9281453293749779565, 10.24999999999999645 ) ) ;
#2010 = DIRECTION ( 'NONE',  ( -0.7071067811865532349, -0.7071067811865417996, 0.000000000000000000 ) ) ;
#2011 = CARTESIAN_POINT ( 'NONE',  ( -11.33623952100882626, 6.156271072842512737, -6.000000000000006217 ) ) ;
#2012 = DIRECTION ( 'NONE',  ( 1.000000000000000000, 0.000000000000000000, 0.000000000000000000 ) ) ;
#2013 = DIRECTION ( 'NONE',  ( 0.000000000000000000, 0.000000000000000000, 1.000000000000000000 ) ) ;
#2014 = CARTESIAN_POINT ( 'NONE',  ( -5.894289186605170094, 1.121318413595959518, 12.00000000000000000 ) ) ;
#2015 = CYLINDRICAL_SURFACE ( 'NONE', #6752, 1.000000000000000000 ) ;
#2016 = ORIENTED_EDGE ( 'NONE', *, *, #4109, .F. ) ;
#2017 = CARTESIAN_POINT ( 'NONE',  ( -4.615917544767622616, 1.990130539619622052, -2.883923083294268164 ) ) ;
#2018 = AXIS2_PLACEMENT_3D ( 'NONE', #6983, #551, #589 ) ;
#2019 = FACE_OUTER_BOUND ( 'NONE', #302, .T. ) ;
#2020 = DIRECTION ( 'NONE',  ( -2.565753199199158405E-18, -2.902514036010829075E-16, 1.000000000000000000 ) ) ;
#2021 = FACE_OUTER_BOUND ( 'NONE', #5465, .T. ) ;
#2022 = ORIENTED_EDGE ( 'NONE', *, *, #6441, .F. ) ;
#2023 = LOCAL_TIME ( 21, 43, 29.00000000000000000, #1362 ) ;
#2024 =( BOUNDED_CURVE ( )  B_SPLINE_CURVE ( 3, ( #4993, #4376, #4957, #764 ),
 .UNSPECIFIED., .F., .F. ) 
 B_SPLINE_CURVE_WITH_KNOTS ( ( 4, 4 ),
 ( 1.570171579932870154, 1.608548252332374640 ),
 .UNSPECIFIED. ) 
 CURVE ( )  GEOMETRIC_REPRESENTATION_ITEM ( )  RATIONAL_B_SPLINE_CURVE ( ( 1.000000000000000000, 0.9998772730169580569, 0.9998772730169580569, 1.000000000000000000 ) ) 
 REPRESENTATION_ITEM ( '' )  );
#2025 = CARTESIAN_POINT ( 'NONE',  ( -3.659336059698155008, 5.644400730121170717, -3.500000000000006661 ) ) ;
#2026 = CARTESIAN_POINT ( 'NONE',  ( 0.3142264970239176947, 1.235009061298932176, 13.44218749999999574 ) ) ;
#2027 = CARTESIAN_POINT ( 'NONE',  ( -1.426065627985119155, 0.3628375052865480122, 12.62656250000000036 ) ) ;
#2028 = EDGE_CURVE ( 'NONE', #7239, #4156, #4871, .T. ) ;
#2029 = CARTESIAN_POINT ( 'NONE',  ( -2.037652053894123175E-16, -8.302780640623127022E-15, -3.500000000000008438 ) ) ;
#2030 = ORIENTED_EDGE ( 'NONE', *, *, #5486, .T. ) ;
#2031 = B_SPLINE_CURVE_WITH_KNOTS ( 'NONE', 3,
 ( #7375, #6791, #6177, #6252, #936, #6296, #1502, #4437, #2628, #3850 ),
 .UNSPECIFIED., .F., .F.,
 ( 4, 2, 2, 2, 4 ),
 ( 0.000000000000000000, 0.0003996822723885655329, 0.0007993645447771310659, 0.001199046817165696707, 0.001598729089554262132 ),
 .UNSPECIFIED. ) ;
#2032 = EDGE_CURVE ( 'NONE', #3254, #3254, #6934, .T. ) ;
#2033 = EDGE_LOOP ( 'NONE', ( #1206 ) ) ;
#2034 = FACE_BOUND ( 'NONE', #5304, .T. ) ;
#2035 = ORIENTED_EDGE ( 'NONE', *, *, #6470, .F. ) ;
#2036 = CARTESIAN_POINT ( 'NONE',  ( 0.8396352566011313634, -0.4606879517952032765, 14.00000000000000000 ) ) ;
#2037 = CARTESIAN_POINT ( 'NONE',  ( -5.467514421272259284, -6.717514421272150038, 12.00000000000000000 ) ) ;
#2038 = CARTESIAN_POINT ( 'NONE',  ( -12.89491241143501377, 0.3622621998210405203, -6.000000000000007994 ) ) ;
#2039 = ADVANCED_FACE ( 'NONE', ( #6646 ), #2559, .F. ) ;
#2040 = ORIENTED_EDGE ( 'NONE', *, *, #6846, .T. ) ;
#2041 = CARTESIAN_POINT ( 'NONE',  ( -0.6857222450800785074, 0.6685848903910791563, 10.60624999999999751 ) ) ;
#2042 = CARTESIAN_POINT ( 'NONE',  ( 4.099354967275209205, -6.280548451550721722, -6.000000000000009770 ) ) ;
#2043 = CARTESIAN_POINT ( 'NONE',  ( -0.9218726222051398800, -0.2595604389839062942, 10.62499999999999645 ) ) ;
#2044 = CARTESIAN_POINT ( 'NONE',  ( 0.9218726222051465413, 0.2595604389839207271, 12.19999999999999574 ) ) ;
#2045 = CARTESIAN_POINT ( 'NONE',  ( 0.7720153328868070153, 0.7918038455726068570, 8.637499999999999289 ) ) ;
#2046 = VECTOR ( 'NONE', #6073, 1000.000000000000227 ) ;
#2047 = CARTESIAN_POINT ( 'NONE',  ( 7.635158559291375546, 11.34046032197701770, 12.50757547835304528 ) ) ;
#2048 = CARTESIAN_POINT ( 'NONE',  ( -0.2527409261505971783, -0.9933514102514280353, 8.861153810567678590 ) ) ;
#2049 = DIRECTION ( 'NONE',  ( -0.6828304940614081664, 0.1836913617453286574, 0.7071067811865475727 ) ) ;
#2050 = DIRECTION ( 'NONE',  ( 0.4991391323160825899, -0.8665218558067350196, -2.502285170733345177E-16 ) ) ;
#2051 = CARTESIAN_POINT ( 'NONE',  ( 1.147023408217124896, -0.2918400834965617086, 8.207596189432317502 ) ) ;
#2052 = CARTESIAN_POINT ( 'NONE',  ( 0.7720153328868066822, 0.7918038455726065239, 11.84374999999999822 ) ) ;
#2053 = AXIS2_PLACEMENT_3D ( 'NONE', #7195, #1910, #4875 ) ;
#2054 = FACE_OUTER_BOUND ( 'NONE', #5350, .T. ) ;
#2055 = CARTESIAN_POINT ( 'NONE',  ( 10.15428296884890358, -6.580525678976696824, 12.73370439062652437 ) ) ;
#2056 = B_SPLINE_CURVE_WITH_KNOTS ( 'NONE', 3,
 ( #282, #5596, #2086, #165, #781, #3767, #7214, #1344, #1497, #203, #4976, #3687, #2549, #4901, #1974, #4320, #6094, #6869 ),
 .UNSPECIFIED., .F., .F.,
 ( 4, 2, 2, 2, 2, 2, 2, 2, 4 ),
 ( 0.0008681117967675792925, 0.001180060587692432182, 0.001492009378617284963, 0.001803958169542137962, 0.002115906960466990960, 0.002427855751391843741, 0.002739804542316696522, 0.003051753333241549737, 0.003363702124166402518 ),
 .UNSPECIFIED. ) ;
#2057 = ORIENTED_EDGE ( 'NONE', *, *, #568, .F. ) ;
#2058 = CARTESIAN_POINT ( 'NONE',  ( 11.38616895624280012, 0.5613880118889729154, -2.500000000000008438 ) ) ;
#2059 = DIRECTION ( 'NONE',  ( 2.565753199199158405E-18, 2.902514036010829075E-16, -1.000000000000000000 ) ) ;
#2060 = AXIS2_PLACEMENT_3D ( 'NONE', #1046, #2806, #5169 ) ;
#2061 = DIRECTION ( 'NONE',  ( -0.000000000000000000, 0.000000000000000000, 1.000000000000000000 ) ) ;
#2062 = FACE_OUTER_BOUND ( 'NONE', #4960, .T. ) ;
#2063 = EDGE_LOOP ( 'NONE', ( #6766 ) ) ;
#2064 = VERTEX_POINT ( 'NONE', #1470 ) ;
#2065 = CARTESIAN_POINT ( 'NONE',  ( 1.495091218128028698, 7.859052248806878360, 15.70000000000000284 ) ) ;
#2066 = CARTESIAN_POINT ( 'NONE',  ( 1.426065627985125372, -0.3628375052865331352, 11.07968749999999858 ) ) ;
#2067 = CARTESIAN_POINT ( 'NONE',  ( 1.426065627985125150, -0.3628375052865331907, 12.85156249999999822 ) ) ;
#2068 = DIRECTION ( 'NONE',  ( 0.2597788150710230726, 0.9656681455035655004, 2.809530629711171502E-16 ) ) ;
#2069 = ORIENTED_EDGE ( 'NONE', *, *, #6680, .T. ) ;
#2070 = ORIENTED_EDGE ( 'NONE', *, *, #5571, .T. ) ;
#2071 = EDGE_CURVE ( 'NONE', #4787, #3125, #325, .T. ) ;
#2072 = CARTESIAN_POINT ( 'NONE',  ( 0.000000000000000000, 0.000000000000000000, 11.00000000000000000 ) ) ;
#2073 = LINE ( 'NONE', #3830, #5080 ) ;
#2074 = EDGE_LOOP ( 'NONE', ( #1909, #1035, #5849, #3131 ) ) ;
#2075 = CARTESIAN_POINT ( 'NONE',  ( -6.697143117985448590, -3.376133003484933059, -6.000000000000008882 ) ) ;
#2076 = CARTESIAN_POINT ( 'NONE',  ( -0.2997145786366767206, 1.064486813177379032, 8.768749999999998934 ) ) ;
#2077 = CARTESIAN_POINT ( 'NONE',  ( -1.960852233362403885, -0.3937747057870432110, 11.19999999999999751 ) ) ;
#2078 = FACE_OUTER_BOUND ( 'NONE', #2063, .T. ) ;
#2079 = ORIENTED_EDGE ( 'NONE', *, *, #2539, .F. ) ;
#2080 = CIRCLE ( 'NONE', #4786, 1.250000000000001110 ) ;
#2081 = EDGE_CURVE ( 'NONE', #7478, #1850, #3239, .T. ) ;
#2082 = CARTESIAN_POINT ( 'NONE',  ( -1.226662469500795716, -0.3453764016845490281, 7.742187499999996447 ) ) ;
#2083 = CARTESIAN_POINT ( 'NONE',  ( -0.2997145786366771092, 1.064486813177378588, 13.21249999999999858 ) ) ;
#2084 = DIRECTION ( 'NONE',  ( 0.000000000000000000, 0.000000000000000000, 1.000000000000000000 ) ) ;
#2085 = CARTESIAN_POINT ( 'NONE',  ( 0.000000000000000000, 0.000000000000000000, 8.000000000000000000 ) ) ;
#2086 = CARTESIAN_POINT ( 'NONE',  ( 1.976625532701218324, 10.86240059337045771, -2.983730977301270126 ) ) ;
#2087 = CYLINDRICAL_SURFACE ( 'NONE', #625, 1.249999999999988454 ) ;
#2088 = DIRECTION ( 'NONE',  ( 1.000000000000000000, 0.000000000000000000, 0.000000000000000000 ) ) ;
#2089 = EDGE_CURVE ( 'NONE', #4382, #554, #366, .T. ) ;
#2090 = CARTESIAN_POINT ( 'NONE',  ( -0.9218726222051399910, -0.2595604389839062942, 12.03124999999999645 ) ) ;
#2091 = AXIS2_PLACEMENT_3D ( 'NONE', #2551, #7257, #1976 ) ;
#2092 = CARTESIAN_POINT ( 'NONE',  ( -6.163974365719621318, 10.41301478351955190, 12.12176487116136414 ) ) ;
#2093 = DIRECTION ( 'NONE',  ( 2.565753199199158405E-18, 2.902514036010829075E-16, -1.000000000000000000 ) ) ;
#2094 = ADVANCED_FACE ( 'NONE', ( #2707 ), #6756, .T. ) ;
#2095 = VERTEX_POINT ( 'NONE', #2671 ) ;
#2096 = DIRECTION ( 'NONE',  ( 0.000000000000000000, 0.000000000000000000, -1.000000000000000000 ) ) ;
#2097 = ADVANCED_FACE ( 'NONE', ( #6258, #5022 ), #4483, .F. ) ;
#2098 = CARTESIAN_POINT ( 'NONE',  ( -1.147023408217118234, 0.2918400834965766411, 12.34865381056767575 ) ) ;
#2099 = CARTESIAN_POINT ( 'NONE',  ( -13.89952640630790803, 0.1147417986137340695, -5.500000000000007105 ) ) ;
#2100 = CARTESIAN_POINT ( 'NONE',  ( 6.232706652077832032, -3.121436814857014408, 16.00000000000000000 ) ) ;
#2101 = CIRCLE ( 'NONE', #6412, 2.000000000000000000 ) ;
#2102 = EDGE_CURVE ( 'NONE', #4121, #1857, #986, .T. ) ;
#2103 = ORIENTED_EDGE ( 'NONE', *, *, #1461, .F. ) ;
#2104 = FACE_OUTER_BOUND ( 'NONE', #6219, .T. ) ;
#2105 = CARTESIAN_POINT ( 'NONE',  ( -0.9124359724768813518, 0.8896326596143749876, 13.06718749999999751 ) ) ;
#2106 = CARTESIAN_POINT ( 'NONE',  ( 1.426065627985125150, -0.3628375052865331907, 14.20156249999999964 ) ) ;
#2107 = CONICAL_SURFACE ( 'NONE', #3568, 5.999999999999999112, 0.7853981633974482790 ) ;
#2108 = FACE_BOUND ( 'NONE', #2916, .T. ) ;
#2109 = CIRCLE ( 'NONE', #6424, 2.299999999999996714 ) ;
#2110 = ORIENTED_EDGE ( 'NONE', *, *, #6203, .T. ) ;
#2111 = CARTESIAN_POINT ( 'NONE',  ( 2.897004436510688841, -0.7793364452130856490, -6.000000000000007994 ) ) ;
#2112 = LINE ( 'NONE', #4929, #5705 ) ;
#2113 = ORIENTED_EDGE ( 'NONE', *, *, #1061, .T. ) ;
#2114 =( BOUNDED_CURVE ( )  B_SPLINE_CURVE ( 3, ( #5085, #2728, #966, #5668 ),
 .UNSPECIFIED., .F., .F. ) 
 B_SPLINE_CURVE_WITH_KNOTS ( ( 4, 4 ),
 ( 1.748725332027746271, 1.771571594750465772 ),
 .UNSPECIFIED. ) 
 CURVE ( )  GEOMETRIC_REPRESENTATION_ITEM ( )  RATIONAL_B_SPLINE_CURVE ( ( 1.000000000000000000, 0.9999565044962732685, 0.9999565044962732685, 1.000000000000000000 ) ) 
 REPRESENTATION_ITEM ( '' )  );
#2115 = CARTESIAN_POINT ( 'NONE',  ( 0.5793657672452162677, -0.7872513337787288012, 8.057236013429321275 ) ) ;
#2116 = CARTESIAN_POINT ( 'NONE',  ( 1.071729911523487067, -0.2726829676047641815, 8.168749999999999289 ) ) ;
#2117 = EDGE_CURVE ( 'NONE', #536, #707, #2253, .T. ) ;
#2118 = CARTESIAN_POINT ( 'NONE',  ( 6.938033939193547717, -12.04465379571362327, -2.267949192431181427 ) ) ;
#2119 = AXIS2_PLACEMENT_3D ( 'NONE', #4861, #2583, #6634 ) ;
#2120 = CARTESIAN_POINT ( 'NONE',  ( -0.9218726222051397690, -0.2595604389839061832, 9.781249999999998224 ) ) ;
#2121 = ORIENTED_EDGE ( 'NONE', *, *, #31, .F. ) ;
#2122 = LINE ( 'NONE', #928, #6371 ) ;
#2123 = CARTESIAN_POINT ( 'NONE',  ( 0.2997145786366834375, -1.064486813177363933, 10.28749999999999787 ) ) ;
#2124 = CARTESIAN_POINT ( 'NONE',  ( 0.3142264970239182498, 1.235009061298932398, 7.592187499999996092 ) ) ;
#2125 = CARTESIAN_POINT ( 'NONE',  ( -0.9218726222051399910, -0.2595604389839062942, 11.97499999999999609 ) ) ;
#2126 = CARTESIAN_POINT ( 'NONE',  ( 7.121493961366990533, 11.88646269574313052, 11.99999999999999822 ) ) ;
#2127 = CARTESIAN_POINT ( 'NONE',  ( 0.6857222450800845026, -0.6685848903910643903, 13.98124999999999751 ) ) ;
#2128 = CARTESIAN_POINT ( 'NONE',  ( 0.000000000000000000, 0.000000000000000000, 12.00000000000000000 ) ) ;
#2129 = FACE_OUTER_BOUND ( 'NONE', #336, .T. ) ;
#2130 = CARTESIAN_POINT ( 'NONE',  ( -7.016205697400369701, 10.26858420574003894, 15.90022110176778725 ) ) ;
#2131 = AXIS2_PLACEMENT_3D ( 'NONE', #5675, #3333, #6364 ) ;
#2132 = CARTESIAN_POINT ( 'NONE',  ( 0.7720153328868066822, 0.7918038455726065239, 12.74374999999999858 ) ) ;
#2133 = DIRECTION ( 'NONE',  ( 1.000000000000000000, 0.000000000000000000, 0.000000000000000000 ) ) ;
#2134 = CARTESIAN_POINT ( 'NONE',  ( -1.019815740682127325, 13.53149764725407067, -3.500000000000003997 ) ) ;
#2135 = ORIENTED_EDGE ( 'NONE', *, *, #6294, .F. ) ;
#2136 = CARTESIAN_POINT ( 'NONE',  ( -5.894289186605170983, 1.121318413595959740, 15.69999999999998508 ) ) ;
#2137 = AXIS2_PLACEMENT_3D ( 'NONE', #3342, #360, #5683 ) ;
#2138 = CARTESIAN_POINT ( 'NONE',  ( -0.2527409261505975113, -0.9933514102514282573, 12.46115381056767824 ) ) ;
#2139 = CARTESIAN_POINT ( 'NONE',  ( 0.2997145786366831599, -1.064486813177364155, 12.98749999999999716 ) ) ;
#2140 = CARTESIAN_POINT ( 'NONE',  ( -6.717514421272220204, 6.717514421272190006, 16.00000000000000000 ) ) ;
#2141 = DIRECTION ( 'NONE',  ( -0.9656681455035655004, 0.2597788150710230726, 7.292349956650012203E-17 ) ) ;
#2142 = ORIENTED_EDGE ( 'NONE', *, *, #4691, .F. ) ;
#2143 = VECTOR ( 'NONE', #6905, 1000.000000000000114 ) ;
#2144 = CARTESIAN_POINT ( 'NONE',  ( -1.426065627985118267, 0.3628375052865481787, 8.576562499999999645 ) ) ;
#2145 = ORIENTED_EDGE ( 'NONE', *, *, #6851, .T. ) ;
#2146 = CARTESIAN_POINT ( 'NONE',  ( -1.973508223914144224E-16, -7.577152131620420567E-15, -6.000000000000007994 ) ) ;
#2147 = CARTESIAN_POINT ( 'NONE',  ( -1.226662469500795938, -0.3453764016845491946, 11.34218749999999609 ) ) ;
#2148 = CARTESIAN_POINT ( 'NONE',  ( 0.2997145786366836040, -1.064486813177363933, 8.093749999999998224 ) ) ;
#2149 = ORIENTED_EDGE ( 'NONE', *, *, #802, .T. ) ;
#2150 = ORIENTED_EDGE ( 'NONE', *, *, #5339, .F. ) ;
#2151 = CARTESIAN_POINT ( 'NONE',  ( -2.475830869222224617, 4.911238286522678465, -6.000000000000006217 ) ) ;
#2152 = DIRECTION ( 'NONE',  ( 0.7071067811865383579, -0.7071067811865566766, 0.000000000000000000 ) ) ;
#2153 = VERTEX_POINT ( 'NONE', #2184 ) ;
#2154 = CARTESIAN_POINT ( 'NONE',  ( -0.6857222450800781743, 0.6685848903910792673, 8.356249999999997513 ) ) ;
#2155 = CARTESIAN_POINT ( 'NONE',  ( 5.000000000000000000, 0.000000000000000000, 8.000000000000000000 ) ) ;
#2156 = CARTESIAN_POINT ( 'NONE',  ( -1.071729911523479961, 0.2726829676047792805, 10.19374999999999609 ) ) ;
#2157 = CARTESIAN_POINT ( 'NONE',  ( 0.9866380192381448699, 0.2777956425032976351, 11.39509618943231750 ) ) ;
#2158 = ORIENTED_EDGE ( 'NONE', *, *, #1157, .F. ) ;
#2159 = CARTESIAN_POINT ( 'NONE',  ( -1.071729911523480183, 0.2726829676047792250, 11.48749999999999716 ) ) ;
#2160 = CARTESIAN_POINT ( 'NONE',  ( 0.2997145786366830489, -1.064486813177364155, 13.88749999999999751 ) ) ;
#2161 = CARTESIAN_POINT ( 'NONE',  ( 0.2361503771250646200, 0.9281453293749930555, 11.37499999999999645 ) ) ;
#2162 = FACE_OUTER_BOUND ( 'NONE', #1214, .T. ) ;
#2163 = CARTESIAN_POINT ( 'NONE',  ( 10.81140525586960877, -1.885847628875529036, -3.000000000000186962 ) ) ;
#2164 = EDGE_CURVE ( 'NONE', #4538, #4538, #4599, .T. ) ;
#2165 = CARTESIAN_POINT ( 'NONE',  ( 5.894289186605169206, 1.121318413595959518, 12.00000000000000000 ) ) ;
#2166 = CARTESIAN_POINT ( 'NONE',  ( -2.597788150710211408, -9.656681455035666772, -6.000000000000010658 ) ) ;
#2167 = CARTESIAN_POINT ( 'NONE',  ( -2.909304780500978183, 6.444838686433832287, 15.70000000000000284 ) ) ;
#2168 = CARTESIAN_POINT ( 'NONE',  ( -0.2527409261505972338, -0.9933514102514278132, 9.895096189432317502 ) ) ;
#2169 = CARTESIAN_POINT ( 'NONE',  ( -0.9218726222051402130, -0.2595604389839063497, 14.28124999999999645 ) ) ;
#2170 = DIRECTION ( 'NONE',  ( 0.2597788150710256816, 0.9656681455035648343, 2.809530629711170516E-16 ) ) ;
#2171 = FACE_OUTER_BOUND ( 'NONE', #1175, .T. ) ;
#2172 = ORIENTED_EDGE ( 'NONE', *, *, #4629, .T. ) ;
#2173 = EDGE_CURVE ( 'NONE', #6235, #5527, #4737, .T. ) ;
#2174 = DIRECTION ( 'NONE',  ( 0.7071067811865459074, -0.7071067811865493491, 0.000000000000000000 ) ) ;
#2175 = CARTESIAN_POINT ( 'NONE',  ( 0.3207707779579628826, -1.139271451999712914, 12.94865381056767717 ) ) ;
#2176 = ORIENTED_EDGE ( 'NONE', *, *, #7337, .T. ) ;
#2177 = CARTESIAN_POINT ( 'NONE',  ( -0.2361503771250584305, -0.9281453293749781785, 13.84999999999999787 ) ) ;
#2178 = ORIENTED_EDGE ( 'NONE', *, *, #4763, .T. ) ;
#2179 = AXIS2_PLACEMENT_3D ( 'NONE', #4207, #748, #128 ) ;
#2180 = DIRECTION ( 'NONE',  ( 0.4991391323160794813, -0.8665218558067369070, 0.000000000000000000 ) ) ;
#2181 = CARTESIAN_POINT ( 'NONE',  ( -0.2997145786366769427, 1.064486813177378588, 11.46874999999999822 ) ) ;
#2182 = CIRCLE ( 'NONE', #2912, 5.500000000000005329 ) ;
#2183 = CARTESIAN_POINT ( 'NONE',  ( -0.2997145786366768316, 1.064486813177379032, 10.11875000000000036 ) ) ;
#2184 = CARTESIAN_POINT ( 'NONE',  ( 4.489023189881747200, -4.832046233295377746, -5.500000000000015987 ) ) ;
#2185 = AXIS2_PLACEMENT_3D ( 'NONE', #7483, #1608, #5827 ) ;
#2186 = EDGE_CURVE ( 'NONE', #747, #3125, #1601, .T. ) ;
#2187 = ORIENTED_EDGE ( 'NONE', *, *, #1204, .F. ) ;
#2188 = CARTESIAN_POINT ( 'NONE',  ( 6.755025116376319083, 11.53978818511493465, -4.240586917783577547 ) ) ;
#2189 = EDGE_CURVE ( 'NONE', #2596, #4788, #451, .T. ) ;
#2190 = CARTESIAN_POINT ( 'NONE',  ( -3.279483973820132459, 5.024438761240586082, -5.500000000000005329 ) ) ;
#2191 = EDGE_LOOP ( 'NONE', ( #127, #6457, #2629, #215 ) ) ;
#2192 = CARTESIAN_POINT ( 'NONE',  ( -7.859052248806893459, -1.495091218127947430, -5.729735577732628649 ) ) ;
#2193 = ADVANCED_FACE ( 'NONE', ( #1070, #2108 ), #5193, .T. ) ;
#2194 = VERTEX_POINT ( 'NONE', #962 ) ;
#2195 = CARTESIAN_POINT ( 'NONE',  ( -1.458591352601115387, -4.543204428441359077, -2.685840864400010464 ) ) ;
#2196 = CARTESIAN_POINT ( 'NONE',  ( -0.2361503771250578754, -0.9281453293749778455, 8.056249999999996803 ) ) ;
#2197 = DIRECTION ( 'NONE',  ( 4.930380657631323784E-32, -3.538566068381624782E-16, -1.000000000000000000 ) ) ;
#2198 = CARTESIAN_POINT ( 'NONE',  ( -0.6857222450800786184, 0.6685848903910791563, 11.89999999999999503 ) ) ;
#2199 = CARTESIAN_POINT ( 'NONE',  ( -0.3142264970239110333, -1.235009061298916855, 7.817187499999995737 ) ) ;
#2200 = CARTESIAN_POINT ( 'NONE',  ( -1.071729911523480183, 0.2726829676047791695, 12.83749999999999858 ) ) ;
#2201 = EDGE_CURVE ( 'NONE', #5315, #883, #5533, .T. ) ;
#2202 = DIRECTION ( 'NONE',  ( 0.2465765133176615331, 0.9691233270745808204, -3.429306921263217726E-16 ) ) ;
#2203 = CARTESIAN_POINT ( 'NONE',  ( 10.38813583706062715, -3.740058271346610841, -2.983771769478352098 ) ) ;
#2204 = LINE ( 'NONE', #5091, #3829 ) ;
#2205 = DIRECTION ( 'NONE',  ( 0.4991391323160826454, -0.8665218558067351307, -2.502285170733345670E-16 ) ) ;
#2206 = DIRECTION ( 'NONE',  ( 0.7071067811865532349, 0.7071067811865417996, 0.000000000000000000 ) ) ;
#2207 = CARTESIAN_POINT ( 'NONE',  ( 0.2527409261506040061, 0.9933514102514432453, 9.670096189432316081 ) ) ;
#2208 = ORIENTED_EDGE ( 'NONE', *, *, #4809, .F. ) ;
#2209 = AXIS2_PLACEMENT_3D ( 'NONE', #6493, #126, #89 ) ;
#2210 = PRODUCT ( 'Repeat Direct Drive 2822 V3', 'Repeat Direct Drive 2822 V3', '', ( #183 ) ) ;
#2211 = CARTESIAN_POINT ( 'NONE',  ( 0.7720153328868066822, 0.7918038455726065239, 12.29374999999999751 ) ) ;
#2212 = DIRECTION ( 'NONE',  ( 1.000000000000000000, 0.000000000000000000, 0.000000000000000000 ) ) ;
#2213 = ORIENTED_EDGE ( 'NONE', *, *, #5084, .T. ) ;
#2214 = CARTESIAN_POINT ( 'NONE',  ( -5.715364357624405756, -10.66511182593021623, 12.00000000000000000 ) ) ;
#2215 = CARTESIAN_POINT ( 'NONE',  ( -0.8262526302591584049, -0.8474313685031432675, 12.42365381056767859 ) ) ;
#2216 = AXIS2_PLACEMENT_3D ( 'NONE', #3136, #5536, #4257 ) ;
#2217 = ORIENTED_EDGE ( 'NONE', *, *, #5400, .F. ) ;
#2218 = EDGE_LOOP ( 'NONE', ( #7437, #4702, #1131, #5298 ) ) ;
#2219 = DIRECTION ( 'NONE',  ( 0.4991391323160826454, -0.8665218558067350196, -2.662952704350361526E-16 ) ) ;
#2220 = CARTESIAN_POINT ( 'NONE',  ( -0.7720153328868000209, -0.7918038455725919800, 11.16874999999999929 ) ) ;
#2221 = CARTESIAN_POINT ( 'NONE',  ( 0.2997145786366835485, -1.064486813177363933, 8.993749999999998579 ) ) ;
#2222 = CIRCLE ( 'NONE', #3189, 2.000000000000000000 ) ;
#2223 = PLANE ( 'NONE',  #2455 ) ;
#2224 = ORIENTED_EDGE ( 'NONE', *, *, #797, .F. ) ;
#2225 = B_SPLINE_CURVE_WITH_KNOTS ( 'NONE', 3,
 ( #2782, #2252, #6301, #5768, #3311, #5182, #7464, #4564, #3349, #4520 ),
 .UNSPECIFIED., .F., .F.,
 ( 4, 2, 2, 2, 4 ),
 ( 0.000000000000000000, 0.0003972687248957453097, 0.0007945374497914906194, 0.001191806174687235929, 0.001589074899582981239 ),
 .UNSPECIFIED. ) ;
#2226 = ORIENTED_EDGE ( 'NONE', *, *, #7309, .T. ) ;
#2227 = AXIS2_PLACEMENT_3D ( 'NONE', #1234, #7622, #4009 ) ;
#2228 = DIRECTION ( 'NONE',  ( 0.5000000000000024425, 0.4999999999999962252, 0.7071067811865484609 ) ) ;
#2229 = EDGE_LOOP ( 'NONE', ( #5930, #718, #7123, #4531, #6018, #6064, #3169, #5488, #7090, #5155, #6546, #5218, #1651, #2347, #3755, #3790, #3132, #1471, #5587, #1605, #2224, #5308, #4685, #4484, #2356, #2597, #3363, #3091, #7068, #7221, #417, #3323 ) ) ;
#2230 = DIRECTION ( 'NONE',  ( 1.000000000000000000, 0.000000000000000000, 0.000000000000000000 ) ) ;
#2231 = CARTESIAN_POINT ( 'NONE',  ( -3.272898784124328664, -8.484667318964270066, -6.000000000000010658 ) ) ;
#2232 = LINE ( 'NONE', #6435, #7489 ) ;
#2233 = CARTESIAN_POINT ( 'NONE',  ( -0.2527409261505973448, -0.9933514102514280353, 10.79509618943231963 ) ) ;
#2234 = CIRCLE ( 'NONE', #20, 6.500000000000000000 ) ;
#2235 = EDGE_CURVE ( 'NONE', #2754, #4559, #5151, .T. ) ;
#2236 = DIRECTION ( 'NONE',  ( 1.000000000000000000, 0.000000000000000000, 0.000000000000000000 ) ) ;
#2237 = CARTESIAN_POINT ( 'NONE',  ( 0.6857222450800845026, -0.6685848903910642793, 13.02499999999999680 ) ) ;
#2238 = CARTESIAN_POINT ( 'NONE',  ( -0.2361503771250581807, -0.9281453293749780675, 11.14999999999999680 ) ) ;
#2239 = AXIS2_PLACEMENT_3D ( 'NONE', #7554, #5034, #270 ) ;
#2240 = LINE ( 'NONE', #1162, #133 ) ;
#2241 = LINE ( 'NONE', #7494, #5702 ) ;
#2242 = DIRECTION ( 'NONE',  ( 2.565753199199158405E-18, 2.902514036010829075E-16, -1.000000000000000000 ) ) ;
#2243 = DIRECTION ( 'NONE',  ( -0.000000000000000000, -0.000000000000000000, -1.000000000000000000 ) ) ;
#2244 = CARTESIAN_POINT ( 'NONE',  ( -0.7338970930875372556, 0.7155557677481522161, 9.745096189432318923 ) ) ;
#2245 = EDGE_LOOP ( 'NONE', ( #6587 ) ) ;
#2246 = CARTESIAN_POINT ( 'NONE',  ( 0.7720153328868070153, 0.7918038455726068570, 8.187499999999998224 ) ) ;
#2247 = CARTESIAN_POINT ( 'NONE',  ( 0.2361503771250644534, 0.9281453293749930555, 13.23124999999999574 ) ) ;
#2248 = DIRECTION ( 'NONE',  ( 2.565753199199158405E-18, 2.902514036010829075E-16, -1.000000000000000000 ) ) ;
#2249 = ORIENTED_EDGE ( 'NONE', *, *, #1127, .T. ) ;
#2250 = CARTESIAN_POINT ( 'NONE',  ( -11.51812188064621267, 6.722976298045596266, -4.370509263300310643 ) ) ;
#2251 = CARTESIAN_POINT ( 'NONE',  ( 0.3207707779579627716, -1.139271451999712914, 13.39865381056767646 ) ) ;
#2252 = CARTESIAN_POINT ( 'NONE',  ( -6.603612861616183771, -10.13914676754889932, 12.86565858412739161 ) ) ;
#2253 = B_SPLINE_CURVE_WITH_KNOTS ( 'NONE', 3,
 ( #6798, #5061, #1510, #7423, #6223, #942, #5647, #2678, #5696, #5071 ),
 .UNSPECIFIED., .F., .F.,
 ( 4, 2, 2, 2, 4 ),
 ( 0.000000000000000000, 0.0003992912889338782025, 0.0007985825778677564050, 0.001197873866801634716, 0.001597165155735512810 ),
 .UNSPECIFIED. ) ;
#2254 = ORIENTED_EDGE ( 'NONE', *, *, #3958, .F. ) ;
#2255 = CARTESIAN_POINT ( 'NONE',  ( -0.9124359724768810187, 0.8896326596143752097, 9.439062499999998579 ) ) ;
#2256 = VECTOR ( 'NONE', #6838, 1000.000000000000114 ) ;
#2257 = ORIENTED_EDGE ( 'NONE', *, *, #1561, .T. ) ;
#2258 = CARTESIAN_POINT ( 'NONE',  ( 6.717514421272220204, -6.717514421272190006, 16.00000000000000000 ) ) ;
#2259 = CARTESIAN_POINT ( 'NONE',  ( -0.6857222450800786184, 0.6685848903910791563, 11.95624999999999716 ) ) ;
#2260 = CARTESIAN_POINT ( 'NONE',  ( 0.9218726222051469854, 0.2595604389839208936, 8.206249999999998934 ) ) ;
#2261 = DIRECTION ( 'NONE',  ( -0.000000000000000000, -0.000000000000000000, -1.000000000000000000 ) ) ;
#2262 = EDGE_CURVE ( 'NONE', #1825, #2754, #492, .T. ) ;
#2263 = CARTESIAN_POINT ( 'NONE',  ( -5.357714494388358339, -2.700906402787947691, -2.500000000000009326 ) ) ;
#2264 = AXIS2_PLACEMENT_3D ( 'NONE', #5836, #5249, #4628 ) ;
#2265 = ORIENTED_EDGE ( 'NONE', *, *, #5153, .F. ) ;
#2266 = LINE ( 'NONE', #5074, #6598 ) ;
#2267 = ORIENTED_EDGE ( 'NONE', *, *, #6030, .F. ) ;
#2268 = CIRCLE ( 'NONE', #5221, 2.000000000000000444 ) ;
#2269 = CARTESIAN_POINT ( 'NONE',  ( 0.6183739188286451194, -1.902002549028919187, 2.800000000000001155 ) ) ;
#2270 = CARTESIAN_POINT ( 'NONE',  ( -2.360797993348567658, -6.056123581516593468, 12.00000000000000000 ) ) ;
#2271 = CARTESIAN_POINT ( 'NONE',  ( -0.2361503771250580141, -0.9281453293749779565, 9.406249999999998224 ) ) ;
#2272 = CARTESIAN_POINT ( 'NONE',  ( -9.567717250745587876, 6.198289006636038323, -2.500000000000006661 ) ) ;
#2273 = CARTESIAN_POINT ( 'NONE',  ( 1.226662469500802599, 0.3453764016845636275, 10.21718749999999787 ) ) ;
#2274 = AXIS2_PLACEMENT_3D ( 'NONE', #6745, #2623, #3120 ) ;
#2275 = DIRECTION ( 'NONE',  ( 0.5921357866216260257, 0.3864908927801451455, 0.7071067811865436870 ) ) ;
#2276 = EDGE_CURVE ( 'NONE', #1216, #4097, #3983, .T. ) ;
#2277 = DIRECTION ( 'NONE',  ( -2.565753199199158405E-18, -2.902514036010829075E-16, 1.000000000000000000 ) ) ;
#2278 = CARTESIAN_POINT ( 'NONE',  ( 6.874418817138667315, 12.08107470081074908, -5.500000000000004441 ) ) ;
#2279 = CARTESIAN_POINT ( 'NONE',  ( 1.147023408217124896, -0.2918400834965618196, 9.107596189432317857 ) ) ;
#2280 = ORIENTED_EDGE ( 'NONE', *, *, #6939, .T. ) ;
#2281 = CARTESIAN_POINT ( 'NONE',  ( -0.6857222450800782854, 0.6685848903910791563, 9.199999999999995737 ) ) ;
#2282 = CARTESIAN_POINT ( 'NONE',  ( -0.9218726222051401020, -0.2595604389839064052, 12.93124999999999858 ) ) ;
#2283 = CC_DESIGN_PERSON_AND_ORGANIZATION_ASSIGNMENT ( #3022, #1913, ( #5224 ) ) ;
#2284 = LINE ( 'NONE', #5875, #93 ) ;
#2285 = ADVANCED_FACE ( 'NONE', ( #2716 ), #2223, .F. ) ;
#2286 = CARTESIAN_POINT ( 'NONE',  ( 1.458591352601113611, 4.543204428441343978, -2.685840864400009576 ) ) ;
#2287 = EDGE_LOOP ( 'NONE', ( #835 ) ) ;
#2288 = CARTESIAN_POINT ( 'NONE',  ( -11.49090261672979985, 7.118901656853712012, -3.697036221199065942 ) ) ;
#2289 = EDGE_CURVE ( 'NONE', #4388, #6970, #118, .T. ) ;
#2290 = CARTESIAN_POINT ( 'NONE',  ( -0.8262526302591581828, -0.8474313685031432675, 11.52365381056767468 ) ) ;
#2291 = VERTEX_POINT ( 'NONE', #5199 ) ;
#2292 = CARTESIAN_POINT ( 'NONE',  ( 1.426065627985125595, -0.3628375052865329686, 8.801562499999997513 ) ) ;
#2293 = EDGE_LOOP ( 'NONE', ( #4176 ) ) ;
#2294 = CARTESIAN_POINT ( 'NONE',  ( -6.697143117985448590, -3.376133003484933059, -5.500000000000007994 ) ) ;
#2295 = CARTESIAN_POINT ( 'NONE',  ( -0.2361503771250582917, -0.9281453293749780675, 12.10624999999999751 ) ) ;
#2296 = CARTESIAN_POINT ( 'NONE',  ( 0.2997145786366834930, -1.064486813177363933, 9.443749999999997868 ) ) ;
#2297 = DIRECTION ( 'NONE',  ( -2.565753199199158405E-18, -2.902514036010829075E-16, 1.000000000000000000 ) ) ;
#2298 = CIRCLE ( 'NONE', #327, 1.250000000000000222 ) ;
#2299 = DIRECTION ( 'NONE',  ( 0.7071067811865417996, -0.7071067811865532349, 0.000000000000000000 ) ) ;
#2300 = ORIENTED_EDGE ( 'NONE', *, *, #4639, .F. ) ;
#2301 = AXIS2_PLACEMENT_3D ( 'NONE', #4866, #3126, #3162 ) ;
#2302 = CIRCLE ( 'NONE', #6856, 2.000000000000000444 ) ;
#2303 = ORIENTED_EDGE ( 'NONE', *, *, #7415, .T. ) ;
#2304 = CARTESIAN_POINT ( 'NONE',  ( -3.617369471206525411, -10.55125424267071033, -2.935182483687552413 ) ) ;
#2305 = ORIENTED_EDGE ( 'NONE', *, *, #5631, .T. ) ;
#2306 = CARTESIAN_POINT ( 'NONE',  ( 0.003268641010680198560, -1.024994788275902069, 8.112500000003311840 ) ) ;
#2307 = CARTESIAN_POINT ( 'NONE',  ( 0.9347489750310282730, 6.877161192779796650, -6.000000000000007994 ) ) ;
#2308 = CARTESIAN_POINT ( 'NONE',  ( 10.60168677524665348, 5.833718187018171797, 12.00000000000000000 ) ) ;
#2309 = CARTESIAN_POINT ( 'NONE',  ( -0.7338970930875374776, 0.7155557677481522161, 13.79509618943231786 ) ) ;
#2310 = ORIENTED_EDGE ( 'NONE', *, *, #265, .T. ) ;
#2311 = EDGE_CURVE ( 'NONE', #4662, #572, #457, .T. ) ;
#2312 = CARTESIAN_POINT ( 'NONE',  ( 6.507611580905938276, -10.20284345136209758, 12.46917019741645305 ) ) ;
#2313 = CARTESIAN_POINT ( 'NONE',  ( 0.9124359724768873470, -0.8896326596143605547, 11.04218749999999716 ) ) ;
#2314 = DIRECTION ( 'NONE',  ( 0.000000000000000000, 0.000000000000000000, 1.000000000000000000 ) ) ;
#2315 = DIRECTION ( 'NONE',  ( -0.4991391323160825344, 0.8665218558067350196, 0.000000000000000000 ) ) ;
#2316 = CARTESIAN_POINT ( 'NONE',  ( 11.19348831161484803, -7.671197568849836834, -3.500000000000011102 ) ) ;
#2317 = EDGE_LOOP ( 'NONE', ( #2040, #4719 ) ) ;
#2318 = CARTESIAN_POINT ( 'NONE',  ( -11.34046032197707099, 7.635158559291264524, 12.50757547835308792 ) ) ;
#2319 = CARTESIAN_POINT ( 'NONE',  ( 1.071729911523486845, -0.2726829676047641815, 9.012499999999999289 ) ) ;
#2320 = DIRECTION ( 'NONE',  ( -0.000000000000000000, 0.000000000000000000, 1.000000000000000000 ) ) ;
#2321 = ORIENTED_EDGE ( 'NONE', *, *, #1506, .T. ) ;
#2322 = LINE ( 'NONE', #5912, #7392 ) ;
#2323 = CARTESIAN_POINT ( 'NONE',  ( 1.147023408217124896, -0.2918400834965618196, 9.423653810567678590 ) ) ;
#2324 = EDGE_CURVE ( 'NONE', #5873, #7591, #6280, .T. ) ;
#2325 = ORIENTED_EDGE ( 'NONE', *, *, #4639, .T. ) ;
#2326 = EDGE_CURVE ( 'NONE', #3325, #3325, #4549, .T. ) ;
#2327 = AXIS2_PLACEMENT_3D ( 'NONE', #5546, #888, #2002 ) ;
#2328 = B_SPLINE_CURVE_WITH_KNOTS ( 'NONE', 3,
 ( #4339, #4221, #184, #263, #222, #2529, #4844, #6036, #1326, #4301 ),
 .UNSPECIFIED., .F., .F.,
 ( 4, 2, 2, 2, 4 ),
 ( 0.000000000000000000, 0.0003977276999104004248, 0.0007954553998208008497, 0.001193183099731201166, 0.001590910799641601699 ),
 .UNSPECIFIED. ) ;
#2329 = FACE_BOUND ( 'NONE', #3668, .T. ) ;
#2330 = ORIENTED_EDGE ( 'NONE', *, *, #823, .T. ) ;
#2331 = CARTESIAN_POINT ( 'NONE',  ( 6.061480746935889563, 9.059163932423640375, -3.000000000000005329 ) ) ;
#2332 = CARTESIAN_POINT ( 'NONE',  ( 0.6857222450800848357, -0.6685848903910641683, 10.38124999999999787 ) ) ;
#2333 = CARTESIAN_POINT ( 'NONE',  ( 0.7720153328868067932, 0.7918038455726065239, 11.39375000000000071 ) ) ;
#2334 = DIRECTION ( 'NONE',  ( 0.4991391323160827009, -0.8665218558067350196, -2.387234141252486967E-16 ) ) ;
#2335 = CARTESIAN_POINT ( 'NONE',  ( 12.89491241143501377, -0.3622621998210556193, -6.000000000000007994 ) ) ;
#2336 = ORIENTED_EDGE ( 'NONE', *, *, #3853, .T. ) ;
#2337 = EDGE_CURVE ( 'NONE', #443, #3578, #3486, .T. ) ;
#2338 = EDGE_CURVE ( 'NONE', #6658, #2972, #621, .T. ) ;
#2339 = ORIENTED_EDGE ( 'NONE', *, *, #5613, .F. ) ;
#2340 = CARTESIAN_POINT ( 'NONE',  ( -11.88641664237927920, -7.121572556203360271, 12.00000000000000000 ) ) ;
#2341 = CLOSED_SHELL ( 'NONE', ( #5394, #7261, #3981, #2748, #3950, #5797, #1273, #1263, #29, #7133, #1840, #1031, #4179, #4355, #2602, #5050, #3447, #5058, #4110, #522, #1563, #894, #5306, #7347, #1317, #478, #4574, #1174, #4848, #3423, #5412, #6427, #3625, #4353, #1709, #736, #3772, #2039, #1647, #6758, #5949, #6827, #1085, #6181, #2364, #5871, #7325, #1356, #1513, #3232, #4199, #3290, #335, #1768, #1062, #2094, #3627, #1291, #4322, #6972, #6434, #639, #1374, #3544, #4892, #5183, #1181, #1527, #5467, #232, #6216, #3619, #4732, #5487, #1947, #4324, #4436, #225, #3468, #2097, #4333, #908, #107, #3696, #2193, #7323, #7182 ) ) ;
#2342 = CARTESIAN_POINT ( 'NONE',  ( 1.426065627985125372, -0.3628375052865331352, 11.50156250000000036 ) ) ;
#2343 = ORIENTED_EDGE ( 'NONE', *, *, #4014, .F. ) ;
#2344 = DIRECTION ( 'NONE',  ( -0.9656681455035629469, 0.2597788150710325095, 7.292349956650284606E-17 ) ) ;
#2345 = VERTEX_POINT ( 'NONE', #2307 ) ;
#2346 = CARTESIAN_POINT ( 'NONE',  ( 1.147023408217124452, -0.2918400834965618751, 12.25759618943231999 ) ) ;
#2347 = ORIENTED_EDGE ( 'NONE', *, *, #4616, .T. ) ;
#2348 = CARTESIAN_POINT ( 'NONE',  ( 0.6981962715890035476, -10.87761563792080821, -3.000000000000058176 ) ) ;
#2349 = CARTESIAN_POINT ( 'NONE',  ( 1.426065627985125372, -0.3628375052865330797, 9.729687499999995381 ) ) ;
#2350 = EDGE_CURVE ( 'NONE', #3111, #4346, #7562, .T. ) ;
#2351 = DIRECTION ( 'NONE',  ( -0.3183048721269137182, 0.6314127084405817270, 0.7071067811865461294 ) ) ;
#2352 = CARTESIAN_POINT ( 'NONE',  ( 9.317963608805577280, -6.131101634385009547, -2.950330825996560158 ) ) ;
#2353 = DIRECTION ( 'NONE',  ( 0.000000000000000000, 0.000000000000000000, 1.000000000000000000 ) ) ;
#2354 = CIRCLE ( 'NONE', #7153, 11.40000000000000036 ) ;
#2355 = CARTESIAN_POINT ( 'NONE',  ( 6.697143117985448590, 3.376133003484916628, -3.000000000000007105 ) ) ;
#2356 = ORIENTED_EDGE ( 'NONE', *, *, #6229, .F. ) ;
#2357 = CARTESIAN_POINT ( 'NONE',  ( 0.7720153328868069043, 0.7918038455726068570, 9.087499999999998579 ) ) ;
#2358 = AXIS2_PLACEMENT_3D ( 'NONE', #6102, #3200, #4367 ) ;
#2359 = CARTESIAN_POINT ( 'NONE',  ( 0.6857222450800850577, -0.6685848903910640573, 8.974999999999996092 ) ) ;
#2360 = ORIENTED_EDGE ( 'NONE', *, *, #797, .T. ) ;
#2361 = DIRECTION ( 'NONE',  ( 0.000000000000000000, 0.000000000000000000, 1.000000000000000000 ) ) ;
#2362 = CARTESIAN_POINT ( 'NONE',  ( 0.9866380192381450920, 0.2777956425032976906, 9.911153810567675748 ) ) ;
#2363 = ORIENTED_EDGE ( 'NONE', *, *, #5891, .T. ) ;
#2364 = ADVANCED_FACE ( 'NONE', ( #4700 ), #3324, .F. ) ;
#2365 = EDGE_LOOP ( 'NONE', ( #2397, #1789, #408, #1271 ) ) ;
#2366 = CARTESIAN_POINT ( 'NONE',  ( 6.182748631948914664, 9.509949473183192836, -2.766606110804739949 ) ) ;
#2367 = CARTESIAN_POINT ( 'NONE',  ( -0.2361503771250584027, -0.9281453293749781785, 13.45624999999999716 ) ) ;
#2368 = CARTESIAN_POINT ( 'NONE',  ( -0.2361503771250583195, -0.9281453293749780675, 12.55624999999999858 ) ) ;
#2369 = DIRECTION ( 'NONE',  ( -0.3864908927801379845, 0.5921357866216280241, 0.7071067811865459074 ) ) ;
#2370 = DIRECTION ( 'NONE',  ( -0.9656681455035646122, 0.2597788150710264032, 7.292349956650107113E-17 ) ) ;
#2371 = EDGE_LOOP ( 'NONE', ( #4164, #37, #5703, #7597 ) ) ;
#2372 = CIRCLE ( 'NONE', #7173, 6.500000000000000000 ) ;
#2373 = VECTOR ( 'NONE', #5660, 1000.000000000000000 ) ;
#2374 = ORIENTED_EDGE ( 'NONE', *, *, #4530, .F. ) ;
#2375 = CARTESIAN_POINT ( 'NONE',  ( -3.047783749619040083, -10.93636137628853255, -2.712420392444183204 ) ) ;
#2376 = CARTESIAN_POINT ( 'NONE',  ( 0.3988063169686492104, -1.416427813942187308, 10.97656250000000000 ) ) ;
#2377 = EDGE_LOOP ( 'NONE', ( #5430 ) ) ;
#2378 = CARTESIAN_POINT ( 'NONE',  ( -10.86240059337044883, 1.976625532701324017, -2.983730977301272791 ) ) ;
#2379 = CARTESIAN_POINT ( 'NONE',  ( 0.000000000000000000, -4.000000000000000000, 13.99999999999999822 ) ) ;
#2380 = CARTESIAN_POINT ( 'NONE',  ( -0.9866380192381382086, -0.2777956425032832577, 13.42009618943231608 ) ) ;
#2381 = CARTESIAN_POINT ( 'NONE',  ( 0.04604345858560066757, -13.30184410068342871, -4.500000000000011546 ) ) ;
#2382 = AXIS2_PLACEMENT_3D ( 'NONE', #230, #4853, #850 ) ;
#2383 = FACE_OUTER_BOUND ( 'NONE', #653, .T. ) ;
#2384 = DIRECTION ( 'NONE',  ( -0.6946486423538428268, 0.1321486423538409116, -0.7071067811865473507 ) ) ;
#2385 = CARTESIAN_POINT ( 'NONE',  ( 4.043894140137889305E-16, -2.367566156902268490E-15, 15.49999999999999645 ) ) ;
#2386 = FACE_OUTER_BOUND ( 'NONE', #2448, .T. ) ;
#2387 = LINE ( 'NONE', #1196, #5027 ) ;
#2388 = ORIENTED_EDGE ( 'NONE', *, *, #5066, .F. ) ;
#2389 = LOCAL_TIME ( 21, 43, 29.00000000000000000, #689 ) ;
#2390 = EDGE_CURVE ( 'NONE', #143, #5319, #980, .T. ) ;
#2391 = CARTESIAN_POINT ( 'NONE',  ( -0.6857222450800782854, 0.6685848903910791563, 9.199999999999995737 ) ) ;
#2392 = DIRECTION ( 'NONE',  ( 1.000000000000000000, 0.000000000000000000, 0.000000000000000000 ) ) ;
#2393 = ORIENTED_EDGE ( 'NONE', *, *, #4275, .T. ) ;
#2394 = CARTESIAN_POINT ( 'NONE',  ( 4.065753027381878725E-16, -2.024594466550937630E-15, -25.99999999999999645 ) ) ;
#2395 = CARTESIAN_POINT ( 'NONE',  ( 1.147023408217124674, -0.2918400834965618196, 10.77365381056767646 ) ) ;
#2396 = CARTESIAN_POINT ( 'NONE',  ( -0.9218726222051402130, -0.2595604389839063497, 14.22499999999999609 ) ) ;
#2397 = ORIENTED_EDGE ( 'NONE', *, *, #1698, .T. ) ;
#2398 = ADVANCED_FACE ( 'NONE', ( #2877 ), #242, .F. ) ;
#2399 =( BOUNDED_CURVE ( )  B_SPLINE_CURVE ( 3, ( #3856, #7381, #4951, #7343 ),
 .UNSPECIFIED., .F., .F. ) 
 B_SPLINE_CURVE_WITH_KNOTS ( ( 4, 4 ),
 ( 4.674637054847209150, 4.713013727246647910 ),
 .UNSPECIFIED. ) 
 CURVE ( )  GEOMETRIC_REPRESENTATION_ITEM ( )  RATIONAL_B_SPLINE_CURVE ( ( 1.000000000000000000, 0.9998772730169585010, 0.9998772730169585010, 1.000000000000000000 ) ) 
 REPRESENTATION_ITEM ( '' )  );
#2400 = ORIENTED_EDGE ( 'NONE', *, *, #4827, .T. ) ;
#2401 = DIRECTION ( 'NONE',  ( -0.2597788150710264032, -0.9656681455035646122, -2.809530629711169530E-16 ) ) ;
#2402 = CARTESIAN_POINT ( 'NONE',  ( 0.6857222450800845026, -0.6685848903910642793, 13.53124999999999822 ) ) ;
#2403 = CARTESIAN_POINT ( 'NONE',  ( 0.6857222450800847247, -0.6685848903910641683, 10.83124999999999716 ) ) ;
#2404 = CARTESIAN_POINT ( 'NONE',  ( 0.3530304946160316981, -0.8902753635409990096, 8.045216426222769002 ) ) ;
#2405 = CARTESIAN_POINT ( 'NONE',  ( -6.232706652077832921, -3.121436814857016184, 16.00000000000000000 ) ) ;
#2406 = CARTESIAN_POINT ( 'NONE',  ( 2.909304780501112297, 6.444838686433771002, -5.729735577732635754 ) ) ;
#2407 = EDGE_LOOP ( 'NONE', ( #2305 ) ) ;
#2408 = B_SPLINE_CURVE_WITH_KNOTS ( 'NONE', 3,
 ( #6178, #3730, #6097, #1465 ),
 .UNSPECIFIED., .F., .F.,
 ( 4, 4 ),
 ( 0.001066541654794260757, 0.003946277481238835011 ),
 .UNSPECIFIED. ) ;
#2409 = ORIENTED_EDGE ( 'NONE', *, *, #1521, .F. ) ;
#2410 = CONICAL_SURFACE ( 'NONE', #5614, 6.000000000000000000, 0.7853981633974453924 ) ;
#2411 = CARTESIAN_POINT ( 'NONE',  ( -3.319663049748543759, -10.80476900687348873, -2.798447154985538532 ) ) ;
#2412 = CARTESIAN_POINT ( 'NONE',  ( 0.9124359724768873470, -0.8896326596143605547, 11.46406249999999893 ) ) ;
#2413 = ORIENTED_EDGE ( 'NONE', *, *, #2276, .T. ) ;
#2414 = EDGE_CURVE ( 'NONE', #616, #3738, #3545, .T. ) ;
#2415 = CARTESIAN_POINT ( 'NONE',  ( -10.96928751539015856, 2.257004256625682714, -2.904176135331582920 ) ) ;
#2416 = CARTESIAN_POINT ( 'NONE',  ( -0.3207707779579567764, 1.139271451999727347, 12.40759618943231679 ) ) ;
#2417 = EDGE_CURVE ( 'NONE', #2940, #3360, #4798, .T. ) ;
#2418 = CIRCLE ( 'NONE', #2543, 6.000000000000000000 ) ;
#2419 = EDGE_CURVE ( 'NONE', #1699, #2440, #7111, .T. ) ;
#2420 = EDGE_CURVE ( 'NONE', #3859, #7439, #3765, .T. ) ;
#2421 = DIRECTION ( 'NONE',  ( 2.565753199199158405E-18, 2.902514036010829075E-16, -1.000000000000000000 ) ) ;
#2422 = ORIENTED_EDGE ( 'NONE', *, *, #7517, .T. ) ;
#2423 = ADVANCED_FACE ( 'NONE', ( #1728 ), #6433, .T. ) ;
#2424 = CIRCLE ( 'NONE', #6728, 2.000000000000000000 ) ;
#2425 = CARTESIAN_POINT ( 'NONE',  ( -10.18465572053226431, 7.073385883311427591, 16.00000000000000000 ) ) ;
#2426 = DIRECTION ( 'NONE',  ( -0.000000000000000000, 0.000000000000000000, 1.000000000000000000 ) ) ;
#2427 = CIRCLE ( 'NONE', #4884, 10.89999999999999858 ) ;
#2428 = CYLINDRICAL_SURFACE ( 'NONE', #909, 1.352549999999997921 ) ;
#2429 = CARTESIAN_POINT ( 'NONE',  ( -6.755025116376319971, -11.53978818511495419, -4.240586917783589094 ) ) ;
#2430 = ORIENTED_EDGE ( 'NONE', *, *, #2032, .T. ) ;
#2431 = CARTESIAN_POINT ( 'NONE',  ( -1.071729911523479961, 0.2726829676047792805, 9.687499999999996447 ) ) ;
#2432 = CARTESIAN_POINT ( 'NONE',  ( 0.3530304946160316981, -0.8902753635409990096, 8.045216426222769002 ) ) ;
#2433 = LINE ( 'NONE', #4784, #6767 ) ;
#2434 = CARTESIAN_POINT ( 'NONE',  ( 0.7338970930875439169, -0.7155557677481375611, 9.836153810567676459 ) ) ;
#2435 = VERTEX_POINT ( 'NONE', #5966 ) ;
#2436 = B_SPLINE_CURVE_WITH_KNOTS ( 'NONE', 3,
 ( #7339, #6640, #2055, #4904, #5447, #169, #4864, #7220, #1939, #4285 ),
 .UNSPECIFIED., .F., .F.,
 ( 4, 2, 2, 2, 4 ),
 ( 0.000000000000000000, 0.0003972687248957450928, 0.0007945374497914901857, 0.001191806174687235279, 0.001589074899582980371 ),
 .UNSPECIFIED. ) ;
#2437 = B_SPLINE_CURVE_WITH_KNOTS ( 'NONE', 3,
 ( #5964, #685, #573, #1803, #5317, #5276, #5384, #7635, #2340, #100 ),
 .UNSPECIFIED., .F., .F.,
 ( 4, 2, 2, 2, 4 ),
 ( 0.000000000000000000, 0.0003992912889338782025, 0.0007985825778677564050, 0.001197873866801634716, 0.001597165155735512810 ),
 .UNSPECIFIED. ) ;
#2438 = ORIENTED_EDGE ( 'NONE', *, *, #7155, .F. ) ;
#2439 = DIRECTION ( 'NONE',  ( 0.9656681455035655004, -0.2597788150710230726, -7.292349956650012203E-17 ) ) ;
#2440 = VERTEX_POINT ( 'NONE', #4182 ) ;
#2441 = CARTESIAN_POINT ( 'NONE',  ( -2.076138351882110545E-16, -8.738157746024752789E-15, -2.000000000000008882 ) ) ;
#2442 = CARTESIAN_POINT ( 'NONE',  ( 0.2361503771250643702, 0.9281453293749929445, 13.68124999999999680 ) ) ;
#2443 = CARTESIAN_POINT ( 'NONE',  ( 1.071729911523486845, -0.2726829676047642370, 10.86874999999999858 ) ) ;
#2444 = EDGE_CURVE ( 'NONE', #3859, #7029, #6552, .T. ) ;
#2445 = CARTESIAN_POINT ( 'NONE',  ( 6.899120066973364551, 10.43465397290595753, 15.69999999999700790 ) ) ;
#2446 = CARTESIAN_POINT ( 'NONE',  ( -2.063309585886114755E-16, -8.593032044224210867E-15, -2.500000000000008438 ) ) ;
#2447 = PLANE ( 'NONE',  #1025 ) ;
#2448 = EDGE_LOOP ( 'NONE', ( #699 ) ) ;
#2449 = ORIENTED_EDGE ( 'NONE', *, *, #6978, .T. ) ;
#2450 = DIRECTION ( 'NONE',  ( 0.7071067811865459074, 0.7071067811865493491, 0.000000000000000000 ) ) ;
#2451 = CARTESIAN_POINT ( 'NONE',  ( 1.226662469500802599, 0.3453764016845635165, 11.53906249999999822 ) ) ;
#2452 = PERSON_AND_ORGANIZATION ( #6722, #7448 ) ;
#2453 = CARTESIAN_POINT ( 'NONE',  ( 1.147023408217124452, -0.2918400834965618751, 12.70759618943231928 ) ) ;
#2454 = ORIENTED_EDGE ( 'NONE', *, *, #3890, .F. ) ;
#2455 = AXIS2_PLACEMENT_3D ( 'NONE', #4573, #5860, #2344 ) ;
#2456 = CARTESIAN_POINT ( 'NONE',  ( 2.360797993348609847, 6.056123581516576593, 12.00000000000000000 ) ) ;
#2457 = CARTESIAN_POINT ( 'NONE',  ( -11.56498717667284559, 7.494884445517938865, 12.20587189608420964 ) ) ;
#2458 = CARTESIAN_POINT ( 'NONE',  ( 0.7644068463654136725, -0.6258903570509867231, 8.067813800152530135 ) ) ;
#2459 = DIRECTION ( 'NONE',  ( -0.4991391323160826454, 0.8665218558067350196, 2.496005001405478093E-16 ) ) ;
#2460 = CARTESIAN_POINT ( 'NONE',  ( -10.66511182593023577, -5.715364357624369340, 12.00000000000000000 ) ) ;
#2461 = CARTESIAN_POINT ( 'NONE',  ( 11.26943767208664582, -7.560375461729584856, -3.500000000000011102 ) ) ;
#2462 = VECTOR ( 'NONE', #633, 1000.000000000000000 ) ;
#2463 = ORIENTED_EDGE ( 'NONE', *, *, #6753, .F. ) ;
#2464 = CARTESIAN_POINT ( 'NONE',  ( -0.6857222450800782854, 0.6685848903910791563, 10.15624999999999645 ) ) ;
#2465 = DIRECTION ( 'NONE',  ( 0.000000000000000000, 1.000000000000000000, 0.000000000000000000 ) ) ;
#2466 = CARTESIAN_POINT ( 'NONE',  ( 0.2997145786366834930, -1.064486813177363933, 9.837499999999998579 ) ) ;
#2467 = CARTESIAN_POINT ( 'NONE',  ( -0.2361503771250580141, -0.9281453293749779565, 9.349999999999997868 ) ) ;
#2468 = AXIS2_PLACEMENT_3D ( 'NONE', #7283, #6044, #4887 ) ;
#2469 = DIRECTION ( 'NONE',  ( -2.565753199199158405E-18, -2.902514036010829075E-16, 1.000000000000000000 ) ) ;
#2470 = DIRECTION ( 'NONE',  ( -2.565753199199158405E-18, -2.902514036010829075E-16, 1.000000000000000000 ) ) ;
#2471 = VERTEX_POINT ( 'NONE', #3521 ) ;
#2472 = AXIS2_PLACEMENT_3D ( 'NONE', #1212, #4759, #5922 ) ;
#2473 = DIRECTION ( 'NONE',  ( -0.7071067811865433539, 0.7071067811865517916, 0.000000000000000000 ) ) ;
#2474 = EDGE_LOOP ( 'NONE', ( #223 ) ) ;
#2475 = DIRECTION ( 'NONE',  ( -0.000000000000000000, 0.000000000000000000, 1.000000000000000000 ) ) ;
#2476 = CARTESIAN_POINT ( 'NONE',  ( 0.6857222450800850577, -0.6685848903910639462, 8.074999999999997513 ) ) ;
#2477 = CARTESIAN_POINT ( 'NONE',  ( 0.2361503771250645367, 0.9281453293749930555, 12.33124999999999893 ) ) ;
#2478 = CARTESIAN_POINT ( 'NONE',  ( -2.909304780501067000, -6.444838686433791430, 15.69999999999999574 ) ) ;
#2479 = CIRCLE ( 'NONE', #4448, 1.250000000000000222 ) ;
#2480 = SPHERICAL_SURFACE ( 'NONE', #2986, 2.522009624798806193 ) ;
#2481 = ORIENTED_EDGE ( 'NONE', *, *, #914, .T. ) ;
#2482 = ORIENTED_EDGE ( 'NONE', *, *, #601, .T. ) ;
#2483 = CARTESIAN_POINT ( 'NONE',  ( 0.1147417986138855595, 13.89952640630789915, -5.500000000000003553 ) ) ;
#2484 = CARTESIAN_POINT ( 'NONE',  ( -1.226662469500795938, -0.3453764016845490836, 10.44218749999999574 ) ) ;
#2485 = ADVANCED_FACE ( 'NONE', ( #103, #617 ), #6491, .T. ) ;
#2486 = CARTESIAN_POINT ( 'NONE',  ( 1.027259311016479826, 1.053590308655661278, 10.67656249999999929 ) ) ;
#2487 = AXIS2_PLACEMENT_3D ( 'NONE', #6979, #3408, #3525 ) ;
#2488 = APPROVAL_STATUS ( 'not_yet_approved' ) ;
#2489 = CARTESIAN_POINT ( 'NONE',  ( -2.893298930733076535, 6.567253710449960202, -3.500000000000006661 ) ) ;
#2490 = VERTEX_POINT ( 'NONE', #4267 ) ;
#2491 = VECTOR ( 'NONE', #7319, 1000.000000000000114 ) ;
#2492 = CARTESIAN_POINT ( 'NONE',  ( 0.1398019909621888157, -13.43586127591888513, -3.997680402400525246 ) ) ;
#2493 = ORIENTED_EDGE ( 'NONE', *, *, #7269, .F. ) ;
#2494 = EDGE_CURVE ( 'NONE', #6503, #5285, #3107, .T. ) ;
#2495 = CARTESIAN_POINT ( 'NONE',  ( 0.6183739188286451194, -1.902002549028919187, 3.000000000000000000 ) ) ;
#2496 = CIRCLE ( 'NONE', #7438, 6.000000000000000000 ) ;
#2497 = CARTESIAN_POINT ( 'NONE',  ( 9.567717250745632285, -6.198289006635989473, -4.500000000000009770 ) ) ;
#2498 = CARTESIAN_POINT ( 'NONE',  ( -2.101795883874102372E-16, -9.028409149625833478E-15, -1.000000000000009548 ) ) ;
#2499 = CARTESIAN_POINT ( 'NONE',  ( -1.973508223914144224E-16, -7.577152131620420567E-15, -6.000000000000007994 ) ) ;
#2500 = FACE_OUTER_BOUND ( 'NONE', #4118, .T. ) ;
#2501 = DIRECTION ( 'NONE',  ( 0.4991391323160827009, -0.8665218558067349086, -2.891205793294678819E-16 ) ) ;
#2502 = EDGE_LOOP ( 'NONE', ( #1713, #2930, #2861, #2135 ) ) ;
#2503 = CARTESIAN_POINT ( 'NONE',  ( -0.9218726222051397690, -0.2595604389839061832, 10.23124999999999751 ) ) ;
#2504 = CARTESIAN_POINT ( 'NONE',  ( -3.279483973820132459, 5.024438761240586082, -3.000000000000006217 ) ) ;
#2505 = AXIS2_PLACEMENT_3D ( 'NONE', #3109, #5706, #272 ) ;
#2506 = CARTESIAN_POINT ( 'NONE',  ( 0.7720153328868066822, 0.7918038455726065239, 12.23749999999999716 ) ) ;
#2507 = CARTESIAN_POINT ( 'NONE',  ( -0.2361503771250581252, -0.9281453293749779565, 10.69999999999999751 ) ) ;
#2508 = ADVANCED_FACE ( 'NONE', ( #3635, #6583 ), #7242, .T. ) ;
#2509 = DIRECTION ( 'NONE',  ( 0.4991391323160838112, -0.8665218558067342425, 0.000000000000000000 ) ) ;
#2510 = CARTESIAN_POINT ( 'NONE',  ( 0.8126876022164791769, 0.8508827530941357464, 8.149540782094076619 ) ) ;
#2511 = CARTESIAN_POINT ( 'NONE',  ( 0.000000000000000000, 0.000000000000000000, 12.00000000000000000 ) ) ;
#2512 = LOCAL_TIME ( 21, 43, 29.00000000000000000, #3663 ) ;
#2513 = ORIENTED_EDGE ( 'NONE', *, *, #3274, .T. ) ;
#2514 = EDGE_CURVE ( 'NONE', #1312, #3351, #6859, .T. ) ;
#2515 = EDGE_CURVE ( 'NONE', #4422, #4422, #1816, .T. ) ;
#2516 = LINE ( 'NONE', #3124, #483 ) ;
#2517 = ORIENTED_EDGE ( 'NONE', *, *, #5479, .F. ) ;
#2518 = CARTESIAN_POINT ( 'NONE',  ( 1.121318413596021468, 5.894289186605157660, 12.00000000000000000 ) ) ;
#2519 = CARTESIAN_POINT ( 'NONE',  ( -0.7720153328868002429, -0.7918038455725920910, 13.41874999999999751 ) ) ;
#2520 = CARTESIAN_POINT ( 'NONE',  ( -0.2997145786366772202, 1.064486813177378810, 14.16874999999999751 ) ) ;
#2521 = DIRECTION ( 'NONE',  ( 0.2597788150710222954, 0.9656681455035657224, 2.809530629711173474E-16 ) ) ;
#2522 = VERTEX_POINT ( 'NONE', #73 ) ;
#2523 = ORIENTED_EDGE ( 'NONE', *, *, #4371, .F. ) ;
#2524 = CARTESIAN_POINT ( 'NONE',  ( 11.17590661562904053, 7.640372709696260145, 12.87350621807376250 ) ) ;
#2525 = CARTESIAN_POINT ( 'NONE',  ( -0.9124359724768810187, 0.8896326596143752097, 10.36718749999999645 ) ) ;
#2526 = CARTESIAN_POINT ( 'NONE',  ( -0.3142264970239115884, -1.235009061298917077, 13.63906249999999787 ) ) ;
#2527 = CARTESIAN_POINT ( 'NONE',  ( 0.000000000000000000, 0.000000000000000000, 12.00000000000000000 ) ) ;
#2528 = DATE_AND_TIME ( #5967, #5848 ) ;
#2529 = CARTESIAN_POINT ( 'NONE',  ( -13.51156246699913765, -0.3922397125332226508, -3.697507468016388632 ) ) ;
#2530 = ORIENTED_EDGE ( 'NONE', *, *, #6492, .T. ) ;
#2531 = ORIENTED_EDGE ( 'NONE', *, *, #2338, .T. ) ;
#2532 = DIRECTION ( 'NONE',  ( -2.565753199199158405E-18, -2.902514036010829075E-16, 1.000000000000000000 ) ) ;
#2533 = EDGE_CURVE ( 'NONE', #170, #6179, #6625, .T. ) ;
#2534 = CARTESIAN_POINT ( 'NONE',  ( -2.050480819890118965E-16, -8.447906342423668944E-15, -3.000000000000007994 ) ) ;
#2535 = CARTESIAN_POINT ( 'NONE',  ( -11.35777712908896220, -0.9854161010242703522, -3.687690596025423151 ) ) ;
#2536 = LINE ( 'NONE', #7244, #3974 ) ;
#2537 = CIRCLE ( 'NONE', #7607, 2.200000000000000178 ) ;
#2538 = CARTESIAN_POINT ( 'NONE',  ( 11.38616895624280012, 0.5613880118889729154, -2.500000000000008438 ) ) ;
#2539 = EDGE_CURVE ( 'NONE', #143, #5493, #6513, .T. ) ;
#2540 = EDGE_LOOP ( 'NONE', ( #1646 ) ) ;
#2541 = DIRECTION ( 'NONE',  ( 2.565753199199158405E-18, 2.902514036010829075E-16, -1.000000000000000000 ) ) ;
#2542 = CARTESIAN_POINT ( 'NONE',  ( -0.6857222450800782854, 0.6685848903910791563, 10.09999999999999609 ) ) ;
#2543 = AXIS2_PLACEMENT_3D ( 'NONE', #1240, #1829, #7077 ) ;
#2544 = AXIS2_PLACEMENT_3D ( 'NONE', #1798, #4022, #3437 ) ;
#2545 = CARTESIAN_POINT ( 'NONE',  ( 0.9218726222051465413, 0.2595604389839207271, 11.74999999999999645 ) ) ;
#2546 = CARTESIAN_POINT ( 'NONE',  ( 0.2361503771250648975, 0.9281453293749931666, 8.674999999999997158 ) ) ;
#2547 = DIRECTION ( 'NONE',  ( 1.000000000000000000, 5.204170427930420494E-15, 0.000000000000000000 ) ) ;
#2548 = DIRECTION ( 'NONE',  ( 1.000000000000000000, 0.000000000000000000, 0.000000000000000000 ) ) ;
#2549 = CARTESIAN_POINT ( 'NONE',  ( 3.401171659030325589, 10.74914874979074852, -2.835605357442517072 ) ) ;
#2550 = DIRECTION ( 'NONE',  ( -0.4991391323160827009, 0.8665218558067350196, 0.000000000000000000 ) ) ;
#2551 = CARTESIAN_POINT ( 'NONE',  ( -2.185888724398846442E-18, 1.088491648683293330E-17, 11.19999999999999751 ) ) ;
#2552 = AXIS2_PLACEMENT_3D ( 'NONE', #6831, #5720, #7338 ) ;
#2553 = DIRECTION ( 'NONE',  ( -0.000000000000000000, -0.000000000000000000, -1.000000000000000000 ) ) ;
#2554 = ORIENTED_EDGE ( 'NONE', *, *, #5630, .T. ) ;
#2555 = CYLINDRICAL_SURFACE ( 'NONE', #503, 2.000000000000000444 ) ;
#2556 = CARTESIAN_POINT ( 'NONE',  ( -0.2361503771250583472, -0.9281453293749780675, 13.00624999999999787 ) ) ;
#2557 = CARTESIAN_POINT ( 'NONE',  ( 0.000000000000000000, 0.000000000000000000, 12.00000000000000000 ) ) ;
#2558 = DIRECTION ( 'NONE',  ( -0.000000000000000000, -0.000000000000000000, -1.000000000000000000 ) ) ;
#2559 = CYLINDRICAL_SURFACE ( 'NONE', #1638, 2.000000000000000444 ) ;
#2560 = ORIENTED_EDGE ( 'NONE', *, *, #3667, .F. ) ;
#2561 = EDGE_CURVE ( 'NONE', #1699, #3903, #3750, .T. ) ;
#2562 = ORIENTED_EDGE ( 'NONE', *, *, #1233, .F. ) ;
#2563 = LINE ( 'NONE', #1322, #4137 ) ;
#2564 = CARTESIAN_POINT ( 'NONE',  ( -0.9124359724768811297, 0.8896326596143752097, 11.26718749999999680 ) ) ;
#2565 = CARTESIAN_POINT ( 'NONE',  ( -1.027259311016472720, -1.053590308655646623, 12.25156250000000036 ) ) ;
#2566 = CARTESIAN_POINT ( 'NONE',  ( -10.26858420573996078, -7.016205697400484276, 15.90022110176778725 ) ) ;
#2567 = VECTOR ( 'NONE', #7259, 1000.000000000000000 ) ;
#2568 = VERTEX_POINT ( 'NONE', #7203 ) ;
#2569 = AXIS2_PLACEMENT_3D ( 'NONE', #6352, #1686, #5825 ) ;
#2570 = ORIENTED_EDGE ( 'NONE', *, *, #7517, .F. ) ;
#2571 = CARTESIAN_POINT ( 'NONE',  ( 13.89952640630790803, -0.1147417986137494877, -5.500000000000007105 ) ) ;
#2572 = CARTESIAN_POINT ( 'NONE',  ( -2.700906402787883298, 5.357714494388377879, -3.000000000000006217 ) ) ;
#2573 = DIRECTION ( 'NONE',  ( -2.565753199199158405E-18, -2.902514036010829075E-16, 1.000000000000000000 ) ) ;
#2574 = CARTESIAN_POINT ( 'NONE',  ( 0.9218726222051469854, 0.2595604389839208936, 9.106249999999997513 ) ) ;
#2575 = CARTESIAN_POINT ( 'NONE',  ( 5.357714494388358339, 2.700906402787931260, -5.500000000000006217 ) ) ;
#2576 = ORIENTED_EDGE ( 'NONE', *, *, #2417, .T. ) ;
#2577 = CONICAL_SURFACE ( 'NONE', #6028, 2.200000000000000178, 0.7853981633974461696 ) ;
#2578 = CARTESIAN_POINT ( 'NONE',  ( -0.9218726222051398800, -0.2595604389839062942, 11.52499999999999680 ) ) ;
#2579 = CARTESIAN_POINT ( 'NONE',  ( 0.6857222450800846136, -0.6685848903910641683, 11.67499999999999716 ) ) ;
#2580 = CARTESIAN_POINT ( 'NONE',  ( -1.071729911523479961, 0.2726829676047792805, 9.237499999999997158 ) ) ;
#2581 = PLANE ( 'NONE',  #6289 ) ;
#2582 = CIRCLE ( 'NONE', #6897, 1.025000000000000355 ) ;
#2583 = DIRECTION ( 'NONE',  ( 2.565753199199158405E-18, 2.902514036010829075E-16, -1.000000000000000000 ) ) ;
#2584 = CARTESIAN_POINT ( 'NONE',  ( -2.037652053894123175E-16, -8.302780640623127022E-15, -3.500000000000008438 ) ) ;
#2585 = CARTESIAN_POINT ( 'NONE',  ( -7.607243831355219754, -11.14277773728793264, 13.00000000000000355 ) ) ;
#2586 = CARTESIAN_POINT ( 'NONE',  ( -0.3207707779579564433, 1.139271451999727791, 8.357596189432319633 ) ) ;
#2587 = CARTESIAN_POINT ( 'NONE',  ( 1.071729911523486845, -0.2726829676047643480, 11.76874999999999716 ) ) ;
#2588 = AXIS2_PLACEMENT_3D ( 'NONE', #1587, #5057, #3346 ) ;
#2589 = CARTESIAN_POINT ( 'NONE',  ( 0.000000000000000000, 0.000000000000000000, 15.69999999999999218 ) ) ;
#2590 = ORIENTED_EDGE ( 'NONE', *, *, #7231, .T. ) ;
#2591 = DIRECTION ( 'NONE',  ( 1.000000000000000000, 0.000000000000000000, 0.000000000000000000 ) ) ;
#2592 = CARTESIAN_POINT ( 'NONE',  ( -0.2361503771250584305, -0.9281453293749781785, 13.90624999999999822 ) ) ;
#2593 = CARTESIAN_POINT ( 'NONE',  ( 0.9092258527486100084, 3.379838509262449442, -3.000000000000007105 ) ) ;
#2594 = LINE ( 'NONE', #6684, #2860 ) ;
#2595 = VECTOR ( 'NONE', #2695, 1000.000000000000114 ) ;
#2596 = VERTEX_POINT ( 'NONE', #662 ) ;
#2597 = ORIENTED_EDGE ( 'NONE', *, *, #7403, .T. ) ;
#2598 = CIRCLE ( 'NONE', #6302, 2.349999999999983658 ) ;
#2599 = DIRECTION ( 'NONE',  ( 1.000000000000000000, 0.000000000000000000, 0.000000000000000000 ) ) ;
#2600 = CARTESIAN_POINT ( 'NONE',  ( -1.426065627985118933, 0.3628375052865480122, 11.75468749999999751 ) ) ;
#2601 = CARTESIAN_POINT ( 'NONE',  ( 1.226662469500802377, 0.3453764016845635165, 12.43906249999999680 ) ) ;
#2602 = ADVANCED_FACE ( 'NONE', ( #3566, #6007 ), #4130, .F. ) ;
#2603 = FACE_OUTER_BOUND ( 'NONE', #4620, .T. ) ;
#2604 = ORIENTED_EDGE ( 'NONE', *, *, #7183, .F. ) ;
#2605 = ORIENTED_EDGE ( 'NONE', *, *, #3534, .F. ) ;
#2606 = FACE_OUTER_BOUND ( 'NONE', #5083, .T. ) ;
#2607 = DIRECTION ( 'NONE',  ( -0.7071067811865491270, -0.7071067811865459074, 0.000000000000000000 ) ) ;
#2608 = ORIENTED_EDGE ( 'NONE', *, *, #6925, .F. ) ;
#2609 = CARTESIAN_POINT ( 'NONE',  ( -6.444838686433802089, -2.909304780501045684, 15.69999999999999218 ) ) ;
#2610 = VERTEX_POINT ( 'NONE', #5036 ) ;
#2611 = CYLINDRICAL_SURFACE ( 'NONE', #1582, 3.250000000000000000 ) ;
#2612 = CIRCLE ( 'NONE', #4590, 1.249999999999993561 ) ;
#2613 = EDGE_LOOP ( 'NONE', ( #2463, #7042, #358, #1156, #1818, #1337, #367, #7310 ) ) ;
#2614 = CARTESIAN_POINT ( 'NONE',  ( -0.2997145786366768316, 1.064486813177379032, 10.11875000000000036 ) ) ;
#2615 = DIRECTION ( 'NONE',  ( -0.4991391323160826454, 0.8665218558067350196, 2.662952704350361526E-16 ) ) ;
#2616 = VECTOR ( 'NONE', #4068, 1000.000000000000000 ) ;
#2617 = CARTESIAN_POINT ( 'NONE',  ( 0.6857222450800849467, -0.6685848903910641683, 10.32499999999999751 ) ) ;
#2618 = AXIS2_PLACEMENT_3D ( 'NONE', #1551, #6183, #5605 ) ;
#2619 = CARTESIAN_POINT ( 'NONE',  ( -0.2997145786366769427, 1.064486813177378810, 11.41249999999999787 ) ) ;
#2620 = CARTESIAN_POINT ( 'NONE',  ( 0.2997145786366834375, -1.064486813177363933, 10.28749999999999787 ) ) ;
#2621 = PLANE ( 'NONE',  #508 ) ;
#2622 = CARTESIAN_POINT ( 'NONE',  ( -7.653416913244544872, -11.22228603804767388, 12.74822238610242486 ) ) ;
#2623 = DIRECTION ( 'NONE',  ( -0.9656681455035653894, 0.2597788150710230171, 7.292349956650010970E-17 ) ) ;
#2624 = CARTESIAN_POINT ( 'NONE',  ( 10.13914676754892419, 6.603612861616150020, 12.00000000000000000 ) ) ;
#2625 = EDGE_CURVE ( 'NONE', #6503, #5727, #7096, .T. ) ;
#2626 = CARTESIAN_POINT ( 'NONE',  ( -0.9866380192381377645, -0.2777956425032830912, 8.470096189432318567 ) ) ;
#2627 = B_SPLINE_CURVE_WITH_KNOTS ( 'NONE', 3,
 ( #7271, #2524, #7234, #5024, #5148, #1065, #1675, #3394, #2755, #6804 ),
 .UNSPECIFIED., .F., .F.,
 ( 4, 2, 2, 2, 4 ),
 ( 0.000000000000000000, 0.0003992912889338782025, 0.0007985825778677564050, 0.001197873866801634716, 0.001597165155735512810 ),
 .UNSPECIFIED. ) ;
#2628 = CARTESIAN_POINT ( 'NONE',  ( 11.17590210907532189, -7.640368203142117842, 12.87352342514726367 ) ) ;
#2629 = ORIENTED_EDGE ( 'NONE', *, *, #5154, .F. ) ;
#2630 = CARTESIAN_POINT ( 'NONE',  ( -4.349212160543565631, -4.618912597417283550, -6.000000000000009770 ) ) ;
#2631 = LINE ( 'NONE', #3128, #4577 ) ;
#2632 = CARTESIAN_POINT ( 'NONE',  ( -2.360797993348484614, 6.056123581516625443, 12.00000000000000000 ) ) ;
#2633 = CYLINDRICAL_SURFACE ( 'NONE', #3587, 1.250000000000000222 ) ;
#2634 = ORIENTED_EDGE ( 'NONE', *, *, #1301, .F. ) ;
#2635 = EDGE_CURVE ( 'NONE', #4699, #3360, #3386, .T. ) ;
#2636 = ORIENTED_EDGE ( 'NONE', *, *, #7426, .F. ) ;
#2637 = DIRECTION ( 'NONE',  ( 0.4991391323160825899, -0.8665218558067350196, -2.891205793294678819E-16 ) ) ;
#2638 = CARTESIAN_POINT ( 'NONE',  ( -0.9124359724768812407, 0.8896326596143752097, 12.16718749999999538 ) ) ;
#2639 = CARTESIAN_POINT ( 'NONE',  ( -0.3988063169686432707, 1.416427813942202185, 13.90156249999999893 ) ) ;
#2640 = DIRECTION ( 'NONE',  ( 2.565753199199158405E-18, 2.902514036010829075E-16, -1.000000000000000000 ) ) ;
#2641 = ORIENTED_EDGE ( 'NONE', *, *, #7176, .F. ) ;
#2642 = ORIENTED_EDGE ( 'NONE', *, *, #7576, .F. ) ;
#2643 = CARTESIAN_POINT ( 'NONE',  ( -6.603612861616044327, 10.13914676754899347, 12.00000000000000000 ) ) ;
#2644 = FACE_OUTER_BOUND ( 'NONE', #3933, .T. ) ;
#2645 = EDGE_LOOP ( 'NONE', ( #7246, #166, #810, #3808 ) ) ;
#2646 = DIRECTION ( 'NONE',  ( 1.000000000000000000, 0.000000000000000000, 0.000000000000000000 ) ) ;
#2647 = CARTESIAN_POINT ( 'NONE',  ( 0.7720153328868070153, 0.7918038455726068570, 8.243749999999996803 ) ) ;
#2648 = CARTESIAN_POINT ( 'NONE',  ( 7.967514421272220204, -6.717514421272190006, 12.00000000000000000 ) ) ;
#2649 = EDGE_CURVE ( 'NONE', #4156, #716, #2680, .T. ) ;
#2650 = CARTESIAN_POINT ( 'NONE',  ( -11.21498648448599234, 6.641428455355146809, -5.499999999998321343 ) ) ;
#2651 = VERTEX_POINT ( 'NONE', #5358 ) ;
#2652 = EDGE_CURVE ( 'NONE', #4662, #3444, #2653, .T. ) ;
#2653 = CIRCLE ( 'NONE', #4634, 10.89999999999999858 ) ;
#2654 = CARTESIAN_POINT ( 'NONE',  ( 1.426065627985125595, -0.3628375052865329686, 8.379687499999997513 ) ) ;
#2655 = CARTESIAN_POINT ( 'NONE',  ( 0.6857222450800845026, -0.6685848903910642793, 13.02499999999999680 ) ) ;
#2656 = AXIS2_PLACEMENT_3D ( 'NONE', #2065, #4990, #3739 ) ;
#2657 = CARTESIAN_POINT ( 'NONE',  ( 3.121436814856986874, -6.232706652077850684, 16.00000000000000000 ) ) ;
#2658 = DIRECTION ( 'NONE',  ( -0.000000000000000000, -0.000000000000000000, -1.000000000000000000 ) ) ;
#2659 = LINE ( 'NONE', #1935, #1634 ) ;
#2660 = FACE_OUTER_BOUND ( 'NONE', #5469, .T. ) ;
#2661 = ORIENTED_EDGE ( 'NONE', *, *, #802, .F. ) ;
#2662 = ADVANCED_FACE ( 'NONE', ( #6200 ), #6887, .T. ) ;
#2663 = AXIS2_PLACEMENT_3D ( 'NONE', #5952, #6384, #1103 ) ;
#2664 = CARTESIAN_POINT ( 'NONE',  ( -5.833718187018060775, 10.60168677524672098, 12.00000000000000355 ) ) ;
#2665 = CARTESIAN_POINT ( 'NONE',  ( -4.489023189881713449, 4.832046233295393733, -3.000000000000006217 ) ) ;
#2666 = ORIENTED_EDGE ( 'NONE', *, *, #4035, .F. ) ;
#2667 = CARTESIAN_POINT ( 'NONE',  ( 1.121318413595939090, -5.894289186605174535, 15.69999999999999574 ) ) ;
#2668 = CARTESIAN_POINT ( 'NONE',  ( 0.7338970930875434728, -0.7155557677481375611, 12.53615381056767752 ) ) ;
#2669 = VECTOR ( 'NONE', #1154, 1000.000000000000000 ) ;
#2670 = DIRECTION ( 'NONE',  ( 0.1321486423538431321, 0.6946486423538412724, 0.7071067811865483499 ) ) ;
#2671 = CARTESIAN_POINT ( 'NONE',  ( 7.671197568849791537, 11.19348831161486579, -3.500000000000004885 ) ) ;
#2672 = EDGE_CURVE ( 'NONE', #6276, #6276, #5264, .T. ) ;
#2673 = EDGE_LOOP ( 'NONE', ( #6077 ) ) ;
#2674 = CARTESIAN_POINT ( 'NONE',  ( 6.603612861616254825, 10.13914676754885491, 13.00000000000000178 ) ) ;
#2675 = CARTESIAN_POINT ( 'NONE',  ( -0.3142264970239115884, -1.235009061298917077, 13.21718749999999609 ) ) ;
#2676 = CARTESIAN_POINT ( 'NONE',  ( -1.027259311016472720, -1.053590308655646623, 14.05156249999999751 ) ) ;
#2677 = ADVANCED_FACE ( 'NONE', ( #6595 ), #6579, .T. ) ;
#2678 = CARTESIAN_POINT ( 'NONE',  ( 7.231545417347613913, -11.80847756275405835, 12.02626313287921178 ) ) ;
#2679 = VERTEX_POINT ( 'NONE', #3502 ) ;
#2680 = B_SPLINE_CURVE_WITH_KNOTS ( 'NONE', 3,
 ( #6045, #5471, #3069, #192, #2535, #1962, #6662, #1371, #1260, #2998 ),
 .UNSPECIFIED., .F., .F.,
 ( 4, 2, 2, 2, 4 ),
 ( 4.336808689942017736E-19, 0.0004045763957021413794, 0.0008091527914042823252, 0.001213729187106423217, 0.001618305582808564217 ),
 .UNSPECIFIED. ) ;
#2681 = ORIENTED_EDGE ( 'NONE', *, *, #3746, .F. ) ;
#2682 = CARTESIAN_POINT ( 'NONE',  ( -4.605735531137175265, -3.006193642668507859, -6.000000000000008882 ) ) ;
#2683 = DIRECTION ( 'NONE',  ( 0.9656681455035628359, -0.2597788150710327870, 0.000000000000000000 ) ) ;
#2684 = ORIENTED_EDGE ( 'NONE', *, *, #4801, .T. ) ;
#2685 = CARTESIAN_POINT ( 'NONE',  ( 0.000000000000000000, 0.000000000000000000, 12.00000000000000000 ) ) ;
#2686 = VERTEX_POINT ( 'NONE', #3908 ) ;
#2687 = CARTESIAN_POINT ( 'NONE',  ( 0.7720153328868069043, 0.7918038455726068570, 9.593749999999998224 ) ) ;
#2688 = ORIENTED_EDGE ( 'NONE', *, *, #2878, .T. ) ;
#2689 = EDGE_CURVE ( 'NONE', #3852, #1648, #635, .T. ) ;
#2690 = CARTESIAN_POINT ( 'NONE',  ( 0.6857222450800846136, -0.6685848903910641683, 11.67499999999999716 ) ) ;
#2691 = AXIS2_PLACEMENT_3D ( 'NONE', #2941, #5307, #5519 ) ;
#2692 =( BOUNDED_SURFACE ( )  B_SPLINE_SURFACE ( 1, 2, ( 
 ( #1554, #5107, #444, #5770, #6224, #1593, #989, #5808, #3314, #5065, #7428, #5691, #7466, #4485, #4567, #2144, #407, #6801, #7509, #6840, #6881, #2292, #6961, #1637, #2753, #3898, #1673, #6341, #6262, #4015, #1024, #1063, #4524, #6304, #484, #3391, #5186, #7549, #2255, #4609, #3354, #3429, #524, #2862, #5225, #3858, #4698, #65, #7086, #4255, #1805, #1186, #7053, #4143, #3557, #2952, #3019, #3518, #6505, #5277, #4180, #1766, #5352, #6034, #5421, #1250, #1218, #4103, #140, #5385, #615, #2486, #7636, #1875, #1912, #4841, #5965, #761, #7156, #2376, #686, #3058, #6471, #7197, #6541, #102, #3590, #6617, #5929, #7122, #1324, #3662, #2412, #2342, #2451, #5894, #5318, #36, #4800, #4768, #1838, #1287, #4730, #652, #2989, #4218, #6576, #3626, #5998, #721, #1401, #6075, #7273, #2565, #5532, #6651, #3786, #3095, #2601, #6806, #5498, #1361, #1517, #2027, #4992, #297, #3824, #7352, #7236, #2067, #3245, #3861, #4877, #6228, #5026, #6150, #1952, #3741, #5460, #3209, #6111, #4412, #182, #220, #6191, #1992, #841, #5575, #333, #4451, #2526, #3135, #875, #4299, #3703, #6762, #4919, #2639, #5610, #1477, #798, #2676, #4337, #913, #7388, #2106, #6690, #3172, #260, #4956, #7313, #4375, #6726 ),
 ( #1439, #952, #4054, #5111, #7004, #7553, #1029, #2148, #7435, #5229, #2260, #4490, #488, #4650, #5150, #7513, #7594, #3397, #3357, #1105, #3279, #6386, #6266, #5734, #1716, #4019, #2830, #449, #7471, #5190, #2791, #2221, #6345, #4613, #528, #994, #6965, #4571, #3318, #2867, #6923, #1642, #5695, #2296, #3434, #3979, #1067, #4528, #5774, #2714, #1677, #5812, #5654, #6844, #6885, #372, #5070, #1560, #3902, #411, #2757, #2183, #1597, #3936, #6309, #6533, #1211, #1178, #5411, #1866, #5343, #1794, #94, #4133, #1831, #1905, #6498, #5921, #59, #130, #2403, #2443, #3507, #5271, #4832, #7629, #1141, #3476, #4169, #5852, #566, #5311, #7189, #7115, #5988, #2333, #679, #4209, #1242, #3581, #4758, #5954, #3011, #5376, #2945, #4793, #6422, #4688, #2904, #6568, #7146, #3549, #26, #1277, #644, #2977, #3615, #713, #3047, #4093, #2477, #7045, #6463, #1757, #5887, #608, #2368, #4722, #7079, #6101, #250, #209, #1392, #6024, #3298, #6866, #6679, #3088, #2556, #3916, #4328, #431, #5674, #5045, #175, #2770, #5490, #4908, #4289, #4469, #3733, #6644, #3332, #7453, #3163, #7263, #392, #1980, #7408, #7493, #827, #5523, #2592, #5713, #2127, #2734, #1352, #5451, #5126, #2520, #6604, #1315, #6826 ) ),
 .UNSPECIFIED., .F., .F., .F. ) 
 B_SPLINE_SURFACE_WITH_KNOTS ( ( 2, 2 ),
 ( 3, 2, 2, 2, 2, 2, 2, 2, 2, 2, 2, 2, 2, 2, 2, 2, 2, 2, 2, 2, 2, 2, 2, 2, 2, 2, 2, 2, 2, 2, 2, 2, 2, 2, 2, 2, 2, 2, 2, 2, 2, 2, 2, 2, 2, 2, 2, 2, 2, 2, 2, 2, 2, 2, 2, 2, 2, 2, 2, 2, 2, 2, 2, 2, 2, 2, 2, 2, 2, 2, 2, 2, 2, 2, 2, 2, 2, 2, 2, 2, 2, 2, 2, 2, 2, 2, 3 ),
 ( 0.000000000000000000, 1.000000000000000000 ),
 ( 0.000000000000000000, 0.01111111111111111154, 0.02222222222222222307, 0.03333333333333333287, 0.04444444444444444614, 0.05555555555555555247, 0.06666666666666666574, 0.07777777777777777901, 0.08888888888888889228, 0.1000000000000000056, 0.1111111111111111049, 0.1222222222222222182, 0.1333333333333333315, 0.1444444444444444309, 0.1555555555555555580, 0.1666666666666666574, 0.1777777777777777846, 0.1888888888888888840, 0.2000000000000000111, 0.2111111111111111105, 0.2222222222222222099, 0.2333333333333333370, 0.2444444444444444364, 0.2555555555555555358, 0.2666666666666666630, 0.2777777777777777901, 0.2888888888888888618, 0.2999999999999999889, 0.3111111111111111160, 0.3222222222222222432, 0.3333333333333333148, 0.3444444444444444420, 0.3555555555555555691, 0.3666666666666666408, 0.3777777777777777679, 0.3888888888888888951, 0.4000000000000000222, 0.4111111111111110938, 0.4222222222222222210, 0.4333333333333333481, 0.4444444444444444198, 0.4555555555555555469, 0.4666666666666666741, 0.4777777777777778012, 0.4888888888888888729, 0.5000000000000000000, 0.5111111111111110716, 0.5222222222222222543, 0.5333333333333333259, 0.5444444444444443976, 0.5555555555555555802, 0.5666666666666666519, 0.5777777777777777235, 0.5888888888888889062, 0.5999999999999999778, 0.6111111111111111605, 0.6222222222222222321, 0.6333333333333333037, 0.6444444444444444864, 0.6555555555555555580, 0.6666666666666666297, 0.6777777777777778123, 0.6888888888888888840, 0.6999999999999999556, 0.7111111111111111382, 0.7222222222222222099, 0.7333333333333332815, 0.7444444444444444642, 0.7555555555555555358, 0.7666666666666667185, 0.7777777777777777901, 0.7888888888888888618, 0.8000000000000000444, 0.8111111111111111160, 0.8222222222222221877, 0.8333333333333333703, 0.8444444444444444420, 0.8555555555555555136, 0.8666666666666666963, 0.8777777777777777679, 0.8888888888888888395, 0.9000000000000000222, 0.9111111111111110938, 0.9222222222222222765, 0.9333333333333333481, 0.9444444444444444198, 0.9555555555555556024 ),
 .UNSPECIFIED. ) 
 GEOMETRIC_REPRESENTATION_ITEM ( )  RATIONAL_B_SPLINE_SURFACE ( (
 ( 1.000000000000000000, 0.8660254037844387076, 1.000000000000000000, 0.8660254037844387076, 1.000000000000000000, 0.8660254037844387076, 1.000000000000000000, 0.8660254037844387076, 1.000000000000000000, 0.8660254037844387076, 1.000000000000000000, 0.8660254037844387076, 1.000000000000000000, 0.8660254037844387076, 1.000000000000000000, 0.8660254037844387076, 1.000000000000000000, 0.8660254037844387076, 1.000000000000000000, 0.8660254037844387076, 1.000000000000000000, 0.8660254037844387076, 1.000000000000000000, 0.8660254037844387076, 1.000000000000000000, 0.8660254037844387076, 1.000000000000000000, 0.8660254037844387076, 1.000000000000000000, 0.8660254037844387076, 1.000000000000000000, 0.8660254037844387076, 1.000000000000000000, 0.8660254037844387076, 1.000000000000000000, 0.8660254037844387076, 1.000000000000000000, 0.8660254037844387076, 1.000000000000000000, 0.8660254037844387076, 1.000000000000000000, 0.8660254037844387076, 1.000000000000000000, 0.8660254037844387076, 1.000000000000000000, 0.8660254037844387076, 1.000000000000000000, 0.8660254037844387076, 1.000000000000000000, 0.8660254037844387076, 1.000000000000000000, 0.8660254037844387076, 1.000000000000000000, 0.8660254037844387076, 1.000000000000000000, 0.8660254037844387076, 1.000000000000000000, 0.8660254037844387076, 1.000000000000000000, 0.8660254037844387076, 1.000000000000000000, 0.8660254037844387076, 1.000000000000000000, 0.8660254037844387076, 1.000000000000000000, 0.8660254037844387076, 1.000000000000000000, 0.8660254037844387076, 1.000000000000000000, 0.8660254037844387076, 1.000000000000000000, 0.8660254037844387076, 1.000000000000000000, 0.8660254037844387076, 1.000000000000000000, 0.8660254037844387076, 1.000000000000000000, 0.8660254037844387076, 1.000000000000000000, 0.8660254037844387076, 1.000000000000000000, 0.8660254037844387076, 1.000000000000000000, 0.8660254037844387076, 1.000000000000000000, 0.8660254037844387076, 1.000000000000000000, 0.8660254037844387076, 1.000000000000000000, 0.8660254037844387076, 1.000000000000000000, 0.8660254037844387076, 1.000000000000000000, 0.8660254037844387076, 1.000000000000000000, 0.8660254037844387076, 1.000000000000000000, 0.8660254037844387076, 1.000000000000000000, 0.8660254037844387076, 1.000000000000000000, 0.8660254037844387076, 1.000000000000000000, 0.8660254037844387076, 1.000000000000000000, 0.8660254037844387076, 1.000000000000000000, 0.8660254037844387076, 1.000000000000000000, 0.8660254037844387076, 1.000000000000000000, 0.8660254037844387076, 1.000000000000000000, 0.8660254037844387076, 1.000000000000000000, 0.8660254037844387076, 1.000000000000000000, 0.8660254037844387076, 1.000000000000000000, 0.8660254037844387076, 1.000000000000000000, 0.8660254037844387076, 1.000000000000000000, 0.8660254037844387076, 1.000000000000000000, 0.8660254037844387076, 1.000000000000000000, 0.8660254037844387076, 1.000000000000000000, 0.8660254037844387076, 1.000000000000000000, 0.8660254037844387076, 1.000000000000000000, 0.8660254037844387076, 1.000000000000000000, 0.8660254037844387076, 1.000000000000000000, 0.8660254037844387076, 1.000000000000000000, 0.8660254037844387076, 1.000000000000000000, 0.8660254037844387076, 1.000000000000000000, 0.8660254037844387076, 1.000000000000000000, 0.8660254037844387076, 1.000000000000000000, 0.8660254037844387076, 1.000000000000000000, 0.8660254037844387076, 1.000000000000000000, 0.8660254037844387076, 1.000000000000000000, 0.8660254037844387076, 1.000000000000000000, 0.8660254037844387076, 1.000000000000000000, 0.8660254037844387076, 1.000000000000000000, 0.8660254037844387076, 1.000000000000000000, 0.8660254037844387076, 1.000000000000000000, 0.8660254037844387076, 1.000000000000000000, 0.8660254037844387076, 1.000000000000000000, 0.8660254037844387076, 1.000000000000000000, 0.8660254037844387076, 1.000000000000000000, 0.8660254037844387076, 1.000000000000000000),
 ( 1.000000000000000000, 0.8660254037844387076, 1.000000000000000000, 0.8660254037844387076, 1.000000000000000000, 0.8660254037844387076, 1.000000000000000000, 0.8660254037844387076, 1.000000000000000000, 0.8660254037844387076, 1.000000000000000000, 0.8660254037844387076, 1.000000000000000000, 0.8660254037844387076, 1.000000000000000000, 0.8660254037844387076, 1.000000000000000000, 0.8660254037844387076, 1.000000000000000000, 0.8660254037844387076, 1.000000000000000000, 0.8660254037844387076, 1.000000000000000000, 0.8660254037844387076, 1.000000000000000000, 0.8660254037844387076, 1.000000000000000000, 0.8660254037844387076, 1.000000000000000000, 0.8660254037844387076, 1.000000000000000000, 0.8660254037844387076, 1.000000000000000000, 0.8660254037844387076, 1.000000000000000000, 0.8660254037844387076, 1.000000000000000000, 0.8660254037844387076, 1.000000000000000000, 0.8660254037844387076, 1.000000000000000000, 0.8660254037844387076, 1.000000000000000000, 0.8660254037844387076, 1.000000000000000000, 0.8660254037844387076, 1.000000000000000000, 0.8660254037844387076, 1.000000000000000000, 0.8660254037844387076, 1.000000000000000000, 0.8660254037844387076, 1.000000000000000000, 0.8660254037844387076, 1.000000000000000000, 0.8660254037844387076, 1.000000000000000000, 0.8660254037844387076, 1.000000000000000000, 0.8660254037844387076, 1.000000000000000000, 0.8660254037844387076, 1.000000000000000000, 0.8660254037844387076, 1.000000000000000000, 0.8660254037844387076, 1.000000000000000000, 0.8660254037844387076, 1.000000000000000000, 0.8660254037844387076, 1.000000000000000000, 0.8660254037844387076, 1.000000000000000000, 0.8660254037844387076, 1.000000000000000000, 0.8660254037844387076, 1.000000000000000000, 0.8660254037844387076, 1.000000000000000000, 0.8660254037844387076, 1.000000000000000000, 0.8660254037844387076, 1.000000000000000000, 0.8660254037844387076, 1.000000000000000000, 0.8660254037844387076, 1.000000000000000000, 0.8660254037844387076, 1.000000000000000000, 0.8660254037844387076, 1.000000000000000000, 0.8660254037844387076, 1.000000000000000000, 0.8660254037844387076, 1.000000000000000000, 0.8660254037844387076, 1.000000000000000000, 0.8660254037844387076, 1.000000000000000000, 0.8660254037844387076, 1.000000000000000000, 0.8660254037844387076, 1.000000000000000000, 0.8660254037844387076, 1.000000000000000000, 0.8660254037844387076, 1.000000000000000000, 0.8660254037844387076, 1.000000000000000000, 0.8660254037844387076, 1.000000000000000000, 0.8660254037844387076, 1.000000000000000000, 0.8660254037844387076, 1.000000000000000000, 0.8660254037844387076, 1.000000000000000000, 0.8660254037844387076, 1.000000000000000000, 0.8660254037844387076, 1.000000000000000000, 0.8660254037844387076, 1.000000000000000000, 0.8660254037844387076, 1.000000000000000000, 0.8660254037844387076, 1.000000000000000000, 0.8660254037844387076, 1.000000000000000000, 0.8660254037844387076, 1.000000000000000000, 0.8660254037844387076, 1.000000000000000000, 0.8660254037844387076, 1.000000000000000000, 0.8660254037844387076, 1.000000000000000000, 0.8660254037844387076, 1.000000000000000000, 0.8660254037844387076, 1.000000000000000000, 0.8660254037844387076, 1.000000000000000000, 0.8660254037844387076, 1.000000000000000000, 0.8660254037844387076, 1.000000000000000000, 0.8660254037844387076, 1.000000000000000000, 0.8660254037844387076, 1.000000000000000000, 0.8660254037844387076, 1.000000000000000000, 0.8660254037844387076, 1.000000000000000000, 0.8660254037844387076, 1.000000000000000000, 0.8660254037844387076, 1.000000000000000000, 0.8660254037844387076, 1.000000000000000000, 0.8660254037844387076, 1.000000000000000000, 0.8660254037844387076, 1.000000000000000000, 0.8660254037844387076, 1.000000000000000000, 0.8660254037844387076, 1.000000000000000000, 0.8660254037844387076, 1.000000000000000000, 0.8660254037844387076, 1.000000000000000000) ) ) 
 REPRESENTATION_ITEM ( '' )  SURFACE ( )  );
#2693 = CARTESIAN_POINT ( 'NONE',  ( -0.7720153328868002429, -0.7918038455725920910, 13.81249999999999645 ) ) ;
#2694 = CARTESIAN_POINT ( 'NONE',  ( -1.071729911523480183, 0.2726829676047792250, 11.93749999999999645 ) ) ;
#2695 = DIRECTION ( 'NONE',  ( -0.7071067811865491270, -0.7071067811865459074, 0.000000000000000000 ) ) ;
#2696 = FACE_OUTER_BOUND ( 'NONE', #3161, .T. ) ;
#2697 = PLANE ( 'NONE',  #5534 ) ;
#2698 = CARTESIAN_POINT ( 'NONE',  ( 4.099354967275209205, -6.280548451550722611, -3.000000000000009770 ) ) ;
#2699 = CARTESIAN_POINT ( 'NONE',  ( -0.9218726222051401020, -0.2595604389839064052, 13.38124999999999787 ) ) ;
#2700 = VECTOR ( 'NONE', #1955, 1000.000000000000114 ) ;
#2701 = DIRECTION ( 'NONE',  ( -0.4991391323160825344, 0.8665218558067351307, 0.000000000000000000 ) ) ;
#2702 = CARTESIAN_POINT ( 'NONE',  ( 10.35192058128859038, 6.958114565251110051, 15.80021675202821285 ) ) ;
#2703 = EDGE_LOOP ( 'NONE', ( #1773 ) ) ;
#2704 = DIRECTION ( 'NONE',  ( -0.000000000000000000, -0.000000000000000000, -1.000000000000000000 ) ) ;
#2705 = CARTESIAN_POINT ( 'NONE',  ( -0.2527409261505976779, -0.9933514102514282573, 13.81115381056767610 ) ) ;
#2706 = FACE_OUTER_BOUND ( 'NONE', #1095, .T. ) ;
#2707 = FACE_OUTER_BOUND ( 'NONE', #6721, .T. ) ;
#2708 = AXIS2_PLACEMENT_3D ( 'NONE', #6707, #4859, #6131 ) ;
#2709 = ORIENTED_EDGE ( 'NONE', *, *, #1618, .T. ) ;
#2710 = CARTESIAN_POINT ( 'NONE',  ( 0.7720153328868065712, 0.7918038455726066349, 13.58749999999999503 ) ) ;
#2711 = ORIENTED_EDGE ( 'NONE', *, *, #822, .T. ) ;
#2712 = DIRECTION ( 'NONE',  ( -0.000000000000000000, -0.000000000000000000, -1.000000000000000000 ) ) ;
#2713 = CARTESIAN_POINT ( 'NONE',  ( -1.027259311016472498, -1.053590308655646623, 11.37968749999999751 ) ) ;
#2714 = CARTESIAN_POINT ( 'NONE',  ( -0.2997145786366767761, 1.064486813177379032, 9.668749999999999289 ) ) ;
#2715 = CIRCLE ( 'NONE', #4806, 2.000000000000004441 ) ;
#2716 = FACE_OUTER_BOUND ( 'NONE', #878, .T. ) ;
#2717 = ORIENTED_EDGE ( 'NONE', *, *, #5655, .T. ) ;
#2718 = VECTOR ( 'NONE', #1409, 1000.000000000000000 ) ;
#2719 = EDGE_CURVE ( 'NONE', #2724, #2724, #4233, .T. ) ;
#2720 = ORIENTED_EDGE ( 'NONE', *, *, #3247, .F. ) ;
#2721 = DIRECTION ( 'NONE',  ( 1.000000000000000000, 0.000000000000000000, 0.000000000000000000 ) ) ;
#2722 = FACE_OUTER_BOUND ( 'NONE', #3749, .T. ) ;
#2723 = EDGE_LOOP ( 'NONE', ( #7054 ) ) ;
#2724 = VERTEX_POINT ( 'NONE', #5081 ) ;
#2725 = CARTESIAN_POINT ( 'NONE',  ( 0.2361503771250648420, 0.9281453293749931666, 9.181249999999998579 ) ) ;
#2726 = CARTESIAN_POINT ( 'NONE',  ( -1.147023408217118012, 0.2918400834965767521, 11.13259618943231821 ) ) ;
#2727 = EDGE_LOOP ( 'NONE', ( #3221 ) ) ;
#2728 = CARTESIAN_POINT ( 'NONE',  ( 6.958114565250569150, 10.35192058128943415, 15.80021675202711329 ) ) ;
#2729 = CARTESIAN_POINT ( 'NONE',  ( 0.2361503771250646200, 0.9281453293749930555, 11.37499999999999645 ) ) ;
#2730 = EDGE_CURVE ( 'NONE', #3392, #981, #3242, .T. ) ;
#2731 = CARTESIAN_POINT ( 'NONE',  ( 1.071729911523486400, -0.2726829676047643480, 13.51249999999999751 ) ) ;
#2732 = CARTESIAN_POINT ( 'NONE',  ( 0.7720153328868066822, 0.7918038455726066349, 12.23749999999999716 ) ) ;
#2733 = DIRECTION ( 'NONE',  ( 0.4991391323160825899, -0.8665218558067350196, -2.502285170733345177E-16 ) ) ;
#2734 = CARTESIAN_POINT ( 'NONE',  ( 1.071729911523486400, -0.2726829676047643480, 14.01874999999999893 ) ) ;
#2735 = DIRECTION ( 'NONE',  ( 2.565753199199158405E-18, 2.902514036010829075E-16, -1.000000000000000000 ) ) ;
#2736 = CARTESIAN_POINT ( 'NONE',  ( 5.833672335569294987, 10.60171134674116011, 12.00000000000000000 ) ) ;
#2737 = CARTESIAN_POINT ( 'NONE',  ( -0.7338970930875372556, 0.7155557677481522161, 9.295096189432317857 ) ) ;
#2738 = VECTOR ( 'NONE', #5992, 999.9999999999998863 ) ;
#2739 = CARTESIAN_POINT ( 'NONE',  ( -0.2997145786366772202, 1.064486813177378810, 14.16874999999999751 ) ) ;
#2740 = ADVANCED_FACE ( 'NONE', ( #6673 ), #4360, .F. ) ;
#2741 = CARTESIAN_POINT ( 'NONE',  ( 0.000000000000000000, 0.000000000000000000, 16.00000000000000000 ) ) ;
#2742 = CARTESIAN_POINT ( 'NONE',  ( -7.859052248806893459, 1.495091218127946320, 15.69999999999999218 ) ) ;
#2743 = VERTEX_POINT ( 'NONE', #858 ) ;
#2744 = DIRECTION ( 'NONE',  ( 2.565753199199158405E-18, 2.902514036010829075E-16, -1.000000000000000000 ) ) ;
#2745 = AXIS2_PLACEMENT_3D ( 'NONE', #2968, #6520, #2392 ) ;
#2746 = CARTESIAN_POINT ( 'NONE',  ( -0.8262526302591585159, -0.8474313685031433785, 13.32365381056767717 ) ) ;
#2747 = CARTESIAN_POINT ( 'NONE',  ( -0.5613880118888628923, 11.38616895624280012, -2.500000000000004885 ) ) ;
#2748 = ADVANCED_FACE ( 'NONE', ( #3081, #7255 ), #7295, .F. ) ;
#2749 = ORIENTED_EDGE ( 'NONE', *, *, #4860, .F. ) ;
#2750 = EDGE_CURVE ( 'NONE', #6773, #6773, #2980, .T. ) ;
#2751 = CIRCLE ( 'NONE', #6573, 10.89999999999999858 ) ;
#2752 = EDGE_CURVE ( 'NONE', #6061, #4156, #2007, .T. ) ;
#2753 = CARTESIAN_POINT ( 'NONE',  ( 0.3142264970239181388, 1.235009061298932398, 8.914062499999998224 ) ) ;
#2754 = VERTEX_POINT ( 'NONE', #896 ) ;
#2755 = CARTESIAN_POINT ( 'NONE',  ( 11.88641664237927920, 7.121572556203360271, 12.00000000000000000 ) ) ;
#2756 = CARTESIAN_POINT ( 'NONE',  ( 0.2997145786366832154, -1.064486813177364155, 12.59374999999999645 ) ) ;
#2757 = CARTESIAN_POINT ( 'NONE',  ( 0.2361503771250647588, 0.9281453293749931666, 10.08124999999999893 ) ) ;
#2758 = CARTESIAN_POINT ( 'NONE',  ( -6.232706652077832032, 3.121436814857014408, 16.00000000000000000 ) ) ;
#2759 = ORIENTED_EDGE ( 'NONE', *, *, #6088, .F. ) ;
#2760 = ORIENTED_EDGE ( 'NONE', *, *, #2417, .F. ) ;
#2761 = CARTESIAN_POINT ( 'NONE',  ( -6.061480746935889563, -9.059163932423659915, -3.000000000000043521 ) ) ;
#2762 = ORIENTED_EDGE ( 'NONE', *, *, #4426, .T. ) ;
#2763 = CARTESIAN_POINT ( 'NONE',  ( 11.30452007036984874, -6.665514295773715681, -5.166685368250091948 ) ) ;
#2764 = VERTEX_POINT ( 'NONE', #6893 ) ;
#2765 = FACE_BOUND ( 'NONE', #4090, .T. ) ;
#2766 = CARTESIAN_POINT ( 'NONE',  ( 0.7720153328868069043, 0.7918038455726068570, 9.143749999999997158 ) ) ;
#2767 = CARTESIAN_POINT ( 'NONE',  ( -0.2361503771250584305, -0.9281453293749781785, 13.84999999999999787 ) ) ;
#2768 = CARTESIAN_POINT ( 'NONE',  ( -0.2361503771250582362, -0.9281453293749780675, 11.59999999999999787 ) ) ;
#2769 = DIRECTION ( 'NONE',  ( 0.4991391323160826454, -0.8665218558067350196, -2.662952704350361526E-16 ) ) ;
#2770 = CARTESIAN_POINT ( 'NONE',  ( -0.2997145786366771647, 1.064486813177378810, 13.26874999999999716 ) ) ;
#2771 = DIRECTION ( 'NONE',  ( 1.092944362199429846E-17, -5.442458243416499620E-17, -1.000000000000000000 ) ) ;
#2772 = LINE ( 'NONE', #472, #363 ) ;
#2773 = EDGE_LOOP ( 'NONE', ( #7340, #3515, #1138, #523 ) ) ;
#2774 = CARTESIAN_POINT ( 'NONE',  ( 0.2361503771250643702, 0.9281453293749929445, 13.68124999999999680 ) ) ;
#2775 = CIRCLE ( 'NONE', #1802, 5.499999999999993783 ) ;
#2776 = PLANE ( 'NONE',  #1435 ) ;
#2777 = CARTESIAN_POINT ( 'NONE',  ( 10.43465397290524699, 6.899120066972471932, 15.69999999999999218 ) ) ;
#2778 = ORIENTED_EDGE ( 'NONE', *, *, #7424, .T. ) ;
#2779 = FACE_OUTER_BOUND ( 'NONE', #6810, .T. ) ;
#2780 = CARTESIAN_POINT ( 'NONE',  ( -0.9866380192381382086, -0.2777956425032832577, 12.83615381056767646 ) ) ;
#2781 = CARTESIAN_POINT ( 'NONE',  ( 0.2361503771250644534, 0.9281453293749930555, 13.17499999999999538 ) ) ;
#2782 = CARTESIAN_POINT ( 'NONE',  ( -6.603612861616183771, -10.13914676754889932, 13.00000000000000178 ) ) ;
#2783 = AXIS2_PLACEMENT_3D ( 'NONE', #919, #2532, #1367 ) ;
#2784 = EDGE_LOOP ( 'NONE', ( #288 ) ) ;
#2785 = B_SPLINE_CURVE_WITH_KNOTS ( 'NONE', 3,
 ( #7573, #5868, #5938, #4627 ),
 .UNSPECIFIED., .F., .F.,
 ( 4, 4 ),
 ( 0.001066541654794260757, 0.003946277481238838480 ),
 .UNSPECIFIED. ) ;
#2786 = CARTESIAN_POINT ( 'NONE',  ( -0.7720153328868002429, -0.7918038455725920910, 13.81249999999999645 ) ) ;
#2787 = ORIENTED_EDGE ( 'NONE', *, *, #5709, .T. ) ;
#2788 = CARTESIAN_POINT ( 'NONE',  ( -2.063309585886114755E-16, -8.593032044224210867E-15, -2.500000000000008438 ) ) ;
#2789 = CARTESIAN_POINT ( 'NONE',  ( -1.071729911523480183, 0.2726829676047792250, 11.54374999999999929 ) ) ;
#2790 = CIRCLE ( 'NONE', #7612, 13.85588093706481416 ) ;
#2791 = CARTESIAN_POINT ( 'NONE',  ( -0.2361503771250579586, -0.9281453293749779565, 8.956249999999998934 ) ) ;
#2792 = ORIENTED_EDGE ( 'NONE', *, *, #5655, .F. ) ;
#2793 = AXIS2_PLACEMENT_3D ( 'NONE', #6820, #5040, #7487 ) ;
#2794 = VERTEX_POINT ( 'NONE', #3846 ) ;
#2795 = CARTESIAN_POINT ( 'NONE',  ( -0.2671499976309557600, -0.9284399731420975854, 8.045216426222745909 ) ) ;
#2796 = CARTESIAN_POINT ( 'NONE',  ( 6.056123581516600574, 2.360797993348548118, 12.00000000000000000 ) ) ;
#2797 = ORIENTED_EDGE ( 'NONE', *, *, #6389, .T. ) ;
#2798 = CARTESIAN_POINT ( 'NONE',  ( -7.859052248806893459, -1.495091218127947430, 12.00000000000000000 ) ) ;
#2799 = VERTEX_POINT ( 'NONE', #618 ) ;
#2800 = DIRECTION ( 'NONE',  ( 0.4991391323160825344, -0.8665218558067351307, -2.891205793294679805E-16 ) ) ;
#2801 = CARTESIAN_POINT ( 'NONE',  ( -0.2997145786366767206, 1.064486813177378810, 9.218749999999998224 ) ) ;
#2802 = FACE_OUTER_BOUND ( 'NONE', #5994, .T. ) ;
#2803 = CARTESIAN_POINT ( 'NONE',  ( -1.226662469500795716, -0.3453764016845490281, 8.192187499999995737 ) ) ;
#2804 = CARTESIAN_POINT ( 'NONE',  ( -0.7720153328868000209, -0.7918038455725919800, 12.91249999999999787 ) ) ;
#2805 = DIRECTION ( 'NONE',  ( -0.000000000000000000, 0.000000000000000000, 1.000000000000000000 ) ) ;
#2806 = DIRECTION ( 'NONE',  ( -1.092944362199429846E-17, 5.442458243416499620E-17, 1.000000000000000000 ) ) ;
#2807 = CARTESIAN_POINT ( 'NONE',  ( 6.899120066972431964, -10.43465397290526830, 15.69999999999999929 ) ) ;
#2808 = CYLINDRICAL_SURFACE ( 'NONE', #1653, 12.09999999999999964 ) ;
#2809 = DIRECTION ( 'NONE',  ( 0.2465765133176615331, 0.9691233270745808204, -3.429306921263217726E-16 ) ) ;
#2810 = CARTESIAN_POINT ( 'NONE',  ( 0.8262526302591651772, 0.8474313685031581445, 9.632596189432318212 ) ) ;
#2811 = ORIENTED_EDGE ( 'NONE', *, *, #3053, .F. ) ;
#2812 = VECTOR ( 'NONE', #5293, 1000.000000000000227 ) ;
#2813 = CARTESIAN_POINT ( 'NONE',  ( 1.071729911523487067, -0.2726829676047641815, 8.562499999999998224 ) ) ;
#2814 = CARTESIAN_POINT ( 'NONE',  ( 0.6857222450800845026, -0.6685848903910642793, 13.08124999999999716 ) ) ;
#2815 = EDGE_CURVE ( 'NONE', #6305, #2596, #2659, .T. ) ;
#2816 = CARTESIAN_POINT ( 'NONE',  ( -3.376133003484854900, 6.697143117985477012, -6.000000000000006217 ) ) ;
#2817 = LINE ( 'NONE', #1503, #2938 ) ;
#2818 = ORIENTED_EDGE ( 'NONE', *, *, #2444, .T. ) ;
#2819 = CARTESIAN_POINT ( 'NONE',  ( 7.151945467620347330, -2.202197999314495114, 13.00000000000000178 ) ) ;
#2820 = CARTESIAN_POINT ( 'NONE',  ( 0.9866380192381446479, 0.2777956425032975796, 13.96115381056767824 ) ) ;
#2821 = CARTESIAN_POINT ( 'NONE',  ( 0.2997145786366831044, -1.064486813177364155, 13.43749999999999645 ) ) ;
#2822 = DIRECTION ( 'NONE',  ( 2.565753199199158405E-18, 2.902514036010829075E-16, -1.000000000000000000 ) ) ;
#2823 = CIRCLE ( 'NONE', #5538, 11.39999999999998614 ) ;
#2824 = EDGE_LOOP ( 'NONE', ( #872, #6119, #7633, #3139 ) ) ;
#2825 = ADVANCED_FACE ( 'NONE', ( #1422 ), #3192, .F. ) ;
#2826 = CARTESIAN_POINT ( 'NONE',  ( -0.6857222450800786184, 0.6685848903910790453, 13.69999999999999751 ) ) ;
#2827 = EDGE_LOOP ( 'NONE', ( #1474, #5457, #4108, #6613 ) ) ;
#2828 = DIRECTION ( 'NONE',  ( 0.000000000000000000, 0.000000000000000000, 1.000000000000000000 ) ) ;
#2829 = CARTESIAN_POINT ( 'NONE',  ( -0.7720153328868000209, -0.7918038455725918690, 10.71875000000000178 ) ) ;
#2830 = CARTESIAN_POINT ( 'NONE',  ( -0.6857222450800781743, 0.6685848903910791563, 8.806249999999998579 ) ) ;
#2831 = CARTESIAN_POINT ( 'NONE',  ( -9.059163932423587084, 6.061480746935974828, -3.000000000000039080 ) ) ;
#2833 = EDGE_CURVE ( 'NONE', #55, #405, #2056, .T. ) ;
#2832 = CARTESIAN_POINT ( 'NONE',  ( 0.5771755667466083040, -11.32748234310513347, -2.767425090738333981 ) ) ;
#2834 = CIRCLE ( 'NONE', #5677, 1.499999999999999778 ) ;
#2835 = ORIENTED_EDGE ( 'NONE', *, *, #7479, .T. ) ;
#2836 = EDGE_CURVE ( 'NONE', #1427, #981, #4405, .T. ) ;
#2837 = VERTEX_POINT ( 'NONE', #5835 ) ;
#2838 = AXIS2_PLACEMENT_3D ( 'NONE', #6255, #2096, #1630 ) ;
#2839 = CARTESIAN_POINT ( 'NONE',  ( -3.060244214158403507E-17, 1.523888308156619721E-16, 13.79999999999999893 ) ) ;
#2840 = ORIENTED_EDGE ( 'NONE', *, *, #1804, .F. ) ;
#2841 = CARTESIAN_POINT ( 'NONE',  ( -0.5794548062965001467, -2.277439818625251799, 14.22499999999999787 ) ) ;
#2842 = CARTESIAN_POINT ( 'NONE',  ( -0.4177996954093091686, -5.271096352826189602, -2.981838234770763485 ) ) ;
#2843 = CARTESIAN_POINT ( 'NONE',  ( -1.147023408217118012, 0.2918400834965767521, 10.68259618943232070 ) ) ;
#2844 = CARTESIAN_POINT ( 'NONE',  ( -0.3142264970239112554, -1.235009061298917077, 10.06718749999999574 ) ) ;
#2845 = CIRCLE ( 'NONE', #1126, 10.89999999999999858 ) ;
#2846 = CARTESIAN_POINT ( 'NONE',  ( -7.066495986620751957, -8.945648912799615715, -3.500000000000011102 ) ) ;
#2847 = FACE_BOUND ( 'NONE', #1112, .T. ) ;
#2848 = DIRECTION ( 'NONE',  ( -0.000000000000000000, 0.000000000000000000, 1.000000000000000000 ) ) ;
#2849 = CARTESIAN_POINT ( 'NONE',  ( 10.66511182593023754, -5.715364357624368452, 12.00000000000000000 ) ) ;
#2850 = CARTESIAN_POINT ( 'NONE',  ( 6.603612861616254825, 10.13914676754885491, 13.00000000000000178 ) ) ;
#2851 = ORIENTED_EDGE ( 'NONE', *, *, #4987, .T. ) ;
#2852 = CARTESIAN_POINT ( 'NONE',  ( 0.2997145786366836040, -1.064486813177363933, 8.037499999999997868 ) ) ;
#2853 = CARTESIAN_POINT ( 'NONE',  ( -0.6857222450800786184, 0.6685848903910790453, 13.75624999999999787 ) ) ;
#2854 = DIRECTION ( 'NONE',  ( 0.4991391323160827009, -0.8665218558067350196, -2.409338161078899180E-16 ) ) ;
#2855 = CARTESIAN_POINT ( 'NONE',  ( 2.282043276725981062, 4.768537241836589224, -2.981518525787258511 ) ) ;
#2856 = ORIENTED_EDGE ( 'NONE', *, *, #3710, .T. ) ;
#2857 = CARTESIAN_POINT ( 'NONE',  ( -6.384992674408649371, -9.444673676569689036, -3.870263739134640169 ) ) ;
#2858 = AXIS2_PLACEMENT_3D ( 'NONE', #7024, #2848, #1737 ) ;
#2859 = CARTESIAN_POINT ( 'NONE',  ( -0.7338970930875372556, 0.7155557677481522161, 10.06115381056767610 ) ) ;
#2860 = VECTOR ( 'NONE', #3736, 1000.000000000000000 ) ;
#2861 = ORIENTED_EDGE ( 'NONE', *, *, #671, .T. ) ;
#2862 = CARTESIAN_POINT ( 'NONE',  ( 0.3988063169686494325, -1.416427813942187308, 9.626562500000000355 ) ) ;
#2863 = VECTOR ( 'NONE', #1512, 1000.000000000000114 ) ;
#2864 = EDGE_CURVE ( 'NONE', #2764, #2764, #2612, .T. ) ;
#2865 = EDGE_LOOP ( 'NONE', ( #1553 ) ) ;
#2866 = CARTESIAN_POINT ( 'NONE',  ( 0.2997145786366833264, -1.064486813177364155, 11.24374999999999858 ) ) ;
#2867 = CARTESIAN_POINT ( 'NONE',  ( -1.071729911523479961, 0.2726829676047792805, 9.293749999999999289 ) ) ;
#2868 = FACE_OUTER_BOUND ( 'NONE', #1123, .T. ) ;
#2869 = CARTESIAN_POINT ( 'NONE',  ( 0.000000000000000000, 0.000000000000000000, 11.00000000000000000 ) ) ;
#2870 = ADVANCED_FACE ( 'NONE', ( #1695 ), #1761, .F. ) ;
#2871 = EDGE_LOOP ( 'NONE', ( #124 ) ) ;
#2872 = DIRECTION ( 'NONE',  ( -0.000000000000000000, -0.000000000000000000, -1.000000000000000000 ) ) ;
#2873 = VECTOR ( 'NONE', #4743, 999.9999999999998863 ) ;
#2874 = ORIENTED_EDGE ( 'NONE', *, *, #3539, .F. ) ;
#2875 = PLANE ( 'NONE',  #4874 ) ;
#2876 = ORIENTED_EDGE ( 'NONE', *, *, #2985, .F. ) ;
#2877 = FACE_OUTER_BOUND ( 'NONE', #7418, .T. ) ;
#2878 = EDGE_CURVE ( 'NONE', #3203, #2837, #311, .T. ) ;
#2879 = VERTEX_POINT ( 'NONE', #6973 ) ;
#2880 = CARTESIAN_POINT ( 'NONE',  ( -1.121684301931380912, -4.617205249107747100, -2.661549329924386420 ) ) ;
#2881 = CARTESIAN_POINT ( 'NONE',  ( 0.7338970930875434728, -0.7155557677481375611, 12.22009618943231857 ) ) ;
#2882 = CARTESIAN_POINT ( 'NONE',  ( 1.147023408217124674, -0.2918400834965618196, 10.45759618943231928 ) ) ;
#2883 = CARTESIAN_POINT ( 'NONE',  ( 4.832046233295354654, 4.489023189881756082, -5.500000000000005329 ) ) ;
#2884 = CARTESIAN_POINT ( 'NONE',  ( 1.027259311016479826, 1.053590308655661500, 9.354687499999995381 ) ) ;
#2885 = ADVANCED_FACE ( 'NONE', ( #4190, #4742 ), #5291, .F. ) ;
#2886 = LINE ( 'NONE', #6943, #513 ) ;
#2887 = CARTESIAN_POINT ( 'NONE',  ( 6.697143117985448590, 3.376133003484917516, -5.500000000000006217 ) ) ;
#2888 = CARTESIAN_POINT ( 'NONE',  ( -2.474873734152909233, -2.474873734152921223, 12.00000000000000000 ) ) ;
#2889 = DIRECTION ( 'NONE',  ( -0.6828304940614090546, 0.1836913617453330427, 0.7071067811865455743 ) ) ;
#2890 = ADVANCED_FACE ( 'NONE', ( #4071 ), #4707, .F. ) ;
#2891 = ORIENTED_EDGE ( 'NONE', *, *, #31, .T. ) ;
#2892 = EDGE_CURVE ( 'NONE', #3608, #1256, #2785, .T. ) ;
#2893 = DIRECTION ( 'NONE',  ( -1.000000000000000000, 0.000000000000000000, 0.000000000000000000 ) ) ;
#2894 = CARTESIAN_POINT ( 'NONE',  ( -0.2997145786366767206, 1.064486813177379032, 9.162499999999997868 ) ) ;
#2895 = CARTESIAN_POINT ( 'NONE',  ( -0.7720153328867996878, -0.7918038455725918690, 8.412499999999997868 ) ) ;
#2896 = ORIENTED_EDGE ( 'NONE', *, *, #3053, .T. ) ;
#2897 = CARTESIAN_POINT ( 'NONE',  ( -11.38616895624280012, -0.5613880118889900128, -2.500000000000007550 ) ) ;
#2898 =( BOUNDED_CURVE ( )  B_SPLINE_CURVE ( 3, ( #6480, #75, #4668, #4072 ),
 .UNSPECIFIED., .F., .T. ) 
 B_SPLINE_CURVE_WITH_KNOTS ( ( 4, 4 ),
 ( 1.748725332027748047, 1.771571594750467771 ),
 .UNSPECIFIED. ) 
 CURVE ( )  GEOMETRIC_REPRESENTATION_ITEM ( )  RATIONAL_B_SPLINE_CURVE ( ( 1.000000000000000000, 0.9999565044962732685, 0.9999565044962732685, 1.000000000000000000 ) ) 
 REPRESENTATION_ITEM ( '' )  );
#2899 = CARTESIAN_POINT ( 'NONE',  ( 0.9866380192381450920, 0.2777956425032976906, 9.461153810567674682 ) ) ;
#2900 = CARTESIAN_POINT ( 'NONE',  ( 1.226662469500802377, 0.3453764016845634610, 13.81718749999999574 ) ) ;
#2901 = VERTEX_POINT ( 'NONE', #6443 ) ;
#2902 = DIRECTION ( 'NONE',  ( -2.565753199199158405E-18, -2.902514036010829075E-16, 1.000000000000000000 ) ) ;
#2903 = CARTESIAN_POINT ( 'NONE',  ( -1.071729911523480183, 0.2726829676047792805, 10.64374999999999893 ) ) ;
#2904 = CARTESIAN_POINT ( 'NONE',  ( 0.2361503771250645645, 0.9281453293749930555, 11.88124999999999787 ) ) ;
#2905 = CARTESIAN_POINT ( 'NONE',  ( 6.851236076796054952, 9.112444687665256282, -3.523742307847130828 ) ) ;
#2906 = AXIS2_PLACEMENT_3D ( 'NONE', #3966, #6407, #5841 ) ;
#2907 = CARTESIAN_POINT ( 'NONE',  ( -10.15428296884890358, 6.580525678976696824, 12.73370439062652437 ) ) ;
#2908 = ORIENTED_EDGE ( 'NONE', *, *, #3482, .F. ) ;
#2909 = CARTESIAN_POINT ( 'NONE',  ( -0.6857222450800785074, 0.6685848903910791563, 11.05624999999999680 ) ) ;
#2910 = EDGE_CURVE ( 'NONE', #6188, #1216, #5551, .T. ) ;
#2911 = AXIS2_PLACEMENT_3D ( 'NONE', #2788, #7511, #2219 ) ;
#2912 = AXIS2_PLACEMENT_3D ( 'NONE', #4725, #6926, #5776 ) ;
#2913 = EDGE_LOOP ( 'NONE', ( #5942, #413, #7395, #676 ) ) ;
#2915 = ADVANCED_FACE ( 'NONE', ( #587 ), #1334, .F. ) ;
#2914 = CARTESIAN_POINT ( 'NONE',  ( -9.331255709366008233, 6.549630462519584917, -3.688856844742703700 ) ) ;
#2916 = EDGE_LOOP ( 'NONE', ( #7468 ) ) ;
#2917 = CARTESIAN_POINT ( 'NONE',  ( 11.48339239518657884, -6.713633559939419015, -4.499999999998773426 ) ) ;
#2918 = VERTEX_POINT ( 'NONE', #1077 ) ;
#2919 = CARTESIAN_POINT ( 'NONE',  ( -3.376133003484854900, 6.697143117985476124, -3.000000000000006217 ) ) ;
#2920 = CARTESIAN_POINT ( 'NONE',  ( -0.3207707779579568874, 1.139271451999727347, 13.75759618943231821 ) ) ;
#2921 = AXIS2_PLACEMENT_3D ( 'NONE', #4636, #4006, #1166 ) ;
#2922 = ORIENTED_EDGE ( 'NONE', *, *, #5121, .T. ) ;
#2923 = DIRECTION ( 'NONE',  ( 1.000000000000000000, 0.000000000000000000, 0.000000000000000000 ) ) ;
#2924 = CARTESIAN_POINT ( 'NONE',  ( 0.9124359724768876800, -0.8896326596143604437, 8.792187499999995381 ) ) ;
#2925 = DIRECTION ( 'NONE',  ( 0.7071067811865483499, 0.7071067811865467956, 0.000000000000000000 ) ) ;
#2926 = CARTESIAN_POINT ( 'NONE',  ( 5.271096352826184273, -0.4177996954093353699, -2.981838234770762597 ) ) ;
#2927 = EDGE_CURVE ( 'NONE', #5145, #4618, #1876, .T. ) ;
#2928 = CARTESIAN_POINT ( 'NONE',  ( 11.19348831161484803, -7.671197568849836834, -3.500000000000011102 ) ) ;
#2929 = EDGE_CURVE ( 'NONE', #1256, #1312, #4269, .T. ) ;
#2930 = ORIENTED_EDGE ( 'NONE', *, *, #2350, .F. ) ;
#2931 = CARTESIAN_POINT ( 'NONE',  ( 0.6857222450800850577, -0.6685848903910639462, 8.074999999999997513 ) ) ;
#2932 = CYLINDRICAL_SURFACE ( 'NONE', #2906, 1.250000000000001110 ) ;
#2933 = CARTESIAN_POINT ( 'NONE',  ( 0.9218726222051467634, 0.2595604389839208381, 10.39999999999999858 ) ) ;
#2934 = CARTESIAN_POINT ( 'NONE',  ( 0.7720153328868070153, 0.7918038455726068570, 8.187499999999998224 ) ) ;
#2935 = ORIENTED_EDGE ( 'NONE', *, *, #5257, .T. ) ;
#2936 = DIRECTION ( 'NONE',  ( 1.000000000000000000, 0.000000000000000000, 0.000000000000000000 ) ) ;
#2937 = CARTESIAN_POINT ( 'NONE',  ( -0.7338970930875372556, 0.7155557677481522161, 10.51115381056767717 ) ) ;
#2938 = VECTOR ( 'NONE', #3967, 1000.000000000000000 ) ;
#2939 = ORIENTED_EDGE ( 'NONE', *, *, #5012, .F. ) ;
#2940 = VERTEX_POINT ( 'NONE', #112 ) ;
#2941 = CARTESIAN_POINT ( 'NONE',  ( 7.859052248806893459, 1.495091218127947430, 15.69999999999999218 ) ) ;
#2942 = ORIENTED_EDGE ( 'NONE', *, *, #5362, .F. ) ;
#2943 = DIRECTION ( 'NONE',  ( -0.000000000000000000, -0.000000000000000000, -1.000000000000000000 ) ) ;
#2944 = CARTESIAN_POINT ( 'NONE',  ( -0.7720153328868002429, -0.7918038455725920910, 13.86874999999999858 ) ) ;
#2945 = CARTESIAN_POINT ( 'NONE',  ( 0.6857222450800846136, -0.6685848903910641683, 11.73124999999999929 ) ) ;
#2946 = FACE_OUTER_BOUND ( 'NONE', #4653, .T. ) ;
#2947 = CARTESIAN_POINT ( 'NONE',  ( 4.099354967275209205, -6.280548451550722611, -5.500000000000015987 ) ) ;
#2948 = VERTEX_POINT ( 'NONE', #193 ) ;
#2949 = ORIENTED_EDGE ( 'NONE', *, *, #1301, .T. ) ;
#2950 = CARTESIAN_POINT ( 'NONE',  ( 13.30184410068341805, 0.04604345858563882454, -4.500000000000007994 ) ) ;
#2951 = VECTOR ( 'NONE', #6578, 1000.000000000000114 ) ;
#2952 = CARTESIAN_POINT ( 'NONE',  ( 0.3988063169686493770, -1.416427813942187308, 10.07656249999999964 ) ) ;
#2953 = ORIENTED_EDGE ( 'NONE', *, *, #7598, .T. ) ;
#2954 = EDGE_CURVE ( 'NONE', #3401, #3738, #2372, .T. ) ;
#2955 = CARTESIAN_POINT ( 'NONE',  ( 0.6494470376775558496, 2.414170363758907367, -6.000000000000000000 ) ) ;
#2956 = CARTESIAN_POINT ( 'NONE',  ( 0.2527409261506036731, 0.9933514102514430233, 13.27009618943231750 ) ) ;
#2957 = EDGE_CURVE ( 'NONE', #1857, #6419, #4811, .T. ) ;
#2958 = AXIS2_PLACEMENT_3D ( 'NONE', #5764, #2704, #3308 ) ;
#2959 = CARTESIAN_POINT ( 'NONE',  ( 7.859052248806893459, 1.495091218127947430, 12.00000000000000000 ) ) ;
#2960 = DIRECTION ( 'NONE',  ( -2.565753199199158405E-18, -2.902514036010829075E-16, 1.000000000000000000 ) ) ;
#2961 = DIRECTION ( 'NONE',  ( 1.000000000000000000, 0.000000000000000000, 0.000000000000000000 ) ) ;
#2962 = VECTOR ( 'NONE', #6902, 1000.000000000000114 ) ;
#2963 = DIRECTION ( 'NONE',  ( 1.000000000000000000, 0.000000000000000000, 0.000000000000000000 ) ) ;
#2964 = EDGE_CURVE ( 'NONE', #3837, #6163, #6170, .T. ) ;
#2965 = ORIENTED_EDGE ( 'NONE', *, *, #1541, .F. ) ;
#2966 = AXIS2_PLACEMENT_3D ( 'NONE', #2685, #2261, #7360 ) ;
#2967 = CARTESIAN_POINT ( 'NONE',  ( 1.071729911523486845, -0.2726829676047642370, 10.36249999999999716 ) ) ;
#2968 = CARTESIAN_POINT ( 'NONE',  ( -1.495091218127865051, 7.859052248806909446, 15.70000000000000284 ) ) ;
#2969 = ORIENTED_EDGE ( 'NONE', *, *, #3958, .T. ) ;
#2970 = CARTESIAN_POINT ( 'NONE',  ( -6.198289006635946841, -9.567717250745662483, -4.500000000000010658 ) ) ;
#2971 = CARTESIAN_POINT ( 'NONE',  ( 0.3207707779579631047, -1.139271451999712692, 10.69865381056767717 ) ) ;
#2972 = VERTEX_POINT ( 'NONE', #680 ) ;
#2973 = EDGE_CURVE ( 'NONE', #883, #3401, #4455, .T. ) ;
#2974 = ORIENTED_EDGE ( 'NONE', *, *, #6586, .T. ) ;
#2975 = LINE ( 'NONE', #5309, #1682 ) ;
#2976 = CARTESIAN_POINT ( 'NONE',  ( 1.071729911523486622, -0.2726829676047644035, 13.11874999999999503 ) ) ;
#2977 = CARTESIAN_POINT ( 'NONE',  ( 0.2997145786366831599, -1.064486813177364155, 12.14374999999999716 ) ) ;
#2978 = LINE ( 'NONE', #5344, #646 ) ;
#2979 = DIRECTION ( 'NONE',  ( -0.000000000000000000, -0.000000000000000000, -1.000000000000000000 ) ) ;
#2980 = CIRCLE ( 'NONE', #1380, 1.250000000000000222 ) ;
#2981 = EDGE_CURVE ( 'NONE', #1570, #1570, #4715, .T. ) ;
#2982 = ORIENTED_EDGE ( 'NONE', *, *, #7390, .T. ) ;
#2983 = ADVANCED_FACE ( 'NONE', ( #3584 ), #5957, .T. ) ;
#2984 = AXIS2_PLACEMENT_3D ( 'NONE', #4262, #6511, #1292 ) ;
#2985 = EDGE_CURVE ( 'NONE', #54, #5612, #3961, .T. ) ;
#2986 = AXIS2_PLACEMENT_3D ( 'NONE', #4836, #7192, #6607 ) ;
#2987 = EDGE_LOOP ( 'NONE', ( #6687, #4769, #3987, #6381 ) ) ;
#2988 = CARTESIAN_POINT ( 'NONE',  ( -9.262607663739524710, 6.646817526710388613, -3.617720268044717802 ) ) ;
#2989 = CARTESIAN_POINT ( 'NONE',  ( 0.9124359724768872359, -0.8896326596143605547, 11.91406250000000000 ) ) ;
#2990 = ORIENTED_EDGE ( 'NONE', *, *, #3993, .F. ) ;
#2991 = CARTESIAN_POINT ( 'NONE',  ( -10.29894941256962326, 3.792724787553416910, -3.000000000000009770 ) ) ;
#2992 = PERSON_AND_ORGANIZATION ( #6722, #7448 ) ;
#2993 = CARTESIAN_POINT ( 'NONE',  ( 0.8262526302591649552, 0.8474313685031579224, 11.88259618943231999 ) ) ;
#2994 = VERTEX_POINT ( 'NONE', #7191 ) ;
#2995 = CARTESIAN_POINT ( 'NONE',  ( -2.050480819890118965E-16, -8.447906342423668944E-15, -3.000000000000007994 ) ) ;
#2996 = AXIS2_PLACEMENT_3D ( 'NONE', #3300, #315, #1012 ) ;
#2997 = DIRECTION ( 'NONE',  ( -2.565753199199158405E-18, -2.902514036010829075E-16, 1.000000000000000000 ) ) ;
#2998 = CARTESIAN_POINT ( 'NONE',  ( -11.38616895624280012, -0.5613880118889894577, -4.500000000000007994 ) ) ;
#2999 = CYLINDRICAL_SURFACE ( 'NONE', #2264, 1.999999999999999778 ) ;
#3000 = CARTESIAN_POINT ( 'NONE',  ( 7.004984823391956716, -11.95473229169789775, 12.00000000000000000 ) ) ;
#3001 = ORIENTED_EDGE ( 'NONE', *, *, #2533, .T. ) ;
#3002 = EDGE_CURVE ( 'NONE', #4776, #4678, #3654, .T. ) ;
#3003 = CARTESIAN_POINT ( 'NONE',  ( 0.3745416482458801544, 5.377347161448366109, -3.000000000000008882 ) ) ;
#3004 = FACE_OUTER_BOUND ( 'NONE', #1787, .T. ) ;
#3005 = CARTESIAN_POINT ( 'NONE',  ( -0.9866380192381379866, -0.2777956425032830912, 9.686153810567677880 ) ) ;
#3006 = ORIENTED_EDGE ( 'NONE', *, *, #2635, .F. ) ;
#3007 = FACE_BOUND ( 'NONE', #3537, .T. ) ;
#3008 = VERTEX_POINT ( 'NONE', #6026 ) ;
#3009 = CARTESIAN_POINT ( 'NONE',  ( -6.641428455355037563, -11.21498648448607405, -5.499999999998318678 ) ) ;
#3010 = CARTESIAN_POINT ( 'NONE',  ( -1.071729911523480405, 0.2726829676047791140, 13.79374999999999751 ) ) ;
#3011 = CARTESIAN_POINT ( 'NONE',  ( -0.2361503771250582362, -0.9281453293749780675, 11.65624999999999822 ) ) ;
#3012 = CARTESIAN_POINT ( 'NONE',  ( -8.945648912799535779, 7.066495986620836334, -3.500000000000006661 ) ) ;
#3013 = DIRECTION ( 'NONE',  ( 0.000000000000000000, -1.000000000000000000, 0.000000000000000000 ) ) ;
#3014 = ORIENTED_EDGE ( 'NONE', *, *, #7556, .T. ) ;
#3015 = VECTOR ( 'NONE', #6550, 1000.000000000000000 ) ;
#3016 = ORIENTED_EDGE ( 'NONE', *, *, #4292, .T. ) ;
#3017 = AXIS2_PLACEMENT_3D ( 'NONE', #839, #6724, #2637 ) ;
#3018 = CARTESIAN_POINT ( 'NONE',  ( 1.444796712477778966, -6.177585487843416878, -6.000000000000009770 ) ) ;
#3019 = CARTESIAN_POINT ( 'NONE',  ( 0.9124359724768875690, -0.8896326596143604437, 10.11406249999999751 ) ) ;
#3020 = EDGE_CURVE ( 'NONE', #2291, #4023, #1537, .T. ) ;
#3021 = CARTESIAN_POINT ( 'NONE',  ( -10.98988223235496520, 2.848092819564420619, -2.712780562198322531 ) ) ;
#3022 = PERSON_AND_ORGANIZATION ( #6722, #7448 ) ;
#3023 = CARTESIAN_POINT ( 'NONE',  ( 0.2527409261506036176, 0.9933514102514430233, 13.72009618943231857 ) ) ;
#3024 = ORIENTED_EDGE ( 'NONE', *, *, #159, .T. ) ;
#3025 = CIRCLE ( 'NONE', #4760, 12.90000000000000036 ) ;
#3026 = CARTESIAN_POINT ( 'NONE',  ( 0.05342046111840278999, -13.37124398273724246, -4.241152777923145933 ) ) ;
#3027 = AXIS2_PLACEMENT_3D ( 'NONE', #7160, #1619, #354 ) ;
#3028 = CARTESIAN_POINT ( 'NONE',  ( 9.030322999027866615, -6.959305004153037544, -3.500000000000010214 ) ) ;
#3029 = DIRECTION ( 'NONE',  ( 0.2597788150710331756, 0.9656681455035626138, 2.809530629711164106E-16 ) ) ;
#3030 = CARTESIAN_POINT ( 'NONE',  ( -2.909304780500978627, 6.444838686433833175, 15.70000000000000284 ) ) ;
#3031 = FACE_OUTER_BOUND ( 'NONE', #571, .T. ) ;
#3032 = LINE ( 'NONE', #6010, #4414 ) ;
#3033 = VERTEX_POINT ( 'NONE', #5790 ) ;
#3034 = CIRCLE ( 'NONE', #4649, 11.40000000000000036 ) ;
#3035 = CARTESIAN_POINT ( 'NONE',  ( -0.7720153328867996878, -0.7918038455725918690, 9.312499999999998224 ) ) ;
#3036 = CARTESIAN_POINT ( 'NONE',  ( -1.071729911523480183, 0.2726829676047792805, 10.58749999999999858 ) ) ;
#3037 = CARTESIAN_POINT ( 'NONE',  ( -7.859052248806893459, 1.495091218127946320, 12.00000000000000000 ) ) ;
#3038 = CARTESIAN_POINT ( 'NONE',  ( -7.494884445517962845, -11.56498717667283849, 12.20587189608419187 ) ) ;
#3039 = ORIENTED_EDGE ( 'NONE', *, *, #3274, .F. ) ;
#3040 = B_SPLINE_CURVE_WITH_KNOTS ( 'NONE', 3,
 ( #4237, #3080, #3607, #4899, #3038, #1343, #4396, #2622, #7254, #5443 ),
 .UNSPECIFIED., .F., .F.,
 ( 4, 2, 2, 2, 4 ),
 ( 0.000000000000000000, 0.0003996822723885657498, 0.0007993645447771314996, 0.001199046817165697141, 0.001598729089554262999 ),
 .UNSPECIFIED. ) ;
#3041 = ORIENTED_EDGE ( 'NONE', *, *, #328, .T. ) ;
#3042 = EDGE_CURVE ( 'NONE', #4377, #3678, #2241, .T. ) ;
#3043 = CARTESIAN_POINT ( 'NONE',  ( 1.027259311016479382, 1.053590308655661278, 13.85468749999999716 ) ) ;
#3044 = ORIENTED_EDGE ( 'NONE', *, *, #2864, .F. ) ;
#3045 = CARTESIAN_POINT ( 'NONE',  ( 0.000000000000000000, 0.000000000000000000, 12.00000000000000000 ) ) ;
#3046 = LINE ( 'NONE', #4721, #1835 ) ;
#3047 = CARTESIAN_POINT ( 'NONE',  ( 0.9218726222051465413, 0.2595604389839207271, 12.25624999999999609 ) ) ;
#3048 = CARTESIAN_POINT ( 'NONE',  ( -11.21498648448599234, 6.641428455355146809, -5.499999999998321343 ) ) ;
#3049 =( BOUNDED_CURVE ( )  B_SPLINE_CURVE ( 2, ( #5118, #1039, #2196, #3406, #5082, #423, #5785, #7566, #3326, #6975, #6320, #500, #964, #3288, #6895, #1080, #5708, #4583, #1689, #5202, #3255, #3368, #1003, #6355, #6204, #3990, #3873, #6277, #4622, #1655, #5745, #2766, #2725, #2801, #7484, #4540, #3948, #6937, #2271, #6239, #5163, #926, #7527, #2687, #5625, #345, #5037, #7399, #2120, #4461, #1609, #6817, #4500, #1530, #461, #1571, #5663, #383, #7445, #2156, #6855, #3910, #4612, #7470, #2332, #5149, #4570, #3935, #4018, #6344, #6307, #2903, #7003, #2829, #6922, #5228, #1641, #6964, #7044, #3978, #3395, #5811, #1028, #5773, #3356, #2220, #5189, #2866, #3317, #1066, #5733, #5269, #448, #2181, #5694, #2789, #487, #1596, #1676, #4527, #7512, #6385, #7552, #1104, #3433, #527, #2259, #7593, #4687, #1715, #2295, #4648, #4053, #6421, #1140, #3901, #3475, #5851, #565, #7628, #6265, #993, #410, #2756, #5110, #6884, #4168, #3548, #749, #5920, #5310, #1177, #643, #58, #7078, #7145, #25, #2976, #1756, #678, #3506, #1865, #4208, #5342, #5410, #2519, #2367, #5885, #2402, #5375, #6532, #92, #2442, #4757, #6566, #3010, #606, #2944, #172, #5450, #6023, #1314, #4792 ),
 .UNSPECIFIED., .F., .F. ) 
 B_SPLINE_CURVE_WITH_KNOTS ( ( 3, 2, 2, 2, 2, 2, 2, 2, 2, 2, 2, 2, 2, 2, 2, 2, 2, 2, 2, 2, 2, 2, 2, 2, 2, 2, 2, 2, 2, 2, 2, 2, 2, 2, 2, 2, 2, 2, 2, 2, 2, 2, 2, 2, 2, 2, 2, 2, 2, 2, 2, 2, 2, 2, 2, 2, 2, 2, 2, 2, 2, 2, 2, 2, 2, 2, 2, 2, 2, 2, 2, 2, 2, 2, 2, 2, 2, 2, 2, 2, 2, 3 ),
 ( 0.03155766254181671671, 0.03333333333333333287, 0.04444444444444444614, 0.05555555555555555247, 0.06666666666666666574, 0.07777777777777777901, 0.08888888888888889228, 0.1000000000000000056, 0.1111111111111111049, 0.1222222222222222182, 0.1333333333333333315, 0.1444444444444444309, 0.1555555555555555580, 0.1666666666666666574, 0.1777777777777777846, 0.1888888888888888840, 0.2000000000000000111, 0.2111111111111111105, 0.2222222222222222099, 0.2333333333333333370, 0.2444444444444444087, 0.2555555555555555358, 0.2666666666666667185, 0.2777777777777777901, 0.2888888888888888618, 0.2999999999999999334, 0.3111111111111111160, 0.3222222222222221877, 0.3333333333333332593, 0.3444444444444444420, 0.3555555555555555136, 0.3666666666666665853, 0.3777777777777777679, 0.3888888888888888395, 0.4000000000000000222, 0.4111111111111110938, 0.4222222222222221655, 0.4333333333333333481, 0.4444444444444445308, 0.4555555555555554914, 0.4666666666666666741, 0.4777777777777777457, 0.4888888888888888173, 0.5000000000000000000, 0.5111111111111110716, 0.5222222222222222543, 0.5333333333333333259, 0.5444444444444443976, 0.5555555555555555802, 0.5666666666666666519, 0.5777777777777777235, 0.5888888888888889062, 0.5999999999999999778, 0.6111111111111111605, 0.6222222222222222321, 0.6333333333333333037, 0.6444444444444444864, 0.6555555555555555580, 0.6666666666666666297, 0.6777777777777777013, 0.6888888888888888840, 0.6999999999999999556, 0.7111111111111111382, 0.7222222222222222099, 0.7333333333333332815, 0.7444444444444444642, 0.7555555555555554248, 0.7666666666666668295, 0.7777777777777777901, 0.7888888888888888618, 0.8000000000000000444, 0.8111111111111111160, 0.8222222222222221877, 0.8333333333333333703, 0.8444444444444445530, 0.8555555555555555136, 0.8666666666666666963, 0.8777777777777777679, 0.8888888888888888395, 0.9000000000000000222, 0.9111111111111110938, 0.9140331521924375258 ),
 .UNSPECIFIED. ) 
 CURVE ( )  GEOMETRIC_REPRESENTATION_ITEM ( )  RATIONAL_B_SPLINE_CURVE ( ( 0.9640221895668095176, 0.9785894700425316062, 1.000000000000000000, 0.8660254037844387076, 1.000000000000000000, 0.8660254037844387076, 1.000000000000000000, 0.8660254037844387076, 1.000000000000000000, 0.8660254037844387076, 1.000000000000000000, 0.8660254037844387076, 1.000000000000000000, 0.8660254037844387076, 1.000000000000000000, 0.8660254037844387076, 1.000000000000000000, 0.8660254037844387076, 1.000000000000000000, 0.8660254037844387076, 1.000000000000000000, 0.8660254037844387076, 1.000000000000000000, 0.8660254037844387076, 1.000000000000000000, 0.8660254037844387076, 1.000000000000000000, 0.8660254037844387076, 1.000000000000000000, 0.8660254037844387076, 1.000000000000000000, 0.8660254037844387076, 1.000000000000000000, 0.8660254037844387076, 1.000000000000000000, 0.8660254037844387076, 1.000000000000000000, 0.8660254037844387076, 1.000000000000000000, 0.8660254037844387076, 1.000000000000000000, 0.8660254037844387076, 1.000000000000000000, 0.8660254037844387076, 1.000000000000000000, 0.8660254037844387076, 1.000000000000000000, 0.8660254037844387076, 1.000000000000000000, 0.8660254037844387076, 1.000000000000000000, 0.8660254037844387076, 1.000000000000000000, 0.8660254037844387076, 1.000000000000000000, 0.8660254037844387076, 1.000000000000000000, 0.8660254037844387076, 1.000000000000000000, 0.8660254037844387076, 1.000000000000000000, 0.8660254037844387076, 1.000000000000000000, 0.8660254037844387076, 1.000000000000000000, 0.8660254037844387076, 1.000000000000000000, 0.8660254037844387076, 1.000000000000000000, 0.8660254037844387076, 1.000000000000000000, 0.8660254037844387076, 1.000000000000000000, 0.8660254037844387076, 1.000000000000000000, 0.8660254037844387076, 1.000000000000000000, 0.8660254037844387076, 1.000000000000000000, 0.8660254037844387076, 1.000000000000000000, 0.8660254037844387076, 1.000000000000000000, 0.8660254037844387076, 1.000000000000000000, 0.8660254037844387076, 1.000000000000000000, 0.8660254037844387076, 1.000000000000000000, 0.8660254037844387076, 1.000000000000000000, 0.8660254037844387076, 1.000000000000000000, 0.8660254037844387076, 1.000000000000000000, 0.8660254037844387076, 1.000000000000000000, 0.8660254037844387076, 1.000000000000000000, 0.8660254037844387076, 1.000000000000000000, 0.8660254037844387076, 1.000000000000000000, 0.8660254037844387076, 1.000000000000000000, 0.8660254037844387076, 1.000000000000000000, 0.8660254037844387076, 1.000000000000000000, 0.8660254037844387076, 1.000000000000000000, 0.8660254037844387076, 1.000000000000000000, 0.8660254037844387076, 1.000000000000000000, 0.8660254037844387076, 1.000000000000000000, 0.8660254037844387076, 1.000000000000000000, 0.8660254037844387076, 1.000000000000000000, 0.8660254037844387076, 1.000000000000000000, 0.8660254037844387076, 1.000000000000000000, 0.8660254037844387076, 1.000000000000000000, 0.8660254037844387076, 1.000000000000000000, 0.8660254037844387076, 1.000000000000000000, 0.8660254037844387076, 1.000000000000000000, 0.8660254037844387076, 1.000000000000000000, 0.8660254037844387076, 1.000000000000000000, 0.8660254037844387076, 1.000000000000000000, 0.8660254037844387076, 1.000000000000000000, 0.8660254037844387076, 1.000000000000000000, 0.8660254037844387076, 1.000000000000000000, 0.8660254037844387076, 1.000000000000000000, 0.8660254037844387076, 1.000000000000000000, 0.8660254037844387076, 1.000000000000000000, 0.8660254037844387076, 1.000000000000000000, 0.8660254037844387076, 1.000000000000000000, 0.8660254037844387076, 1.000000000000000000, 0.8660254037844387076, 1.000000000000000000, 0.8660254037844387076, 1.000000000000000000, 0.9647668653403611572, 0.9480652107226088532 ) ) 
 REPRESENTATION_ITEM ( '' )  );
#3050 = DIRECTION ( 'NONE',  ( -0.000000000000000000, -0.000000000000000000, -1.000000000000000000 ) ) ;
#3051 = DIRECTION ( 'NONE',  ( 2.565753199199158405E-18, 2.902514036010829075E-16, -1.000000000000000000 ) ) ;
#3052 = VERTEX_POINT ( 'NONE', #2807 ) ;
#3053 = EDGE_CURVE ( 'NONE', #3837, #2471, #470, .T. ) ;
#3054 = VECTOR ( 'NONE', #231, 1000.000000000000000 ) ;
#3055 = ORIENTED_EDGE ( 'NONE', *, *, #7309, .F. ) ;
#3056 = FACE_OUTER_BOUND ( 'NONE', #2502, .T. ) ;
#3057 = CARTESIAN_POINT ( 'NONE',  ( -0.3988063169686429932, 1.416427813942202185, 10.32968749999999858 ) ) ;
#3058 = CARTESIAN_POINT ( 'NONE',  ( 1.426065627985125372, -0.3628375052865331352, 11.05156249999999929 ) ) ;
#3059 = CARTESIAN_POINT ( 'NONE',  ( -7.607243831355064323, 11.14277773728803922, 13.00000000000000178 ) ) ;
#3060 = DATE_AND_TIME ( #722, #3359 ) ;
#3061 = CARTESIAN_POINT ( 'NONE',  ( 6.232706652077832921, -3.121436814857014852, 16.00000000000000000 ) ) ;
#3062 = ORIENTED_EDGE ( 'NONE', *, *, #6456, .T. ) ;
#3063 = EDGE_CURVE ( 'NONE', #7049, #6106, #6499, .T. ) ;
#3064 = AXIS2_PLACEMENT_3D ( 'NONE', #3230, #3883, #4435 ) ;
#3065 = CARTESIAN_POINT ( 'NONE',  ( 6.958114565251068306, -10.35192058128861348, 15.80021675202822706 ) ) ;
#3066 = VERTEX_POINT ( 'NONE', #4430 ) ;
#3067 = DIRECTION ( 'NONE',  ( 0.3091869594143225042, -0.9510012745144592605, 0.000000000000000000 ) ) ;
#3068 = DIRECTION ( 'NONE',  ( -2.565753199199158405E-18, -2.902514036010829075E-16, 1.000000000000000000 ) ) ;
#3069 = CARTESIAN_POINT ( 'NONE',  ( -11.31973925390764357, -1.356408160891890757, -3.523188519257432372 ) ) ;
#3070 = CARTESIAN_POINT ( 'NONE',  ( 11.48339239518657884, -6.713633559939419015, -4.499999999998773426 ) ) ;
#3071 = DIRECTION ( 'NONE',  ( 1.000000000000000000, 0.000000000000000000, 0.000000000000000000 ) ) ;
#3072 = EDGE_CURVE ( 'NONE', #6928, #3578, #534, .T. ) ;
#3073 = VECTOR ( 'NONE', #3606, 1000.000000000000000 ) ;
#3074 = EDGE_LOOP ( 'NONE', ( #4865, #7180, #4140, #2818, #6927, #4062 ) ) ;
#3075 = ADVANCED_FACE ( 'NONE', ( #932 ), #973, .F. ) ;
#3076 = CARTESIAN_POINT ( 'NONE',  ( -0.2997145786366769982, 1.064486813177378810, 12.31249999999999822 ) ) ;
#3077 = CARTESIAN_POINT ( 'NONE',  ( 0.6857222450800849467, -0.6685848903910641683, 9.874999999999996447 ) ) ;
#3078 = CONICAL_SURFACE ( 'NONE', #1005, 1.499999999999999778, 0.7853981633974509435 ) ;
#3079 = CARTESIAN_POINT ( 'NONE',  ( 6.232706652077832921, 3.121436814857016184, 16.00000000000000000 ) ) ;
#3080 = CARTESIAN_POINT ( 'NONE',  ( -7.121493961366908820, -11.88646269574317849, 11.99999999999999822 ) ) ;
#3081 = FACE_BOUND ( 'NONE', #7063, .T. ) ;
#3082 = EDGE_LOOP ( 'NONE', ( #3708, #4989, #1449, #5895 ) ) ;
#3083 = VECTOR ( 'NONE', #2521, 999.9999999999998863 ) ;
#3084 = FACE_OUTER_BOUND ( 'NONE', #3485, .T. ) ;
#3085 = ORIENTED_EDGE ( 'NONE', *, *, #1376, .F. ) ;
#3086 = CARTESIAN_POINT ( 'NONE',  ( -4.839067450537571702, 2.373531231228972249, -3.000000000000008882 ) ) ;
#3087 = CARTESIAN_POINT ( 'NONE',  ( 0.2361503771250649530, 0.9281453293749931666, 8.224999999999996092 ) ) ;
#3088 = CARTESIAN_POINT ( 'NONE',  ( -0.7720153328868000209, -0.7918038455725919800, 12.96874999999999645 ) ) ;
#3089 = LINE ( 'NONE', #176, #758 ) ;
#3090 = CARTESIAN_POINT ( 'NONE',  ( 10.18465572053226431, -7.073385883311427591, 16.00000000000000000 ) ) ;
#3091 = ORIENTED_EDGE ( 'NONE', *, *, #3293, .T. ) ;
#3092 = ORIENTED_EDGE ( 'NONE', *, *, #5602, .F. ) ;
#3093 = FACE_OUTER_BOUND ( 'NONE', #4495, .T. ) ;
#3094 = CARTESIAN_POINT ( 'NONE',  ( 0.3988063169686494880, -1.416427813942187308, 8.754687499999997513 ) ) ;
#3095 = CARTESIAN_POINT ( 'NONE',  ( 1.426065627985125372, -0.3628375052865331907, 12.40156249999999893 ) ) ;
#3096 = EDGE_CURVE ( 'NONE', #5319, #2679, #2204, .T. ) ;
#3097 = AXIS2_PLACEMENT_3D ( 'NONE', #2499, #1920, #1963 ) ;
#3098 = DATE_AND_TIME ( #3560, #2389 ) ;
#3099 = CARTESIAN_POINT ( 'NONE',  ( 2.909304780501112297, 6.444838686433771002, 12.00000000000000000 ) ) ;
#3100 = VERTEX_POINT ( 'NONE', #4547 ) ;
#3101 = VECTOR ( 'NONE', #7228, 1000.000000000000114 ) ;
#3102 = VERTEX_POINT ( 'NONE', #2165 ) ;
#3103 = DIRECTION ( 'NONE',  ( 1.000000000000000000, 0.000000000000000000, 0.000000000000000000 ) ) ;
#3104 = VERTEX_POINT ( 'NONE', #6904 ) ;
#3105 = AXIS2_PLACEMENT_3D ( 'NONE', #3382, #1667, #3421 ) ;
#3106 = CARTESIAN_POINT ( 'NONE',  ( 8.945648912799585517, -7.066495986620790148, -3.500000000000010214 ) ) ;
#3107 = LINE ( 'NONE', #5396, #590 ) ;
#3108 = DIRECTION ( 'NONE',  ( 0.7071067811865383579, -0.7071067811865566766, 0.000000000000000000 ) ) ;
#3109 = CARTESIAN_POINT ( 'NONE',  ( 0.3082206416470807953, 1.211404158843234491, 8.000000000000000000 ) ) ;
#3110 = CARTESIAN_POINT ( 'NONE',  ( 6.198289006635946841, 9.567717250745644719, -2.500000000000005773 ) ) ;
#3111 = VERTEX_POINT ( 'NONE', #2 ) ;
#3112 = CARTESIAN_POINT ( 'NONE',  ( -3.376133003484854900, 6.697143117985476124, -5.500000000000005329 ) ) ;
#3113 = CARTESIAN_POINT ( 'NONE',  ( 0.2361503771250647588, 0.9281453293749931666, 10.02499999999999680 ) ) ;
#3114 = AXIS2_PLACEMENT_3D ( 'NONE', #3959, #7454, #6744 ) ;
#3115 = CARTESIAN_POINT ( 'NONE',  ( -0.7720153328868000209, -0.7918038455725919800, 12.91249999999999787 ) ) ;
#3116 = CARTESIAN_POINT ( 'NONE',  ( 1.071729911523486845, -0.2726829676047642925, 9.462499999999998579 ) ) ;
#3117 = CARTESIAN_POINT ( 'NONE',  ( 6.307474895378915924, 1.927630785229570431, -3.000000000000007105 ) ) ;
#3118 = CARTESIAN_POINT ( 'NONE',  ( 0.8262526302591651772, 0.8474313685031581445, 9.048653810567676814 ) ) ;
#3119 = EDGE_CURVE ( 'NONE', #1487, #1487, #6800, .T. ) ;
#3120 = DIRECTION ( 'NONE',  ( -0.2597788150710232946, -0.9656681455035653894, 0.000000000000000000 ) ) ;
#3121 = CARTESIAN_POINT ( 'NONE',  ( 6.641428455355037563, 11.21498648448605628, -5.499999999998311573 ) ) ;
#3122 = FACE_OUTER_BOUND ( 'NONE', #2245, .T. ) ;
#3123 = CARTESIAN_POINT ( 'NONE',  ( -0.2361503771250582362, -0.9281453293749780675, 11.65624999999999822 ) ) ;
#3124 = CARTESIAN_POINT ( 'NONE',  ( 10.13914676754892419, 6.603612861616150020, 12.00000000000000000 ) ) ;
#3125 = VERTEX_POINT ( 'NONE', #2348 ) ;
#3126 = DIRECTION ( 'NONE',  ( -0.000000000000000000, -0.000000000000000000, -1.000000000000000000 ) ) ;
#3127 = CARTESIAN_POINT ( 'NONE',  ( 10.74914874979074497, -3.401171659030374883, -2.835605357442521512 ) ) ;
#3128 = CARTESIAN_POINT ( 'NONE',  ( -0.7793364452130647768, -2.897004436510687952, -6.000000000000008882 ) ) ;
#3129 = DIRECTION ( 'NONE',  ( 2.565753199199158405E-18, 2.902514036010829075E-16, -1.000000000000000000 ) ) ;
#3130 = CARTESIAN_POINT ( 'NONE',  ( -4.099354967275164796, 6.280548451550735933, -3.000000000000006217 ) ) ;
#3131 = ORIENTED_EDGE ( 'NONE', *, *, #6192, .F. ) ;
#3132 = ORIENTED_EDGE ( 'NONE', *, *, #1951, .F. ) ;
#3133 = DIRECTION ( 'NONE',  ( -0.2597788150710331756, -0.9656681455035626138, -2.809530629711164106E-16 ) ) ;
#3134 = CARTESIAN_POINT ( 'NONE',  ( 0.9124359724768872359, -0.8896326596143605547, 12.39218749999999503 ) ) ;
#3135 = CARTESIAN_POINT ( 'NONE',  ( 0.3988063169686489884, -1.416427813942187308, 13.67656249999999751 ) ) ;
#3136 = CARTESIAN_POINT ( 'NONE',  ( 2.597788150710211408, 9.656681455035650785, -3.000000000000005329 ) ) ;
#3137 = ORIENTED_EDGE ( 'NONE', *, *, #6772, .T. ) ;
#3138 = EDGE_CURVE ( 'NONE', #5916, #756, #5831, .T. ) ;
#3139 = ORIENTED_EDGE ( 'NONE', *, *, #3671, .T. ) ;
#3140 = DIRECTION ( 'NONE',  ( 0.000000000000000000, 0.000000000000000000, 1.000000000000000000 ) ) ;
#3141 = EDGE_LOOP ( 'NONE', ( #3943, #6029, #2249, #7447, #5969, #2149 ) ) ;
#3142 = AXIS2_PLACEMENT_3D ( 'NONE', #150, #4888, #1814 ) ;
#3143 = CARTESIAN_POINT ( 'NONE',  ( 9.551709196673767721, -6.223179672431665033, -4.228682052814048298 ) ) ;
#3144 = CARTESIAN_POINT ( 'NONE',  ( 0.6857222450800850577, -0.6685848903910640573, 8.581249999999998934 ) ) ;
#3145 = CARTESIAN_POINT ( 'NONE',  ( -9.317963608805532871, 6.131101634385058397, -2.950330825996557493 ) ) ;
#3146 = CIRCLE ( 'NONE', #821, 1.499999999999999112 ) ;
#3147 = FACE_OUTER_BOUND ( 'NONE', #482, .T. ) ;
#3148 = ORIENTED_EDGE ( 'NONE', *, *, #1058, .T. ) ;
#3149 = CARTESIAN_POINT ( 'NONE',  ( 0.6857222450800849467, -0.6685848903910641683, 9.931249999999996803 ) ) ;
#3150 = AXIS2_PLACEMENT_3D ( 'NONE', #3130, #1984, #5864 ) ;
#3151 = CARTESIAN_POINT ( 'NONE',  ( 1.071729911523486845, -0.2726829676047642370, 10.81249999999999645 ) ) ;
#3152 = CARTESIAN_POINT ( 'NONE',  ( -0.9218726222051397690, -0.2595604389839061832, 10.17499999999999716 ) ) ;
#3153 = CARTESIAN_POINT ( 'NONE',  ( -10.13914676754892419, -6.603612861616150020, 12.00000000000000000 ) ) ;
#3154 = EDGE_CURVE ( 'NONE', #769, #5448, #4111, .T. ) ;
#3155 = CARTESIAN_POINT ( 'NONE',  ( -6.717514421272220204, 6.717514421272190006, 16.00000000000000000 ) ) ;
#3156 = CARTESIAN_POINT ( 'NONE',  ( 0.000000000000000000, 0.000000000000000000, 12.00000000000000000 ) ) ;
#3157 = PLANE ( 'NONE',  #4926 ) ;
#3158 = CARTESIAN_POINT ( 'NONE',  ( 0.000000000000000000, 0.000000000000000000, 12.00000000000000000 ) ) ;
#3159 = AXIS2_PLACEMENT_3D ( 'NONE', #1414, #3757, #6127 ) ;
#3160 = CARTESIAN_POINT ( 'NONE',  ( 7.032438206369321598, -10.14370804359023204, 16.00000000000000000 ) ) ;
#3161 = EDGE_LOOP ( 'NONE', ( #4915, #7194, #2158, #2035, #62, #4566, #5627, #4158, #3439, #6460, #7561, #6331, #5115, #2953, #341, #2939, #4051, #1994, #2570, #4293, #493, #7238, #4745, #5648 ) ) ;
#3162 = DIRECTION ( 'NONE',  ( 1.000000000000000000, 1.791290545845610637E-15, 0.000000000000000000 ) ) ;
#3163 = CARTESIAN_POINT ( 'NONE',  ( 0.9218726222051464303, 0.2595604389839207271, 13.60624999999999751 ) ) ;
#3164 = PLANE ( 'NONE',  #5814 ) ;
#3165 = CC_DESIGN_PERSON_AND_ORGANIZATION_ASSIGNMENT ( #5462, #6544, ( #5224 ) ) ;
#3166 = DIRECTION ( 'NONE',  ( 0.4991391323160827009, -0.8665218558067350196, -2.387234141252486967E-16 ) ) ;
#3167 = DIRECTION ( 'NONE',  ( 0.4991391323160827009, -0.8665218558067350196, -3.206394358760875954E-16 ) ) ;
#3168 = VERTEX_POINT ( 'NONE', #2883 ) ;
#3169 = ORIENTED_EDGE ( 'NONE', *, *, #6411, .T. ) ;
#3170 = CARTESIAN_POINT ( 'NONE',  ( 1.356408160891842796, -11.31973925390765601, -3.523188519257434592 ) ) ;
#3171 = CARTESIAN_POINT ( 'NONE',  ( 1.226662469500802377, 0.3453764016845635165, 12.91718749999999716 ) ) ;
#3172 = CARTESIAN_POINT ( 'NONE',  ( 1.027259311016479382, 1.053590308655661278, 14.27656250000000071 ) ) ;
#3173 = EDGE_LOOP ( 'NONE', ( #2481 ) ) ;
#3174 = EDGE_LOOP ( 'NONE', ( #4016, #6852, #2360, #3344, #5494, #3390 ) ) ;
#3175 = DIRECTION ( 'NONE',  ( -2.565753199199158405E-18, -2.902514036010829075E-16, 1.000000000000000000 ) ) ;
#3176 = EDGE_CURVE ( 'NONE', #554, #1201, #3997, .T. ) ;
#3177 = DIRECTION ( 'NONE',  ( 0.9656681455035648343, -0.2597788150710256816, -7.292349956650084926E-17 ) ) ;
#3178 = ORIENTED_EDGE ( 'NONE', *, *, #3138, .F. ) ;
#3179 = DIRECTION ( 'NONE',  ( -0.7071067811865491270, -0.7071067811865459074, 0.000000000000000000 ) ) ;
#3180 = CARTESIAN_POINT ( 'NONE',  ( 0.7720153328868070153, 0.7918038455726068570, 8.693749999999997868 ) ) ;
#3181 = CARTESIAN_POINT ( 'NONE',  ( -10.60168677524665348, -5.833718187018171797, 12.00000000000000000 ) ) ;
#3182 = DIRECTION ( 'NONE',  ( 1.000000000000000000, 0.000000000000000000, 0.000000000000000000 ) ) ;
#3183 = ORIENTED_EDGE ( 'NONE', *, *, #1951, .T. ) ;
#3184 = CARTESIAN_POINT ( 'NONE',  ( 0.7720153328868067932, 0.7918038455726068570, 10.49374999999999858 ) ) ;
#3185 = CARTESIAN_POINT ( 'NONE',  ( -0.2997145786366768871, 1.064486813177379032, 10.96249999999999858 ) ) ;
#3186 = CARTESIAN_POINT ( 'NONE',  ( 0.9218726222051467634, 0.2595604389839207826, 11.29999999999999716 ) ) ;
#3187 = CARTESIAN_POINT ( 'NONE',  ( -0.9218726222051396579, -0.2595604389839061832, 8.824999999999995737 ) ) ;
#3188 = DIRECTION ( 'NONE',  ( -0.000000000000000000, -0.000000000000000000, 1.000000000000000000 ) ) ;
#3189 = AXIS2_PLACEMENT_3D ( 'NONE', #3847, #5637, #1936 ) ;
#3190 = CARTESIAN_POINT ( 'NONE',  ( -0.3207707779579564433, 1.139271451999727791, 8.673653810567676814 ) ) ;
#3191 = EDGE_CURVE ( 'NONE', #947, #1850, #1726, .T. ) ;
#3192 = PLANE ( 'NONE',  #3957 ) ;
#3193 = FACE_OUTER_BOUND ( 'NONE', #4447, .T. ) ;
#3194 = DIRECTION ( 'NONE',  ( 0.4991391323160825899, -0.8665218558067350196, -2.891205793294678819E-16 ) ) ;
#3195 = CIRCLE ( 'NONE', #1117, 13.89999999999999858 ) ;
#3196 = CYLINDRICAL_SURFACE ( 'NONE', #2552, 1.499999999999999778 ) ;
#3197 = CARTESIAN_POINT ( 'NONE',  ( -2.909304780501067000, -6.444838686433791430, -5.729735577732628649 ) ) ;
#3198 = ORIENTED_EDGE ( 'NONE', *, *, #5722, .T. ) ;
#3199 = CARTESIAN_POINT ( 'NONE',  ( -0.3922397125330739920, 13.51156246699913055, -3.697507468016385079 ) ) ;
#3200 = DIRECTION ( 'NONE',  ( -2.565753199199158405E-18, -2.902514036010829075E-16, 1.000000000000000000 ) ) ;
#3201 = LINE ( 'NONE', #7586, #462 ) ;
#3202 = CARTESIAN_POINT ( 'NONE',  ( 7.135475161680608913, 10.67100906761319834, 14.80016474488666489 ) ) ;
#3203 = VERTEX_POINT ( 'NONE', #7056 ) ;
#3204 = VERTEX_POINT ( 'NONE', #6397 ) ;
#3205 = AXIS2_PLACEMENT_3D ( 'NONE', #4247, #1316, #3653 ) ;
#3206 = CARTESIAN_POINT ( 'NONE',  ( 0.9854161010242211693, -11.35777712908897286, -3.687690596025425815 ) ) ;
#3207 = CARTESIAN_POINT ( 'NONE',  ( 1.027259311016479604, 1.053590308655661278, 12.50468749999999751 ) ) ;
#3208 = EDGE_CURVE ( 'NONE', #5619, #1741, #622, .T. ) ;
#3209 = CARTESIAN_POINT ( 'NONE',  ( 0.3988063169686490439, -1.416427813942187308, 13.22656249999999822 ) ) ;
#3210 = DIRECTION ( 'NONE',  ( -0.7071067811865459074, 0.7071067811865493491, 0.000000000000000000 ) ) ;
#3211 = ORIENTED_EDGE ( 'NONE', *, *, #1543, .T. ) ;
#3212 = ADVANCED_FACE ( 'NONE', ( #1159 ), #3337, .F. ) ;
#3213 = EDGE_LOOP ( 'NONE', ( #774 ) ) ;
#3214 = DIRECTION ( 'NONE',  ( -0.1836913617453253822, -0.6828304940614049467, 0.7071067811865515695 ) ) ;
#3215 = CARTESIAN_POINT ( 'NONE',  ( 6.603612861616254825, 10.13914676754885491, 13.00000000000000178 ) ) ;
#3216 = ORIENTED_EDGE ( 'NONE', *, *, #5623, .T. ) ;
#3217 = CARTESIAN_POINT ( 'NONE',  ( 1.495091218128028698, 7.859052248806878360, 16.00000000000000000 ) ) ;
#3218 = CARTESIAN_POINT ( 'NONE',  ( -1.071729911523479739, 0.2726829676047793360, 8.393749999999998934 ) ) ;
#3219 = VERTEX_POINT ( 'NONE', #5585 ) ;
#3220 = DIRECTION ( 'NONE',  ( 2.565753199199158405E-18, 2.902514036010829075E-16, -1.000000000000000000 ) ) ;
#3221 = ORIENTED_EDGE ( 'NONE', *, *, #520, .F. ) ;
#3222 = CARTESIAN_POINT ( 'NONE',  ( -0.2361503771250581252, -0.9281453293749779565, 10.75624999999999787 ) ) ;
#3223 = CARTESIAN_POINT ( 'NONE',  ( 0.9218726222051467634, 0.2595604389839207826, 10.84999999999999609 ) ) ;
#3224 = AXIS2_PLACEMENT_3D ( 'NONE', #1759, #6465, #1395 ) ;
#3225 = CARTESIAN_POINT ( 'NONE',  ( -0.9218726222051398800, -0.2595604389839062942, 11.07499999999999574 ) ) ;
#3226 = CARTESIAN_POINT ( 'NONE',  ( -0.9218726222051398800, -0.2595604389839062942, 11.07499999999999574 ) ) ;
#3227 = DIRECTION ( 'NONE',  ( -0.4991391323160827009, 0.8665218558067349086, 0.000000000000000000 ) ) ;
#3228 = LINE ( 'NONE', #5595, #3721 ) ;
#3229 = CARTESIAN_POINT ( 'NONE',  ( 3.376133003484901529, -6.697143117985468130, -3.500000000000010214 ) ) ;
#3230 = CARTESIAN_POINT ( 'NONE',  ( 6.697143117985448590, 3.376133003484916628, -2.500000000000007550 ) ) ;
#3231 = EDGE_CURVE ( 'NONE', #1002, #1002, #157, .T. ) ;
#3232 = ADVANCED_FACE ( 'NONE', ( #2802 ), #6676, .F. ) ;
#3233 = CARTESIAN_POINT ( 'NONE',  ( -6.713633559939369277, -11.48339239518661259, -4.499999999998771649 ) ) ;
#3234 = CARTESIAN_POINT ( 'NONE',  ( -7.859052248806893459, 1.495091218127946320, -5.729735577732628649 ) ) ;
#3235 = VERTEX_POINT ( 'NONE', #1191 ) ;
#3236 = CYLINDRICAL_SURFACE ( 'NONE', #5047, 5.999999999999999112 ) ;
#3237 = DIRECTION ( 'NONE',  ( -0.1836913617453276859, -0.6828304940614121632, 0.7071067811865439090 ) ) ;
#3238 = DIRECTION ( 'NONE',  ( -1.092944362199429846E-17, 5.442458243416499620E-17, 1.000000000000000000 ) ) ;
#3239 = LINE ( 'NONE', #907, #4959 ) ;
#3240 = B_SPLINE_CURVE_WITH_KNOTS ( 'NONE', 3,
 ( #6452, #6522, #1170, #3538, #2288, #6375, #5945, #1096, #2250, #4604 ),
 .UNSPECIFIED., .F., .F.,
 ( 4, 2, 2, 2, 4 ),
 ( 0.000000000000000000, 0.0003977742189626843998, 0.0007955484379253687996, 0.001193322656888053199, 0.001591096875850737599 ),
 .UNSPECIFIED. ) ;
#3241 = VERTEX_POINT ( 'NONE', #5899 ) ;
#3242 = CIRCLE ( 'NONE', #4617, 13.85588093706481416 ) ;
#3243 = DIRECTION ( 'NONE',  ( 0.000000000000000000, 0.000000000000000000, 1.000000000000000000 ) ) ;
#3244 = CARTESIAN_POINT ( 'NONE',  ( -1.027259311016472720, -1.053590308655646623, 12.27968749999999609 ) ) ;
#3245 = CARTESIAN_POINT ( 'NONE',  ( 1.226662469500802377, 0.3453764016845635165, 12.88906249999999964 ) ) ;
#3246 = B_SPLINE_CURVE_WITH_KNOTS ( 'NONE', 3,
 ( #869, #3202, #292, #7266 ),
 .UNSPECIFIED., .F., .F.,
 ( 4, 4 ),
 ( 0.0003202496336566609857, 0.003199985460098046276 ),
 .UNSPECIFIED. ) ;
#3247 = EDGE_CURVE ( 'NONE', #1685, #3100, #4338, .T. ) ;
#3248 = VERTEX_POINT ( 'NONE', #3994 ) ;
#3249 = CARTESIAN_POINT ( 'NONE',  ( 6.717514421272220204, -6.717514421272190006, 16.00000000000000000 ) ) ;
#3250 = CARTESIAN_POINT ( 'NONE',  ( -5.894289186605170094, -1.121318413595959518, -5.729735577732628649 ) ) ;
#3251 = ORIENTED_EDGE ( 'NONE', *, *, #6470, .T. ) ;
#3252 = DIRECTION ( 'NONE',  ( 1.000000000000000000, 1.776356839400250465E-15, 0.000000000000000000 ) ) ;
#3253 = CARTESIAN_POINT ( 'NONE',  ( 0.2361503771250648975, 0.9281453293749931666, 8.731249999999997513 ) ) ;
#3254 = VERTEX_POINT ( 'NONE', #7363 ) ;
#3255 = CARTESIAN_POINT ( 'NONE',  ( 0.2361503771250648975, 0.9281453293749931666, 8.731249999999997513 ) ) ;
#3256 = ORIENTED_EDGE ( 'NONE', *, *, #2981, .T. ) ;
#3257 = CARTESIAN_POINT ( 'NONE',  ( -0.6857222450800785074, 0.6685848903910791563, 11.44999999999999751 ) ) ;
#3258 = CARTESIAN_POINT ( 'NONE',  ( -1.226662469500795716, -0.3453764016845489726, 8.642187499999995026 ) ) ;
#3259 = CARTESIAN_POINT ( 'NONE',  ( 0.9218726222051465413, 0.2595604389839207271, 12.64999999999999858 ) ) ;
#3260 = FACE_OUTER_BOUND ( 'NONE', #1791, .T. ) ;
#3261 = DIRECTION ( 'NONE',  ( -0.000000000000000000, -0.000000000000000000, -1.000000000000000000 ) ) ;
#3262 = CARTESIAN_POINT ( 'NONE',  ( 6.056123581516601462, -2.360797993348546786, 12.00000000000000000 ) ) ;
#3263 = CARTESIAN_POINT ( 'NONE',  ( 6.444838686433802089, 2.909304780501045684, 13.00000000000000178 ) ) ;
#3264 = DIRECTION ( 'NONE',  ( -0.000000000000000000, -0.000000000000000000, -1.000000000000000000 ) ) ;
#3265 = AXIS2_PLACEMENT_3D ( 'NONE', #1708, #5222, #4011 ) ;
#3266 = FACE_OUTER_BOUND ( 'NONE', #5665, .T. ) ;
#3267 = CARTESIAN_POINT ( 'NONE',  ( 5.489078415493269247, -0.3464363557219489187, -3.000000000000007994 ) ) ;
#3268 = VERTEX_POINT ( 'NONE', #2456 ) ;
#3269 = DIRECTION ( 'NONE',  ( 1.000000000000000000, 0.000000000000000000, 0.000000000000000000 ) ) ;
#3270 = CARTESIAN_POINT ( 'NONE',  ( -1.147023408217118234, 0.2918400834965766411, 11.89865381056767824 ) ) ;
#3271 = AXIS2_PLACEMENT_3D ( 'NONE', #5682, #2170, #5562 ) ;
#3272 = FACE_BOUND ( 'NONE', #6986, .T. ) ;
#3273 = DIRECTION ( 'NONE',  ( 0.000000000000000000, -0.000000000000000000, 1.000000000000000000 ) ) ;
#3274 = EDGE_CURVE ( 'NONE', #6273, #847, #1023, .T. ) ;
#3275 = CARTESIAN_POINT ( 'NONE',  ( 0.9218726222051464303, 0.2595604389839206716, 13.99999999999999645 ) ) ;
#3276 = ORIENTED_EDGE ( 'NONE', *, *, #6507, .T. ) ;
#3277 = DIRECTION ( 'NONE',  ( 0.4991391323160825899, -0.8665218558067350196, -2.689493761204351931E-16 ) ) ;
#3278 = CARTESIAN_POINT ( 'NONE',  ( 1.426065627985125372, -0.3628375052865331907, 12.42968749999999645 ) ) ;
#3279 = CARTESIAN_POINT ( 'NONE',  ( 0.6857222450800850577, -0.6685848903910640573, 8.581249999999998934 ) ) ;
#3280 = DIRECTION ( 'NONE',  ( 2.565753199199158405E-18, 2.902514036010829075E-16, -1.000000000000000000 ) ) ;
#3281 = EDGE_CURVE ( 'NONE', #801, #6305, #6930, .T. ) ;
#3282 = VERTEX_POINT ( 'NONE', #3564 ) ;
#3283 = EDGE_LOOP ( 'NONE', ( #4302, #5975, #870, #7051 ) ) ;
#3284 = DIRECTION ( 'NONE',  ( -0.2597788150710264032, -0.9656681455035646122, -2.809530629711169530E-16 ) ) ;
#3285 = CARTESIAN_POINT ( 'NONE',  ( -2.909304780500978183, 6.444838686433832287, 15.70000000000000284 ) ) ;
#3286 = ORIENTED_EDGE ( 'NONE', *, *, #4585, .T. ) ;
#3287 = CARTESIAN_POINT ( 'NONE',  ( 8.981570821621533085, -1.425774014638853338, -6.000000000000008882 ) ) ;
#3288 = CARTESIAN_POINT ( 'NONE',  ( -0.7720153328867996878, -0.7918038455725918690, 8.468749999999998224 ) ) ;
#3289 = CARTESIAN_POINT ( 'NONE',  ( 0.3207707779579631602, -1.139271451999712692, 10.38259618943231999 ) ) ;
#3290 = ADVANCED_FACE ( 'NONE', ( #4807 ), #4187, .T. ) ;
#3291 = EDGE_LOOP ( 'NONE', ( #1328 ) ) ;
#3292 = CARTESIAN_POINT ( 'NONE',  ( -0.7720153328867999099, -0.7918038455725919800, 11.56249999999999645 ) ) ;
#3293 = EDGE_CURVE ( 'NONE', #7084, #3052, #3922, .T. ) ;
#3294 = CIRCLE ( 'NONE', #5405, 6.500000000000000000 ) ;
#3295 = CARTESIAN_POINT ( 'NONE',  ( -0.9218726222051401020, -0.2595604389839063497, 13.77499999999999503 ) ) ;
#3296 = CARTESIAN_POINT ( 'NONE',  ( -0.2361503771250583195, -0.9281453293749780675, 12.49999999999999645 ) ) ;
#3297 = DIRECTION ( 'NONE',  ( 2.565753199199158405E-18, 2.902514036010829075E-16, -1.000000000000000000 ) ) ;
#3298 = CARTESIAN_POINT ( 'NONE',  ( -0.6857222450800786184, 0.6685848903910790453, 12.85624999999999751 ) ) ;
#3299 = EDGE_CURVE ( 'NONE', #1239, #2291, #626, .T. ) ;
#3300 = CARTESIAN_POINT ( 'NONE',  ( -3.376133003484854900, 6.697143117985476124, -3.500000000000006661 ) ) ;
#3301 = CARTESIAN_POINT ( 'NONE',  ( 6.713633559939369277, 11.48339239518659483, -4.499999999998761879 ) ) ;
#3302 = EDGE_CURVE ( 'NONE', #2435, #6087, #5382, .T. ) ;
#3303 = CARTESIAN_POINT ( 'NONE',  ( 0.9866380192381450920, 0.2777956425032977461, 9.145096189432319278 ) ) ;
#3304 = CARTESIAN_POINT ( 'NONE',  ( -0.2361503771250584305, -0.9281453293749781785, 13.90624999999999822 ) ) ;
#3305 = FACE_OUTER_BOUND ( 'NONE', #786, .T. ) ;
#3306 = DIRECTION ( 'NONE',  ( 0.000000000000000000, 0.000000000000000000, -1.000000000000000000 ) ) ;
#3307 = EDGE_LOOP ( 'NONE', ( #5741, #7621, #4713, #3864 ) ) ;
#3308 = DIRECTION ( 'NONE',  ( 1.000000000000000000, 0.000000000000000000, 0.000000000000000000 ) ) ;
#3309 = CARTESIAN_POINT ( 'NONE',  ( 0.7338970930875435839, -0.7155557677481375611, 11.63615381056767717 ) ) ;
#3310 = CARTESIAN_POINT ( 'NONE',  ( 0.7720153328868066822, 0.7918038455726065239, 12.68749999999999822 ) ) ;
#3311 = CARTESIAN_POINT ( 'NONE',  ( -6.425893240277620322, -10.25314996727273531, 12.37784182699226498 ) ) ;
#3312 = DIRECTION ( 'NONE',  ( 1.000000000000000000, 0.000000000000000000, 0.000000000000000000 ) ) ;
#3313 = ORIENTED_EDGE ( 'NONE', *, *, #2514, .T. ) ;
#3314 = CARTESIAN_POINT ( 'NONE',  ( 0.9124359724768876800, -0.8896326596143603327, 8.314062499999998579 ) ) ;
#3315 = EDGE_LOOP ( 'NONE', ( #4025, #2935, #56, #3532, #7008, #2449, #4365 ) ) ;
#3316 = CARTESIAN_POINT ( 'NONE',  ( 2.407412430484044816E-32, 2.407412430484044816E-32, 3.000000000000000000 ) ) ;
#3317 = CARTESIAN_POINT ( 'NONE',  ( 0.6857222450800847247, -0.6685848903910641683, 11.28124999999999822 ) ) ;
#3318 = CARTESIAN_POINT ( 'NONE',  ( -0.6857222450800782854, 0.6685848903910791563, 9.256249999999997868 ) ) ;
#3319 = ORIENTED_EDGE ( 'NONE', *, *, #2910, .F. ) ;
#3320 = AXIS2_PLACEMENT_3D ( 'NONE', #2075, #1106, #6770 ) ;
#3321 = ORIENTED_EDGE ( 'NONE', *, *, #2981, .F. ) ;
#3322 = CARTESIAN_POINT ( 'NONE',  ( -7.603431076707741987, 11.41102384709829742, 12.39560631973881222 ) ) ;
#3323 = ORIENTED_EDGE ( 'NONE', *, *, #7010, .T. ) ;
#3324 = CYLINDRICAL_SURFACE ( 'NONE', #987, 2.000000000000000000 ) ;
#3325 = VERTEX_POINT ( 'NONE', #2077 ) ;
#3326 = CARTESIAN_POINT ( 'NONE',  ( 0.2361503771250649530, 0.9281453293749931666, 8.281249999999996447 ) ) ;
#3327 = FACE_OUTER_BOUND ( 'NONE', #3082, .T. ) ;
#3328 = CARTESIAN_POINT ( 'NONE',  ( 1.071729911523486845, -0.2726829676047643480, 11.71249999999999858 ) ) ;
#3329 = CARTESIAN_POINT ( 'NONE',  ( 0.2361503771250643979, 0.9281453293749929445, 13.62499999999999645 ) ) ;
#3330 = CARTESIAN_POINT ( 'NONE',  ( 0.2361503771250646755, 0.9281453293749931666, 10.92499999999999716 ) ) ;
#3331 = LINE ( 'NONE', #352, #1985 ) ;
#3332 = CARTESIAN_POINT ( 'NONE',  ( 0.6857222450800845026, -0.6685848903910642793, 13.53124999999999822 ) ) ;
#3333 = DIRECTION ( 'NONE',  ( 2.565753199199158405E-18, 2.902514036010829075E-16, -1.000000000000000000 ) ) ;
#3334 = CARTESIAN_POINT ( 'NONE',  ( 13.89952640630790803, -0.1147417986137494877, -5.500000000000007105 ) ) ;
#3335 = CARTESIAN_POINT ( 'NONE',  ( -6.444838686433802089, 2.909304780501044796, 12.00000000000000000 ) ) ;
#3336 = CARTESIAN_POINT ( 'NONE',  ( -0.8262526302591579608, -0.8474313685031431564, 8.957596189432319278 ) ) ;
#3337 = CONICAL_SURFACE ( 'NONE', #6313, 1.499999999999999778, 0.7853981633974479459 ) ;
#3338 = EDGE_LOOP ( 'NONE', ( #1060 ) ) ;
#3339 = AXIS2_PLACEMENT_3D ( 'NONE', #2947, #1871, #1246 ) ;
#3340 = CARTESIAN_POINT ( 'NONE',  ( -1.071729911523479739, 0.2726829676047793360, 7.887499999999998401 ) ) ;
#3341 = CARTESIAN_POINT ( 'NONE',  ( -1.973508223914144224E-16, -7.577152131620420567E-15, -6.000000000000007994 ) ) ;
#3342 = CARTESIAN_POINT ( 'NONE',  ( 6.444838686433802089, 2.909304780501045684, -5.729735577732628649 ) ) ;
#3343 = ADVANCED_FACE ( 'NONE', ( #1257 ), #7110, .F. ) ;
#3344 = ORIENTED_EDGE ( 'NONE', *, *, #5901, .T. ) ;
#3345 = EDGE_CURVE ( 'NONE', #2901, #5187, #6490, .T. ) ;
#3346 = DIRECTION ( 'NONE',  ( 0.2597788150710331756, 0.9656681455035626138, 2.809530629711164106E-16 ) ) ;
#3347 = CARTESIAN_POINT ( 'NONE',  ( -0.7338970930875374776, 0.7155557677481522161, 12.76115381056767717 ) ) ;
#3348 = CARTESIAN_POINT ( 'NONE',  ( 0.7720153328868066822, 0.7918038455726065239, 13.13749999999999751 ) ) ;
#3349 = CARTESIAN_POINT ( 'NONE',  ( -5.833672335569221268, -10.60171134674120097, 12.00000000000000000 ) ) ;
#3350 = B_SPLINE_CURVE_WITH_KNOTS ( 'NONE', 3,
 ( #7154, #4141, #64, #3555, #1874, #4102, #7085, #4217, #6575, #2375, #5996, #2411, #1286, #7600, #2304, #4767, #35, #4729 ),
 .UNSPECIFIED., .F., .F.,
 ( 4, 2, 2, 2, 2, 2, 2, 2, 4 ),
 ( 0.0008681117967675750641, 0.001180060587692426544, 0.001492009378617278025, 0.001803958169542129288, 0.002115906960466980985, 0.002427855751391832032, 0.002739804542316683512, 0.003051753333241534992, 0.003363702124166386472 ),
 .UNSPECIFIED. ) ;
#3351 = VERTEX_POINT ( 'NONE', #4482 ) ;
#3352 = EDGE_CURVE ( 'NONE', #4710, #6269, #2399, .T. ) ;
#3353 = CIRCLE ( 'NONE', #299, 2.000000000000002220 ) ;
#3354 = CARTESIAN_POINT ( 'NONE',  ( -1.226662469500795716, -0.3453764016845490836, 9.514062499999997868 ) ) ;
#3355 = ORIENTED_EDGE ( 'NONE', *, *, #2750, .T. ) ;
#3356 = CARTESIAN_POINT ( 'NONE',  ( -0.9218726222051398800, -0.2595604389839062942, 11.13124999999999787 ) ) ;
#3357 = CARTESIAN_POINT ( 'NONE',  ( -0.2361503771250579031, -0.9281453293749778455, 8.506249999999997868 ) ) ;
#3358 = DIRECTION ( 'NONE',  ( -1.092944362199429846E-17, 5.442458243416499620E-17, 1.000000000000000000 ) ) ;
#3359 = LOCAL_TIME ( 21, 43, 29.00000000000000000, #3628 ) ;
#3360 = VERTEX_POINT ( 'NONE', #1394 ) ;
#3361 = ORIENTED_EDGE ( 'NONE', *, *, #5697, .T. ) ;
#3362 = LINE ( 'NONE', #2111, #5874 ) ;
#3363 = ORIENTED_EDGE ( 'NONE', *, *, #3862, .F. ) ;
#3364 = DIRECTION ( 'NONE',  ( 1.092944362199429846E-17, -5.442458243416499620E-17, -1.000000000000000000 ) ) ;
#3365 = CARTESIAN_POINT ( 'NONE',  ( -7.859052248806893459, -1.495091218127947430, 12.00000000000000000 ) ) ;
#3366 = CARTESIAN_POINT ( 'NONE',  ( -11.00000000000000000, 0.000000000000000000, 8.000000000000000000 ) ) ;
#3367 = FACE_OUTER_BOUND ( 'NONE', #7346, .T. ) ;
#3368 = CARTESIAN_POINT ( 'NONE',  ( -0.2997145786366766096, 1.064486813177378810, 8.768749999999998934 ) ) ;
#3369 = CARTESIAN_POINT ( 'NONE',  ( 0.9218726222051465413, 0.2595604389839207271, 12.19999999999999574 ) ) ;
#3370 = CARTESIAN_POINT ( 'NONE',  ( 5.715364357624332037, -10.66511182593025531, 12.00000000000000000 ) ) ;
#3371 = CARTESIAN_POINT ( 'NONE',  ( -0.3988063169686427711, 1.416427813942202407, 8.079687499999998579 ) ) ;
#3372 = CARTESIAN_POINT ( 'NONE',  ( 0.7720153328868067932, 0.7918038455726066349, 11.33749999999999680 ) ) ;
#3373 = CARTESIAN_POINT ( 'NONE',  ( 0.000000000000000000, 0.000000000000000000, 12.00000000000000000 ) ) ;
#3374 = PLANE ( 'NONE',  #3114 ) ;
#3375 = LINE ( 'NONE', #509, #4537 ) ;
#3376 = CARTESIAN_POINT ( 'NONE',  ( 0.9866380192381450920, 0.2777956425032976906, 9.595096189432318567 ) ) ;
#3377 = ORIENTED_EDGE ( 'NONE', *, *, #3912, .F. ) ;
#3378 = CARTESIAN_POINT ( 'NONE',  ( -0.9218726222051396579, -0.2595604389839061832, 8.824999999999995737 ) ) ;
#3379 = CARTESIAN_POINT ( 'NONE',  ( -1.071729911523480183, 0.2726829676047791695, 12.89374999999999716 ) ) ;
#3381 = ADVANCED_FACE ( 'NONE', ( #7265 ), #831, .F. ) ;
#3380 = DIRECTION ( 'NONE',  ( -0.000000000000000000, 0.000000000000000000, 1.000000000000000000 ) ) ;
#3382 = CARTESIAN_POINT ( 'NONE',  ( 1.495091218127919896, -7.859052248806898788, 15.70000000000000284 ) ) ;
#3383 = ORIENTED_EDGE ( 'NONE', *, *, #2719, .F. ) ;
#3384 = LINE ( 'NONE', #6220, #6162 ) ;
#3385 = CARTESIAN_POINT ( 'NONE',  ( -0.9866380192381382086, -0.2777956425032832577, 13.73615381056767681 ) ) ;
#3386 = CIRCLE ( 'NONE', #3142, 1.025000000000000133 ) ;
#3387 = DIRECTION ( 'NONE',  ( -1.000000000000000000, 0.000000000000000000, 0.000000000000000000 ) ) ;
#3388 = AXIS2_PLACEMENT_3D ( 'NONE', #3316, #5772, #1557 ) ;
#3389 = EDGE_CURVE ( 'NONE', #769, #5717, #2302, .T. ) ;
#3390 = ORIENTED_EDGE ( 'NONE', *, *, #6088, .T. ) ;
#3391 = CARTESIAN_POINT ( 'NONE',  ( 1.027259311016479826, 1.053590308655661500, 9.326562499999999645 ) ) ;
#3392 = VERTEX_POINT ( 'NONE', #6222 ) ;
#3393 = VECTOR ( 'NONE', #3630, 1000.000000000000000 ) ;
#3394 = CARTESIAN_POINT ( 'NONE',  ( 11.80847756275403526, 7.231545417347658322, 12.02626313287921178 ) ) ;
#3395 = CARTESIAN_POINT ( 'NONE',  ( 0.2361503771250646755, 0.9281453293749931666, 10.98124999999999751 ) ) ;
#3396 = AXIS2_PLACEMENT_3D ( 'NONE', #5388, #6619, #5461 ) ;
#3397 = CARTESIAN_POINT ( 'NONE',  ( -0.7720153328867996878, -0.7918038455725916469, 8.468749999999998224 ) ) ;
#3398 = DIRECTION ( 'NONE',  ( -0.7071067811865491270, 0.7071067811865459074, 0.000000000000000000 ) ) ;
#3399 = ORIENTED_EDGE ( 'NONE', *, *, #5751, .T. ) ;
#3400 = AXIS2_PLACEMENT_3D ( 'NONE', #2741, #7459, #4514 ) ;
#3401 = VERTEX_POINT ( 'NONE', #2632 ) ;
#3402 = DIRECTION ( 'NONE',  ( 0.000000000000000000, 0.000000000000000000, 1.000000000000000000 ) ) ;
#3403 = EDGE_LOOP ( 'NONE', ( #7624, #4419, #473, #435 ) ) ;
#3404 = DIRECTION ( 'NONE',  ( -0.000000000000000000, -0.000000000000000000, -1.000000000000000000 ) ) ;
#3405 = CARTESIAN_POINT ( 'NONE',  ( -1.016410559504781208, -4.662485793788539112, -2.686249938782343971 ) ) ;
#3406 = CARTESIAN_POINT ( 'NONE',  ( 0.2997145786366836040, -1.064486813177363933, 8.093749999999998224 ) ) ;
#3407 = CARTESIAN_POINT ( 'NONE',  ( -0.7338970930875372556, 0.7155557677481522161, 11.09509618943231679 ) ) ;
#3408 = DIRECTION ( 'NONE',  ( -2.565753199199158405E-18, -2.902514036010829075E-16, 1.000000000000000000 ) ) ;
#3409 = CARTESIAN_POINT ( 'NONE',  ( 0.9124359724768876800, -0.8896326596143603327, 8.342187499999997868 ) ) ;
#3410 = CARTESIAN_POINT ( 'NONE',  ( -0.2361503771250584027, -0.9281453293749781785, 13.39999999999999680 ) ) ;
#3411 = CARTESIAN_POINT ( 'NONE',  ( -6.156271072842398162, -11.33623952100889909, -6.000000000000011546 ) ) ;
#3412 = CARTESIAN_POINT ( 'NONE',  ( -10.14370804359019829, -7.032438206369363343, 16.00000000000000000 ) ) ;
#3413 = DIRECTION ( 'NONE',  ( -2.565753199199158405E-18, -2.902514036010829075E-16, 1.000000000000000000 ) ) ;
#3414 = PLANE ( 'NONE',  #237 ) ;
#3415 = CARTESIAN_POINT ( 'NONE',  ( 1.147023408217124896, -0.2918400834965618196, 10.00759618943231821 ) ) ;
#3416 = ORIENTED_EDGE ( 'NONE', *, *, #2089, .F. ) ;
#3417 = AXIS2_PLACEMENT_3D ( 'NONE', #6329, #6829, #3882 ) ;
#3418 = CARTESIAN_POINT ( 'NONE',  ( 0.2361503771250648420, 0.9281453293749931666, 9.124999999999998224 ) ) ;
#3419 = CARTESIAN_POINT ( 'NONE',  ( 0.6857222450800845026, -0.6685848903910642793, 13.53124999999999822 ) ) ;
#3420 = CARTESIAN_POINT ( 'NONE',  ( -11.88646269574319980, 7.121493961366872405, 11.99999999999999822 ) ) ;
#3421 = DIRECTION ( 'NONE',  ( 1.000000000000000000, 0.000000000000000000, 0.000000000000000000 ) ) ;
#3422 = VERTEX_POINT ( 'NONE', #6797 ) ;
#3423 = ADVANCED_FACE ( 'NONE', ( #6683 ), #7422, .T. ) ;
#3424 = DIRECTION ( 'NONE',  ( -0.000000000000000000, -0.000000000000000000, -1.000000000000000000 ) ) ;
#3425 = CARTESIAN_POINT ( 'NONE',  ( 0.2527409261506040616, 0.9933514102514432453, 9.536153810567677525 ) ) ;
#3426 = CARTESIAN_POINT ( 'NONE',  ( 0.9218726222051465413, 0.2595604389839207271, 12.64999999999999858 ) ) ;
#3427 = AXIS2_PLACEMENT_3D ( 'NONE', #6747, #6788, #2088 ) ;
#3428 = EDGE_LOOP ( 'NONE', ( #6051, #844, #7626, #3416 ) ) ;
#3429 = CARTESIAN_POINT ( 'NONE',  ( -1.027259311016472276, -1.053590308655646179, 9.551562499999997513 ) ) ;
#3430 = EDGE_CURVE ( 'NONE', #3946, #3946, #3761, .T. ) ;
#3431 = ORIENTED_EDGE ( 'NONE', *, *, #5157, .T. ) ;
#3432 = CARTESIAN_POINT ( 'NONE',  ( -5.489078415493266583, 0.3464363557219702350, -3.000000000000007994 ) ) ;
#3433 = CARTESIAN_POINT ( 'NONE',  ( 0.2361503771250645645, 0.9281453293749930555, 11.88124999999999787 ) ) ;
#3434 = CARTESIAN_POINT ( 'NONE',  ( 0.6857222450800849467, -0.6685848903910641683, 9.481249999999997513 ) ) ;
#3435 = CARTESIAN_POINT ( 'NONE',  ( 6.444838686433802089, -2.909304780501044796, 13.00000000000000178 ) ) ;
#3436 = DIRECTION ( 'NONE',  ( -0.1321486423538484611, -0.6946486423538418276, 0.7071067811865467956 ) ) ;
#3437 = DIRECTION ( 'NONE',  ( 1.000000000000000000, -3.016910393003146014E-15, 0.000000000000000000 ) ) ;
#3438 = VECTOR ( 'NONE', #82, 1000.000000000000000 ) ;
#3439 = ORIENTED_EDGE ( 'NONE', *, *, #4486, .F. ) ;
#3440 = EDGE_LOOP ( 'NONE', ( #233, #1236, #2523, #4873, #6719, #7510, #5616, #6348, #4872, #2711, #6769, #539, #1721, #4578, #6403, #4930, #3973, #3553, #7557, #7128, #6311, #922, #6070, #114, #5243, #2213, #852, #2684, #5466, #5178, #5548, #996 ) ) ;
#3441 = VECTOR ( 'NONE', #2351, 1000.000000000000114 ) ;
#3442 = CARTESIAN_POINT ( 'NONE',  ( 6.862159456424658188, 11.55226035649778460, -3.997397452648559835 ) ) ;
#3443 = CARTESIAN_POINT ( 'NONE',  ( -2.909304780500978183, 6.444838686433832287, -5.729735577732635754 ) ) ;
#3444 = VERTEX_POINT ( 'NONE', #4984 ) ;
#3445 = EDGE_CURVE ( 'NONE', #1915, #5883, #4910, .T. ) ;
#3446 = DIRECTION ( 'NONE',  ( 1.000000000000000000, 0.000000000000000000, 0.000000000000000000 ) ) ;
#3447 = ADVANCED_FACE ( 'NONE', ( #2706, #4442 ), #941, .F. ) ;
#3448 = CARTESIAN_POINT ( 'NONE',  ( -5.467514421272220204, 6.717514421272190006, 16.00000000000000000 ) ) ;
#3449 = FACE_OUTER_BOUND ( 'NONE', #1135, .T. ) ;
#3450 = CARTESIAN_POINT ( 'NONE',  ( 1.147023408217124452, -0.2918400834965619306, 13.60759618943231608 ) ) ;
#3451 = CARTESIAN_POINT ( 'NONE',  ( -0.3207707779579566654, 1.139271451999727347, 11.50759618943231821 ) ) ;
#3452 = CIRCLE ( 'NONE', #1488, 1.249999999999988010 ) ;
#3453 = CARTESIAN_POINT ( 'NONE',  ( 6.697143117985448590, 3.376133003484917516, -6.000000000000007105 ) ) ;
#3454 = CARTESIAN_POINT ( 'NONE',  ( -1.426065627985118933, 0.3628375052865480677, 10.85468749999999716 ) ) ;
#3455 = CIRCLE ( 'NONE', #2119, 1.499999999999999778 ) ;
#3456 = DIRECTION ( 'NONE',  ( -0.4991391323160825899, 0.8665218558067351307, 0.000000000000000000 ) ) ;
#3457 = CARTESIAN_POINT ( 'NONE',  ( 4.617205249107736442, -1.121684301931405781, -2.661549329924385532 ) ) ;
#3458 = DIRECTION ( 'NONE',  ( -0.7071067811865383579, 0.7071067811865566766, 0.000000000000000000 ) ) ;
#3459 = ORIENTED_EDGE ( 'NONE', *, *, #945, .F. ) ;
#3460 = CARTESIAN_POINT ( 'NONE',  ( -0.6857222450800786184, 0.6685848903910790453, 12.85624999999999751 ) ) ;
#3461 = DIRECTION ( 'NONE',  ( 2.565753199199158405E-18, 2.902514036010829075E-16, -1.000000000000000000 ) ) ;
#3462 = DIRECTION ( 'NONE',  ( 0.000000000000000000, 0.000000000000000000, 1.000000000000000000 ) ) ;
#3463 = ORIENTED_EDGE ( 'NONE', *, *, #6932, .F. ) ;
#3464 = CARTESIAN_POINT ( 'NONE',  ( -9.567717250745587876, 6.198289006636038323, -2.500000000000006661 ) ) ;
#3465 = VECTOR ( 'NONE', #1733, 1000.000000000000000 ) ;
#3466 = CARTESIAN_POINT ( 'NONE',  ( -0.2527409261505974003, -0.9933514102514282573, 11.11115381056767504 ) ) ;
#3467 = CARTESIAN_POINT ( 'NONE',  ( -0.9218726222051399910, -0.2595604389839062942, 12.42499999999999716 ) ) ;
#3468 = ADVANCED_FACE ( 'NONE', ( #3272, #832 ), #6755, .T. ) ;
#3469 = AXIS2_PLACEMENT_3D ( 'NONE', #4985, #7344, #6571 ) ;
#3470 = EDGE_CURVE ( 'NONE', #3203, #3066, #2427, .T. ) ;
#3471 = DIRECTION ( 'NONE',  ( -2.565753199199158405E-18, -2.902514036010829075E-16, 1.000000000000000000 ) ) ;
#3472 = AXIS2_PLACEMENT_3D ( 'NONE', #3926, #6335, #6912 ) ;
#3473 = EDGE_LOOP ( 'NONE', ( #2030 ) ) ;
#3474 = DIRECTION ( 'NONE',  ( 1.000000000000000000, 0.000000000000000000, 0.000000000000000000 ) ) ;
#3475 = CARTESIAN_POINT ( 'NONE',  ( 0.2361503771250645367, 0.9281453293749930555, 12.33124999999999893 ) ) ;
#3476 = CARTESIAN_POINT ( 'NONE',  ( -1.071729911523480183, 0.2726829676047792250, 11.09374999999999822 ) ) ;
#3477 = DIRECTION ( 'NONE',  ( -0.000000000000000000, -0.000000000000000000, 1.000000000000000000 ) ) ;
#3478 = CARTESIAN_POINT ( 'NONE',  ( -10.66511182593023754, 5.715364357624368452, 12.00000000000000000 ) ) ;
#3479 = ORIENTED_EDGE ( 'NONE', *, *, #357, .F. ) ;
#3480 = AXIS2_PLACEMENT_3D ( 'NONE', #7371, #355, #2205 ) ;
#3481 = VERTEX_POINT ( 'NONE', #4368 ) ;
#3482 = EDGE_CURVE ( 'NONE', #4388, #3870, #365, .T. ) ;
#3483 = CARTESIAN_POINT ( 'NONE',  ( -9.112444687665194110, 6.851236076796140217, -3.523742307847131272 ) ) ;
#3484 = ADVANCED_FACE ( 'NONE', ( #5021 ), #1432, .F. ) ;
#3485 = EDGE_LOOP ( 'NONE', ( #6416, #7113, #2605, #792 ) ) ;
#3486 = LINE ( 'NONE', #5279, #3919 ) ;
#3487 = CARTESIAN_POINT ( 'NONE',  ( -13.89999999999999858, 0.000000000000000000, 10.59999999999999964 ) ) ;
#3488 = CARTESIAN_POINT ( 'NONE',  ( -0.3745416482458805985, -5.377347161448381208, -3.000000000000010214 ) ) ;
#3489 = CARTESIAN_POINT ( 'NONE',  ( -0.8262526302591585159, -0.8474313685031433785, 13.45759618943231750 ) ) ;
#3490 = CARTESIAN_POINT ( 'NONE',  ( -1.426065627985118267, 0.3628375052865481232, 9.504687499999997513 ) ) ;
#3491 = CARTESIAN_POINT ( 'NONE',  ( 0.000000000000000000, 0.000000000000000000, 12.00000000000000000 ) ) ;
#3492 = DIRECTION ( 'NONE',  ( -0.7071067811865491270, 0.7071067811865459074, -0.000000000000000000 ) ) ;
#3493 = CARTESIAN_POINT ( 'NONE',  ( 0.000000000000000000, 0.000000000000000000, 12.00000000000000000 ) ) ;
#3494 = VERTEX_POINT ( 'NONE', #6144 ) ;
#3495 = CARTESIAN_POINT ( 'NONE',  ( -1.071729911523479739, 0.2726829676047793360, 8.787499999999997868 ) ) ;
#3496 = CARTESIAN_POINT ( 'NONE',  ( -4.832046233295354654, -4.489023189881772957, -2.500000000000010214 ) ) ;
#3497 = CARTESIAN_POINT ( 'NONE',  ( 0.9218726222051469854, 0.2595604389839208936, 9.049999999999997158 ) ) ;
#3498 = FACE_BOUND ( 'NONE', #3595, .T. ) ;
#3499 = ORIENTED_EDGE ( 'NONE', *, *, #3445, .T. ) ;
#3500 = CARTESIAN_POINT ( 'NONE',  ( -2.597788150710211408, -9.656681455035666772, -6.000000000000010658 ) ) ;
#3501 = CARTESIAN_POINT ( 'NONE',  ( -0.2527409261505972893, -0.9933514102514280353, 10.21115381056767646 ) ) ;
#3502 = CARTESIAN_POINT ( 'NONE',  ( -5.894289186605170094, -1.121318413595959518, 15.69999999999998508 ) ) ;
#3503 = DIRECTION ( 'NONE',  ( -0.4991391323160827009, 0.8665218558067349086, 2.891205793294678819E-16 ) ) ;
#3504 = VERTEX_POINT ( 'NONE', #868 ) ;
#3505 = FACE_OUTER_BOUND ( 'NONE', #4826, .T. ) ;
#3506 = CARTESIAN_POINT ( 'NONE',  ( 0.2361503771250644534, 0.9281453293749930555, 13.23124999999999574 ) ) ;
#3507 = CARTESIAN_POINT ( 'NONE',  ( 0.9218726222051467634, 0.2595604389839207826, 10.90624999999999822 ) ) ;
#3508 = DIRECTION ( 'NONE',  ( 0.4991391323160842552, -0.8665218558067341315, -2.365532012695646217E-16 ) ) ;
#3509 = AXIS2_PLACEMENT_3D ( 'NONE', #4954, #873, #2599 ) ;
#3510 = EDGE_CURVE ( 'NONE', #7359, #1312, #3201, .T. ) ;
#3511 = ORIENTED_EDGE ( 'NONE', *, *, #464, .F. ) ;
#3512 = CARTESIAN_POINT ( 'NONE',  ( 1.071729911523486845, -0.2726829676047643480, 11.31874999999999787 ) ) ;
#3513 = AXIS2_PLACEMENT_3D ( 'NONE', #4449, #2712, #911 ) ;
#3514 = CIRCLE ( 'NONE', #3150, 1.499999999999999778 ) ;
#3515 = ORIENTED_EDGE ( 'NONE', *, *, #1197, .T. ) ;
#3516 = CARTESIAN_POINT ( 'NONE',  ( -9.444673676569614429, 6.384992674408736413, -3.870263739134637504 ) ) ;
#3517 = AXIS2_PLACEMENT_3D ( 'NONE', #2498, #1333, #2459 ) ;
#3518 = CARTESIAN_POINT ( 'NONE',  ( 1.426065627985125372, -0.3628375052865330797, 10.15156249999999893 ) ) ;
#3519 = ORIENTED_EDGE ( 'NONE', *, *, #2311, .F. ) ;
#3520 = EDGE_CURVE ( 'NONE', #54, #3235, #5105, .T. ) ;
#3521 = CARTESIAN_POINT ( 'NONE',  ( -10.18465572053226254, -7.073385883311429367, 16.00000000000000000 ) ) ;
#3522 = VERTEX_POINT ( 'NONE', #2379 ) ;
#3523 = CARTESIAN_POINT ( 'NONE',  ( 0.3207707779579628826, -1.139271451999712914, 13.08259618943231928 ) ) ;
#3524 = VECTOR ( 'NONE', #6319, 1000.000000000000114 ) ;
#3525 = DIRECTION ( 'NONE',  ( 0.4991391323160825899, -0.8665218558067350196, -2.502285170733346656E-16 ) ) ;
#3526 = ORIENTED_EDGE ( 'NONE', *, *, #5729, .F. ) ;
#3527 = FACE_OUTER_BOUND ( 'NONE', #2827, .T. ) ;
#3528 = B_SPLINE_CURVE_WITH_KNOTS ( 'NONE', 3,
 ( #4949, #3086, #4830, #7303, #2017, #1903, #4244, #6602, #7262, #5449, #1941, #787, #3928, #4440, #1547, #6794, #362, #982 ),
 .UNSPECIFIED., .F., .F.,
 ( 4, 2, 2, 2, 2, 2, 2, 2, 4 ),
 ( 0.001582351279899269847, 0.001924713907764861315, 0.002267076535630452999, 0.002609439163496044684, 0.002951801791361636368, 0.003294164419227228052, 0.003636527047092818869, 0.003978889674958410554, 0.004321252302824002238 ),
 .UNSPECIFIED. ) ;
#3529 = DIRECTION ( 'NONE',  ( -4.930380657631323784E-32, 3.538566068381624782E-16, 1.000000000000000000 ) ) ;
#3530 = CARTESIAN_POINT ( 'NONE',  ( 4.656982021476135714, -2.089734771006469316, -2.923197837245868680 ) ) ;
#3531 = CARTESIAN_POINT ( 'NONE',  ( -6.713633559939369277, -11.48339239518661259, -4.499999999998771649 ) ) ;
#3532 = ORIENTED_EDGE ( 'NONE', *, *, #5302, .F. ) ;
#3533 = CARTESIAN_POINT ( 'NONE',  ( 0.9218726222051469854, 0.2595604389839208936, 9.049999999999997158 ) ) ;
#3534 = EDGE_CURVE ( 'NONE', #1064, #5510, #2225, .T. ) ;
#3535 = CARTESIAN_POINT ( 'NONE',  ( -0.2997145786366768316, 1.064486813177379032, 10.51249999999999574 ) ) ;
#3536 = DIRECTION ( 'NONE',  ( 1.000000000000000000, 0.000000000000000000, 0.000000000000000000 ) ) ;
#3537 = EDGE_LOOP ( 'NONE', ( #7260 ) ) ;
#3538 = CARTESIAN_POINT ( 'NONE',  ( -11.44838830364331628, 7.225053840674878991, -3.622477049783456415 ) ) ;
#3539 = EDGE_CURVE ( 'NONE', #2568, #4241, #6729, .T. ) ;
#3540 = CARTESIAN_POINT ( 'NONE',  ( -1.147023408217118012, 0.2918400834965766411, 11.44865381056767362 ) ) ;
#3541 = CARTESIAN_POINT ( 'NONE',  ( 0.7720153328868065712, 0.7918038455726065239, 14.03749999999999787 ) ) ;
#3542 = VECTOR ( 'NONE', #552, 1000.000000000000114 ) ;
#3543 = ORIENTED_EDGE ( 'NONE', *, *, #4591, .T. ) ;
#3544 = ADVANCED_FACE ( 'NONE', ( #1633 ), #5501, .T. ) ;
#3545 = CIRCLE ( 'NONE', #5136, 2.000000000000000000 ) ;
#3546 = ORIENTED_EDGE ( 'NONE', *, *, #568, .T. ) ;
#3547 = CARTESIAN_POINT ( 'NONE',  ( 1.065252492916220595, 5.599574727274902131, 16.00000000000000000 ) ) ;
#3548 = CARTESIAN_POINT ( 'NONE',  ( 0.7720153328868066822, 0.7918038455726066349, 12.74374999999999858 ) ) ;
#3549 = CARTESIAN_POINT ( 'NONE',  ( -1.071729911523480183, 0.2726829676047792250, 11.99374999999999858 ) ) ;
#3550 = CARTESIAN_POINT ( 'NONE',  ( 6.641428455355037563, 11.21498648448605628, -5.499999999998311573 ) ) ;
#3551 = DIRECTION ( 'NONE',  ( -0.2597788150710264032, -0.9656681455035646122, -2.809530629711170023E-16 ) ) ;
#3552 = AXIS2_PLACEMENT_3D ( 'NONE', #6971, #7523, #5116 ) ;
#3553 = ORIENTED_EDGE ( 'NONE', *, *, #3352, .T. ) ;
#3554 = ORIENTED_EDGE ( 'NONE', *, *, #3795, .F. ) ;
#3555 = CARTESIAN_POINT ( 'NONE',  ( -2.162672587523319478, -10.94131217443761273, -2.935745563025909277 ) ) ;
#3556 = AXIS2_PLACEMENT_3D ( 'NONE', #975, #6870, #5048 ) ;
#3557 = CARTESIAN_POINT ( 'NONE',  ( -0.3142264970239111999, -1.235009061298916855, 10.03906249999999822 ) ) ;
#3558 = VERTEX_POINT ( 'NONE', #6379 ) ;
#3559 = CARTESIAN_POINT ( 'NONE',  ( 4.065753027381878725E-16, -2.024594466550937630E-15, -6.500000000000004441 ) ) ;
#3560 = CALENDAR_DATE ( 2026, 4, 2 ) ;
#3561 = CARTESIAN_POINT ( 'NONE',  ( 0.9866380192381446479, 0.2777956425032975796, 13.19509618943231821 ) ) ;
#3562 = DIRECTION ( 'NONE',  ( 1.000000000000000000, 0.000000000000000000, 0.000000000000000000 ) ) ;
#3563 = AXIS2_PLACEMENT_3D ( 'NONE', #5685, #6914, #939 ) ;
#3564 = CARTESIAN_POINT ( 'NONE',  ( 11.14277773728795928, -7.607243831355181563, 13.00000000000000178 ) ) ;
#3565 = CARTESIAN_POINT ( 'NONE',  ( 10.43465397290603214, -6.899120066973257082, 15.69999999999699725 ) ) ;
#3566 = FACE_BOUND ( 'NONE', #188, .T. ) ;
#3567 = CARTESIAN_POINT ( 'NONE',  ( 4.543204428441348419, -1.458591352601139368, -2.685840864400010908 ) ) ;
#3568 = AXIS2_PLACEMENT_3D ( 'NONE', #1660, #4, #4070 ) ;
#3569 = CARTESIAN_POINT ( 'NONE',  ( 11.49090261672985136, -7.118901656853648063, -3.697036221199070383 ) ) ;
#3570 = ORIENTED_EDGE ( 'NONE', *, *, #3302, .T. ) ;
#3571 = CARTESIAN_POINT ( 'NONE',  ( 0.9218726222051468744, 0.2595604389839208381, 9.499999999999996447 ) ) ;
#3572 = CARTESIAN_POINT ( 'NONE',  ( 0.8286579078088206485, 4.773483988696106017, -2.756265179335656956 ) ) ;
#3573 = CYLINDRICAL_SURFACE ( 'NONE', #4186, 1.499999999999999778 ) ;
#3574 = CARTESIAN_POINT ( 'NONE',  ( -0.8262526302591579608, -0.8474313685031431564, 9.723653810567677525 ) ) ;
#3575 = EDGE_LOOP ( 'NONE', ( #6677, #2409, #638, #4409 ) ) ;
#3576 = EDGE_CURVE ( 'NONE', #3422, #3033, #2790, .T. ) ;
#3577 = FACE_OUTER_BOUND ( 'NONE', #4568, .T. ) ;
#3578 = VERTEX_POINT ( 'NONE', #1253 ) ;
#3579 = FACE_OUTER_BOUND ( 'NONE', #294, .T. ) ;
#3580 = CARTESIAN_POINT ( 'NONE',  ( 0.7720153328868070153, 0.7918038455726068570, 8.187499999999998224 ) ) ;
#3581 = CARTESIAN_POINT ( 'NONE',  ( -1.071729911523480183, 0.2726829676047792250, 11.54374999999999929 ) ) ;
#3582 = CARTESIAN_POINT ( 'NONE',  ( -7.016205697400199170, -10.26858420574039954, 15.90022110176724013 ) ) ;
#3583 =( BOUNDED_CURVE ( )  B_SPLINE_CURVE ( 3, ( #2038, #3718, #3754, #3836 ),
 .UNSPECIFIED., .F., .F. ) 
 B_SPLINE_CURVE_WITH_KNOTS ( ( 4, 4 ),
 ( 4.674637054847211814, 4.713013727246651463 ),
 .UNSPECIFIED. ) 
 CURVE ( )  GEOMETRIC_REPRESENTATION_ITEM ( )  RATIONAL_B_SPLINE_CURVE ( ( 1.000000000000000000, 0.9998772730169582790, 0.9998772730169582790, 1.000000000000000000 ) ) 
 REPRESENTATION_ITEM ( '' )  );
#3584 = FACE_OUTER_BOUND ( 'NONE', #4203, .T. ) ;
#3585 = CYLINDRICAL_SURFACE ( 'NONE', #7429, 5.999999999999999112 ) ;
#3586 = ORIENTED_EDGE ( 'NONE', *, *, #3600, .T. ) ;
#3587 = AXIS2_PLACEMENT_3D ( 'NONE', #5492, #3780, #6145 ) ;
#3588 = ORIENTED_EDGE ( 'NONE', *, *, #4048, .F. ) ;
#3589 = CARTESIAN_POINT ( 'NONE',  ( 13.54159679269862870, 0.8858145114691607924, -3.500000000000008438 ) ) ;
#3590 = CARTESIAN_POINT ( 'NONE',  ( -0.9124359724768811297, 0.8896326596143752097, 11.23906249999999751 ) ) ;
#3591 = DIRECTION ( 'NONE',  ( -0.4991391323160825899, 0.8665218558067350196, 2.168404344971009115E-16 ) ) ;
#3592 = LINE ( 'NONE', #3742, #951 ) ;
#3593 = CALENDAR_DATE ( 2026, 4, 2 ) ;
#3594 = CARTESIAN_POINT ( 'NONE',  ( 0.3207707779579629936, -1.139271451999712914, 11.73259618943231786 ) ) ;
#3595 = EDGE_LOOP ( 'NONE', ( #1966 ) ) ;
#3596 = DIRECTION ( 'NONE',  ( 0.4991391323160827009, -0.8665218558067350196, -2.387234141252486967E-16 ) ) ;
#3597 = CARTESIAN_POINT ( 'NONE',  ( 9.656681455035650785, -2.597788150710252264, -6.000000000000008882 ) ) ;
#3598 = FACE_OUTER_BOUND ( 'NONE', #2317, .T. ) ;
#3599 = CARTESIAN_POINT ( 'NONE',  ( -6.717514421272260172, -6.717514421272150038, 16.00000000000000000 ) ) ;
#3600 = EDGE_CURVE ( 'NONE', #7359, #1873, #3592, .T. ) ;
#3601 = ORIENTED_EDGE ( 'NONE', *, *, #5056, .F. ) ;
#3602 = B_SPLINE_CURVE_WITH_KNOTS ( 'NONE', 3,
 ( #2497, #806, #3143, #693, #5936, #5505, #1259, #730, #3028, #3106 ),
 .UNSPECIFIED., .F., .F.,
 ( 4, 2, 2, 2, 4 ),
 ( 0.000000000000000000, 0.0004045946928291416960, 0.0008091893856582833919, 0.001213784078487425196, 0.001618378771316566784 ),
 .UNSPECIFIED. ) ;
#3603 = AXIS2_PLACEMENT_3D ( 'NONE', #1308, #7038, #1751 ) ;
#3604 = CARTESIAN_POINT ( 'NONE',  ( 0.6857222450800849467, -0.6685848903910641683, 9.874999999999996447 ) ) ;
#3605 = CARTESIAN_POINT ( 'NONE',  ( -0.6857222450800782854, 0.6685848903910791563, 9.649999999999996803 ) ) ;
#3606 = DIRECTION ( 'NONE',  ( -0.7071067811865433539, 0.7071067811865517916, -0.000000000000000000 ) ) ;
#3607 = CARTESIAN_POINT ( 'NONE',  ( -7.230747688335894985, -11.80910002435085637, 12.02595618149638668 ) ) ;
#3608 = VERTEX_POINT ( 'NONE', #3059 ) ;
#3609 = ORIENTED_EDGE ( 'NONE', *, *, #6988, .F. ) ;
#3610 = EDGE_CURVE ( 'NONE', #6318, #6318, #4765, .T. ) ;
#3611 = CARTESIAN_POINT ( 'NONE',  ( -0.7028371710805677575, 11.37845085541350976, -3.981286105533861530 ) ) ;
#3612 = EDGE_LOOP ( 'NONE', ( #3016, #190, #1522, #6560, #2513, #3939, #6920, #5278, #1834, #1978, #90, #4596, #5983, #6714, #2336, #5731, #6154, #1839, #4286, #6393, #2851, #4263, #2778, #5196 ) ) ;
#3613 = DIRECTION ( 'NONE',  ( -2.565753199199158405E-18, -2.902514036010829075E-16, 1.000000000000000000 ) ) ;
#3614 = CARTESIAN_POINT ( 'NONE',  ( 0.2361503771250649808, 0.9281453293749931666, 7.774999999999996803 ) ) ;
#3615 = CARTESIAN_POINT ( 'NONE',  ( 0.6857222450800846136, -0.6685848903910641683, 12.18124999999999680 ) ) ;
#3616 = CARTESIAN_POINT ( 'NONE',  ( -2.050480819890118965E-16, -8.447906342423668944E-15, -3.000000000000007994 ) ) ;
#3617 = CARTESIAN_POINT ( 'NONE',  ( -10.13914676754892241, 6.603612861616147356, 13.00000000000000178 ) ) ;
#3618 = DIRECTION ( 'NONE',  ( -2.565753199199158405E-18, -2.902514036010829075E-16, 1.000000000000000000 ) ) ;
#3619 = ADVANCED_FACE ( 'NONE', ( #7157 ), #4219, .F. ) ;
#3620 = ORIENTED_EDGE ( 'NONE', *, *, #4616, .F. ) ;
#3621 = EDGE_LOOP ( 'NONE', ( #3137, #3377 ) ) ;
#3622 = AXIS2_PLACEMENT_3D ( 'NONE', #770, #339, #3103 ) ;
#3623 = CARTESIAN_POINT ( 'NONE',  ( -10.13914676754892241, 6.603612861616147356, 13.00000000000000178 ) ) ;
#3624 = CARTESIAN_POINT ( 'NONE',  ( -0.3142264970239111999, -1.235009061298916855, 9.617187499999994671 ) ) ;
#3625 = ADVANCED_FACE ( 'NONE', ( #4842 ), #221, .T. ) ;
#3626 = CARTESIAN_POINT ( 'NONE',  ( 1.027259311016479604, 1.053590308655661278, 12.02656249999999893 ) ) ;
#3627 = ADVANCED_FACE ( 'NONE', ( #7275 ), #954, .T. ) ;
#3628 = COORDINATED_UNIVERSAL_TIME_OFFSET ( 6, 0, .BEHIND. ) ;
#3629 = DIRECTION ( 'NONE',  ( -0.4991391323160826454, 0.8665218558067350196, 2.662952704350361526E-16 ) ) ;
#3630 = DIRECTION ( 'NONE',  ( 2.565753199199158405E-18, 2.902514036010829075E-16, -1.000000000000000000 ) ) ;
#3631 = ORIENTED_EDGE ( 'NONE', *, *, #5697, .F. ) ;
#3632 = ORIENTED_EDGE ( 'NONE', *, *, #187, .T. ) ;
#3633 = LINE ( 'NONE', #3496, #6243 ) ;
#3634 = FACE_OUTER_BOUND ( 'NONE', #2474, .T. ) ;
#3635 = FACE_OUTER_BOUND ( 'NONE', #2033, .T. ) ;
#3636 = VECTOR ( 'NONE', #255, 1000.000000000000114 ) ;
#3637 = CARTESIAN_POINT ( 'NONE',  ( -10.41301478351948440, -6.163974365719729676, 12.12176487116136414 ) ) ;
#3638 = CARTESIAN_POINT ( 'NONE',  ( -7.118901656853600990, -11.49090261672988333, -3.697036221199070827 ) ) ;
#3639 = EDGE_LOOP ( 'NONE', ( #6765 ) ) ;
#3640 = CARTESIAN_POINT ( 'NONE',  ( 0.9218726222051468744, 0.2595604389839208381, 9.499999999999996447 ) ) ;
#3641 = CARTESIAN_POINT ( 'NONE',  ( -1.071729911523480183, 0.2726829676047792250, 11.03749999999999787 ) ) ;
#3642 = CARTESIAN_POINT ( 'NONE',  ( -1.071729911523479961, 0.2726829676047792805, 9.687499999999998224 ) ) ;
#3643 = DIRECTION ( 'NONE',  ( 2.565753199199158405E-18, 2.902514036010829075E-16, -1.000000000000000000 ) ) ;
#3644 = DIRECTION ( 'NONE',  ( 2.565753199199158405E-18, 2.902514036010829075E-16, -1.000000000000000000 ) ) ;
#3645 = CARTESIAN_POINT ( 'NONE',  ( -3.278833086598289076E-17, 1.632737473024949948E-16, 13.99999999999999822 ) ) ;
#3646 = ORIENTED_EDGE ( 'NONE', *, *, #2071, .F. ) ;
#3647 = EDGE_CURVE ( 'NONE', #2994, #1586, #2182, .T. ) ;
#3648 = DIRECTION ( 'NONE',  ( 1.000000000000000000, 0.000000000000000000, 0.000000000000000000 ) ) ;
#3649 = ORIENTED_EDGE ( 'NONE', *, *, #6988, .T. ) ;
#3650 = CARTESIAN_POINT ( 'NONE',  ( 1.495091218127919896, -7.859052248806898788, -5.729735577732628649 ) ) ;
#3651 = CARTESIAN_POINT ( 'NONE',  ( -0.7720153328867996878, -0.7918038455725916469, 7.962499999999996803 ) ) ;
#3652 = CARTESIAN_POINT ( 'NONE',  ( 11.00478369905120424, -2.450517407427219574, -2.835773172410418930 ) ) ;
#3653 = DIRECTION ( 'NONE',  ( 1.000000000000000000, 0.000000000000000000, 0.000000000000000000 ) ) ;
#3654 = LINE ( 'NONE', #3617, #659 ) ;
#3655 = CARTESIAN_POINT ( 'NONE',  ( 13.30184410068341805, 0.04604345858563882454, -4.500000000000007994 ) ) ;
#3656 = EDGE_LOOP ( 'NONE', ( #5985, #4837, #7430, #275, #4986, #7233 ) ) ;
#3657 = CIRCLE ( 'NONE', #1956, 6.000000000000000000 ) ;
#3658 = EDGE_CURVE ( 'NONE', #3494, #6231, #1645, .T. ) ;
#3659 = VERTEX_POINT ( 'NONE', #1680 ) ;
#3660 = LINE ( 'NONE', #6032, #6362 ) ;
#3661 = CARTESIAN_POINT ( 'NONE',  ( -0.3988063169686428822, 1.416427813942202407, 9.429687499999998224 ) ) ;
#3662 = CARTESIAN_POINT ( 'NONE',  ( 0.3988063169686491549, -1.416427813942187308, 11.42656249999999929 ) ) ;
#3663 = COORDINATED_UNIVERSAL_TIME_OFFSET ( 6, 0, .BEHIND. ) ;
#3664 = LINE ( 'NONE', #1363, #2700 ) ;
#3665 = EDGE_CURVE ( 'NONE', #7391, #5918, #4512, .T. ) ;
#3666 = AXIS2_PLACEMENT_3D ( 'NONE', #3825, #2068, #4413 ) ;
#3667 = EDGE_CURVE ( 'NONE', #1586, #4790, #3886, .T. ) ;
#3668 = EDGE_LOOP ( 'NONE', ( #3699 ) ) ;
#3669 = EDGE_CURVE ( 'NONE', #1264, #3852, #3514, .T. ) ;
#3670 = DIRECTION ( 'NONE',  ( 0.3091869594143225042, -0.9510012745144593715, 0.000000000000000000 ) ) ;
#3671 = EDGE_CURVE ( 'NONE', #443, #3102, #212, .T. ) ;
#3672 = ORIENTED_EDGE ( 'NONE', *, *, #5855, .T. ) ;
#3673 = LINE ( 'NONE', #7129, #5192 ) ;
#3674 = DIRECTION ( 'NONE',  ( 1.000000000000000000, 0.000000000000000000, 0.000000000000000000 ) ) ;
#3675 = CARTESIAN_POINT ( 'NONE',  ( -11.95473229169787288, 7.004984823391997573, 12.00000000000000000 ) ) ;
#3676 = CARTESIAN_POINT ( 'NONE',  ( 4.605735531137175265, 3.006193642668492316, -6.000000000000007105 ) ) ;
#3677 = CIRCLE ( 'NONE', #4692, 13.56987298107781648 ) ;
#3678 = VERTEX_POINT ( 'NONE', #7127 ) ;
#3679 = CARTESIAN_POINT ( 'NONE',  ( 0.2361503771250646755, 0.9281453293749931666, 10.98124999999999751 ) ) ;
#3680 = EDGE_CURVE ( 'NONE', #747, #5651, #106, .T. ) ;
#3681 = EDGE_CURVE ( 'NONE', #1863, #4885, #87, .T. ) ;
#3682 = CARTESIAN_POINT ( 'NONE',  ( -0.9218726222051398800, -0.2595604389839062942, 11.52499999999999680 ) ) ;
#3683 = CARTESIAN_POINT ( 'NONE',  ( -0.7720153328867996878, -0.7918038455725918690, 8.862499999999998934 ) ) ;
#3684 = CIRCLE ( 'NONE', #5805, 1.352549999999997921 ) ;
#3685 = PLANE ( 'NONE',  #266 ) ;
#3686 = CARTESIAN_POINT ( 'NONE',  ( 1.147023408217124896, -0.2918400834965618196, 8.523653810567678235 ) ) ;
#3687 = CARTESIAN_POINT ( 'NONE',  ( 3.319663049748540207, 10.80476900687347275, -2.798447154985536756 ) ) ;
#3688 = PLANE ( 'NONE',  #373 ) ;
#3689 = EDGE_LOOP ( 'NONE', ( #5252 ) ) ;
#3690 = CARTESIAN_POINT ( 'NONE',  ( -0.2361503771250582917, -0.9281453293749780675, 12.10624999999999751 ) ) ;
#3691 = AXIS2_PLACEMENT_3D ( 'NONE', #1429, #2059, #6754 ) ;
#3692 = ORIENTED_EDGE ( 'NONE', *, *, #5428, .F. ) ;
#3693 = DIRECTION ( 'NONE',  ( -0.000000000000000000, 0.000000000000000000, 1.000000000000000000 ) ) ;
#3694 = CARTESIAN_POINT ( 'NONE',  ( 0.7720153328868070153, 0.7918038455726068570, 8.637499999999999289 ) ) ;
#3695 = CARTESIAN_POINT ( 'NONE',  ( 10.93636137628851124, -3.047783749619087601, -2.712420392444184980 ) ) ;
#3696 = ADVANCED_FACE ( 'NONE', ( #2847, #5046 ), #1078, .F. ) ;
#3697 = CARTESIAN_POINT ( 'NONE',  ( 0.9095241431766808438, 0.5516785632267822148, 13.97918394642178441 ) ) ;
#3698 = CARTESIAN_POINT ( 'NONE',  ( -13.12297177586661157, -0.09416272275137679837, -5.166685368251623167 ) ) ;
#3699 = ORIENTED_EDGE ( 'NONE', *, *, #6999, .F. ) ;
#3700 = VERTEX_POINT ( 'NONE', #7535 ) ;
#3701 = CARTESIAN_POINT ( 'NONE',  ( -3.121436814857028619, -6.232706652077828480, 16.00000000000000000 ) ) ;
#3702 = CARTESIAN_POINT ( 'NONE',  ( 0.3988063169686494325, -1.416427813942187308, 9.654687499999996092 ) ) ;
#3703 = CARTESIAN_POINT ( 'NONE',  ( 1.226662469500802377, 0.3453764016845634610, 13.78906249999999822 ) ) ;
#3704 = AXIS2_PLACEMENT_3D ( 'NONE', #4171, #6535, #1245 ) ;
#3705 = DIRECTION ( 'NONE',  ( 0.000000000000000000, 0.000000000000000000, 1.000000000000000000 ) ) ;
#3706 = SHAPE_DEFINITION_REPRESENTATION ( #5096, #1851 ) ;
#3707 = DIRECTION ( 'NONE',  ( 0.7071067811865492381, 0.7071067811865459074, -0.000000000000000000 ) ) ;
#3708 = ORIENTED_EDGE ( 'NONE', *, *, #6848, .T. ) ;
#3709 = AXIS2_PLACEMENT_3D ( 'NONE', #7394, #7281, #3792 ) ;
#3710 = EDGE_CURVE ( 'NONE', #254, #1699, #2424, .T. ) ;
#3711 = ORIENTED_EDGE ( 'NONE', *, *, #5941, .F. ) ;
#3712 = CARTESIAN_POINT ( 'NONE',  ( -0.09416272275123327429, 13.12297177586660624, -5.166685368251618726 ) ) ;
#3713 = DIRECTION ( 'NONE',  ( 0.7071067811865433539, -0.7071067811865517916, 0.000000000000000000 ) ) ;
#3714 = EDGE_LOOP ( 'NONE', ( #3826, #7014, #4352, #2057 ) ) ;
#3715 =( BOUNDED_CURVE ( )  B_SPLINE_CURVE ( 3, ( #3550, #5955, #7046, #1142 ),
 .UNSPECIFIED., .F., .F. ) 
 B_SPLINE_CURVE_WITH_KNOTS ( ( 4, 4 ),
 ( 1.570171579932870154, 1.608548252332374640 ),
 .UNSPECIFIED. ) 
 CURVE ( )  GEOMETRIC_REPRESENTATION_ITEM ( )  RATIONAL_B_SPLINE_CURVE ( ( 1.000000000000000000, 0.9998772730169580569, 0.9998772730169580569, 1.000000000000000000 ) ) 
 REPRESENTATION_ITEM ( '' )  );
#3716 = CARTESIAN_POINT ( 'NONE',  ( -4.618912597417231147, 4.349212160543609151, -6.000000000000007105 ) ) ;
#3717 = DIRECTION ( 'NONE',  ( 2.565753199199158405E-18, 2.902514036010829075E-16, -1.000000000000000000 ) ) ;
#3718 = CARTESIAN_POINT ( 'NONE',  ( -12.94404492715472799, 0.2029595715829318470, -5.833402939700345513 ) ) ;
#3719 = EDGE_LOOP ( 'NONE', ( #7120, #2604, #7634, #3178 ) ) ;
#3720 = CARTESIAN_POINT ( 'NONE',  ( -1.624517322911191775, 11.28365824843881349, -3.500000000000004885 ) ) ;
#3721 = VECTOR ( 'NONE', #2658, 1000.000000000000000 ) ;
#3722 = PRODUCT_DEFINITION ( 'UNKNOWN', '', #5224, #1987 ) ;
#3723 = CARTESIAN_POINT ( 'NONE',  ( -0.2997145786366768871, 1.064486813177379032, 10.96249999999999858 ) ) ;
#3724 = CARTESIAN_POINT ( 'NONE',  ( 0.7720153328868069043, 0.7918038455726068570, 9.987499999999998934 ) ) ;
#3725 = FACE_OUTER_BOUND ( 'NONE', #4415, .T. ) ;
#3726 = CARTESIAN_POINT ( 'NONE',  ( -10.20304932535683484, 3.835072941201428609, -3.000000000000007105 ) ) ;
#3727 = CARTESIAN_POINT ( 'NONE',  ( -0.1147417986137888174, -13.89952640630791691, -5.500000000000018652 ) ) ;
#3728 = DIRECTION ( 'NONE',  ( -2.565753199199158020E-18, -2.902514036010829075E-16, 1.000000000000000000 ) ) ;
#3729 = CARTESIAN_POINT ( 'NONE',  ( 0.7338970930875439169, -0.7155557677481372281, 8.170096189432317857 ) ) ;
#3730 = CARTESIAN_POINT ( 'NONE',  ( 7.371492864448625504, -10.90702677038146717, 13.90015215999016540 ) ) ;
#3731 = ORIENTED_EDGE ( 'NONE', *, *, #3539, .T. ) ;
#3732 = FACE_OUTER_BOUND ( 'NONE', #4516, .T. ) ;
#3733 = CARTESIAN_POINT ( 'NONE',  ( -0.2361503771250584027, -0.9281453293749781785, 13.45624999999999716 ) ) ;
#3734 = DIRECTION ( 'NONE',  ( 0.4991391323160822013, -0.8665218558067353527, -3.206394358760876940E-16 ) ) ;
#3735 = DIRECTION ( 'NONE',  ( 0.000000000000000000, 0.000000000000000000, 1.000000000000000000 ) ) ;
#3736 = DIRECTION ( 'NONE',  ( -0.000000000000000000, 0.000000000000000000, 1.000000000000000000 ) ) ;
#3737 = EDGE_LOOP ( 'NONE', ( #4717 ) ) ;
#3738 = VERTEX_POINT ( 'NONE', #6860 ) ;
#3739 = DIRECTION ( 'NONE',  ( 1.000000000000000000, 0.000000000000000000, 0.000000000000000000 ) ) ;
#3740 = CARTESIAN_POINT ( 'NONE',  ( 1.226662469500802377, 0.3453764016845635165, 12.46718749999999787 ) ) ;
#3741 = CARTESIAN_POINT ( 'NONE',  ( -1.027259311016472720, -1.053590308655646623, 13.15156249999999893 ) ) ;
#3742 = CARTESIAN_POINT ( 'NONE',  ( -2.909304780500978183, 6.444838686433832287, 12.00000000000000000 ) ) ;
#3743 = LINE ( 'NONE', #3061, #7267 ) ;
#3744 = ORIENTED_EDGE ( 'NONE', *, *, #3002, .T. ) ;
#3745 = EDGE_LOOP ( 'NONE', ( #207, #3526, #5455, #1396 ) ) ;
#3746 = EDGE_CURVE ( 'NONE', #3422, #2064, #2122, .T. ) ;
#3747 = DIRECTION ( 'NONE',  ( 1.000000000000000000, 2.664535259100375697E-15, 0.000000000000000000 ) ) ;
#3748 = LINE ( 'NONE', #380, #776 ) ;
#3749 = EDGE_LOOP ( 'NONE', ( #3888 ) ) ;
#3750 = CIRCLE ( 'NONE', #7217, 6.500000000000000000 ) ;
#3751 = DIRECTION ( 'NONE',  ( -0.000000000000000000, -0.000000000000000000, -1.000000000000000000 ) ) ;
#3752 = CARTESIAN_POINT ( 'NONE',  ( -9.567717250745587876, 6.198289006636038323, -2.500000000000006661 ) ) ;
#3753 = VECTOR ( 'NONE', #6350, 999.9999999999998863 ) ;
#3754 = CARTESIAN_POINT ( 'NONE',  ( -12.99022585431650612, 0.04276965762772276525, -5.666715816025878816 ) ) ;
#3755 = ORIENTED_EDGE ( 'NONE', *, *, #2730, .T. ) ;
#3756 = CARTESIAN_POINT ( 'NONE',  ( -0.9218726222051397690, -0.2595604389839061832, 9.781249999999998224 ) ) ;
#3757 = DIRECTION ( 'NONE',  ( 2.565753199199158405E-18, 2.902514036010829075E-16, -1.000000000000000000 ) ) ;
#3758 = CARTESIAN_POINT ( 'NONE',  ( 0.2997145786366833820, -1.064486813177363933, 10.73749999999999716 ) ) ;
#3759 = B_SPLINE_CURVE_WITH_KNOTS ( 'NONE', 3,
 ( #319, #2664, #5016, #2092, #1093, #1052, #1744, #4808 ),
 .UNSPECIFIED., .F., .F.,
 ( 4, 2, 2, 4 ),
 ( 0.000000000000000000, 0.0003972724776191826485, 0.0007945449552383652969, 0.001589089910476732112 ),
 .UNSPECIFIED. ) ;
#3760 = VECTOR ( 'NONE', #6343, 999.9999999999998863 ) ;
#3761 = CIRCLE ( 'NONE', #1929, 3.250000000000000000 ) ;
#3762 = CARTESIAN_POINT ( 'NONE',  ( -0.2361503771250582362, -0.9281453293749780675, 11.59999999999999787 ) ) ;
#3763 = CARTESIAN_POINT ( 'NONE',  ( 1.071729911523486622, -0.2726829676047642925, 10.81249999999999822 ) ) ;
#3764 = CARTESIAN_POINT ( 'NONE',  ( -7.066495986620751957, -8.945648912799615715, -3.500000000000011102 ) ) ;
#3765 = CIRCLE ( 'NONE', #6115, 10.89999999999999858 ) ;
#3766 = CARTESIAN_POINT ( 'NONE',  ( -0.8262526302591579608, -0.8474313685031431564, 8.823653810567677169 ) ) ;
#3767 = CARTESIAN_POINT ( 'NONE',  ( 2.450517407427171612, 11.00478369905120424, -2.835773172410415821 ) ) ;
#3768 = DIRECTION ( 'NONE',  ( -0.4991391323160949134, 0.8665218558067279142, 0.000000000000000000 ) ) ;
#3769 = CARTESIAN_POINT ( 'NONE',  ( 0.4335292576598501202, -1.023622715445454245, 8.142831419757685651 ) ) ;
#3770 = AXIS2_PLACEMENT_3D ( 'NONE', #6217, #5641, #2133 ) ;
#3771 = EDGE_CURVE ( 'NONE', #3241, #5564, #7355, .T. ) ;
#3772 = ADVANCED_FACE ( 'NONE', ( #3327 ), #4464, .T. ) ;
#3773 = EDGE_CURVE ( 'NONE', #1447, #1447, #7099, .T. ) ;
#3774 = DIRECTION ( 'NONE',  ( -0.7071067811865467956, 0.7071067811865483499, 0.000000000000000000 ) ) ;
#3775 = ORIENTED_EDGE ( 'NONE', *, *, #2276, .F. ) ;
#3776 = DIRECTION ( 'NONE',  ( -0.000000000000000000, -0.000000000000000000, 1.000000000000000000 ) ) ;
#3777 = EDGE_CURVE ( 'NONE', #6542, #1915, #2114, .T. ) ;
#3778 = DIRECTION ( 'NONE',  ( 1.000000000000000000, 0.000000000000000000, 0.000000000000000000 ) ) ;
#3779 = CARTESIAN_POINT ( 'NONE',  ( 1.495091218127919896, -7.859052248806898788, 12.00000000000000000 ) ) ;
#3780 = DIRECTION ( 'NONE',  ( -0.000000000000000000, -0.000000000000000000, 1.000000000000000000 ) ) ;
#3781 = EDGE_LOOP ( 'NONE', ( #1801, #6157, #3775, #3319 ) ) ;
#3782 = EDGE_CURVE ( 'NONE', #3219, #3219, #7232, .T. ) ;
#3783 = ORIENTED_EDGE ( 'NONE', *, *, #6720, .F. ) ;
#3784 = DIRECTION ( 'NONE',  ( 0.6828304940614040586, -0.1836913617453330982, 0.7071067811865504593 ) ) ;
#3785 = CARTESIAN_POINT ( 'NONE',  ( 1.426065627985125372, -0.3628375052865331352, 11.97968749999999716 ) ) ;
#3786 = CARTESIAN_POINT ( 'NONE',  ( 0.9124359724768872359, -0.8896326596143605547, 12.36406249999999751 ) ) ;
#3787 = DIRECTION ( 'NONE',  ( -0.3091869594143225597, 0.9510012745144593715, 0.000000000000000000 ) ) ;
#3788 = AXIS2_PLACEMENT_3D ( 'NONE', #1311, #901, #3648 ) ;
#3789 = B_SPLINE_CURVE_WITH_KNOTS ( 'NONE', 3,
 ( #2036, #3793, #5775, #4420 ),
 .UNSPECIFIED., .F., .F.,
 ( 4, 4 ),
 ( 1.011508913927958833E-17, 0.0005568752339313379207 ),
 .UNSPECIFIED. ) ;
#3790 = ORIENTED_EDGE ( 'NONE', *, *, #5959, .T. ) ;
#3791 = LINE ( 'NONE', #7240, #6483 ) ;
#3792 = DIRECTION ( 'NONE',  ( 0.7071067811865491270, -0.7071067811865459074, 0.000000000000000000 ) ) ;
#3793 = CARTESIAN_POINT ( 'NONE',  ( 0.7713311775382941660, -0.6361449810557169293, 13.99999999999999822 ) ) ;
#3794 = CARTESIAN_POINT ( 'NONE',  ( 0.9218726222051469854, 0.2595604389839208936, 8.656249999999996447 ) ) ;
#3795 = EDGE_CURVE ( 'NONE', #6554, #3827, #594, .T. ) ;
#3796 = CARTESIAN_POINT ( 'NONE',  ( 5.500000000000000000, 0.000000000000000000, 9.866025403784400183 ) ) ;
#3797 = DIRECTION ( 'NONE',  ( -0.000000000000000000, -0.000000000000000000, 1.000000000000000000 ) ) ;
#3798 = AXIS2_PLACEMENT_3D ( 'NONE', #1030, #5611, #5735 ) ;
#3799 = ORIENTED_EDGE ( 'NONE', *, *, #2625, .F. ) ;
#3800 = CARTESIAN_POINT ( 'NONE',  ( 0.9218726222051468744, 0.2595604389839208381, 10.00624999999999787 ) ) ;
#3801 = CARTESIAN_POINT ( 'NONE',  ( -2.037652053894123175E-16, -8.302780640623127022E-15, -3.500000000000008438 ) ) ;
#3802 = CARTESIAN_POINT ( 'NONE',  ( -0.7720153328868000209, -0.7918038455725919800, 12.01249999999999751 ) ) ;
#3803 = CARTESIAN_POINT ( 'NONE',  ( 0.2997145786366833264, -1.064486813177364155, 11.63749999999999929 ) ) ;
#3804 = DIRECTION ( 'NONE',  ( -0.2597788150710230726, -0.9656681455035655004, -2.809530629711171502E-16 ) ) ;
#3805 = FACE_OUTER_BOUND ( 'NONE', #7277, .T. ) ;
#3806 = AXIS2_PLACEMENT_3D ( 'NONE', #3500, #6995, #7036 ) ;
#3807 = CARTESIAN_POINT ( 'NONE',  ( 7.859052248806893459, -1.495091218127946320, 15.69999999999999218 ) ) ;
#3808 = ORIENTED_EDGE ( 'NONE', *, *, #2235, .F. ) ;
#3809 = AXIS2_PLACEMENT_3D ( 'NONE', #3491, #2314, #585 ) ;
#3810 = CARTESIAN_POINT ( 'NONE',  ( -11.28365824843880283, -1.624517322911318784, -3.500000000000009326 ) ) ;
#3811 = CARTESIAN_POINT ( 'NONE',  ( -1.121318413595980390, -5.894289186605166542, 12.00000000000000000 ) ) ;
#3812 = ORIENTED_EDGE ( 'NONE', *, *, #7022, .F. ) ;
#3813 = DIRECTION ( 'NONE',  ( 2.565753199199158405E-18, 2.902514036010829075E-16, -1.000000000000000000 ) ) ;
#3814 = CARTESIAN_POINT ( 'NONE',  ( 5.794008873021389228, -1.558672890426155089, -3.000000000000008882 ) ) ;
#3815 = DIRECTION ( 'NONE',  ( -0.3091869594143225042, 0.9510012745144592605, 0.000000000000000000 ) ) ;
#3816 = DIRECTION ( 'NONE',  ( -0.000000000000000000, -0.000000000000000000, 1.000000000000000000 ) ) ;
#3817 = AXIS2_PLACEMENT_3D ( 'NONE', #6363, #5903, #1776 ) ;
#3818 = CARTESIAN_POINT ( 'NONE',  ( -10.66511182593023577, -5.715364357624369340, 12.00000000000000000 ) ) ;
#3819 = EDGE_CURVE ( 'NONE', #5661, #3608, #5549, .T. ) ;
#3820 = ORIENTED_EDGE ( 'NONE', *, *, #1197, .F. ) ;
#3821 = VECTOR ( 'NONE', #3477, 1000.000000000000000 ) ;
#3822 = CARTESIAN_POINT ( 'NONE',  ( 0.5613880118889413851, -11.38616895624281611, -4.500000000000011546 ) ) ;
#3823 = CARTESIAN_POINT ( 'NONE',  ( 0.3988063169686491549, -1.416427813942187308, 11.90468749999999787 ) ) ;
#3824 = CARTESIAN_POINT ( 'NONE',  ( -0.3142264970239115329, -1.235009061298917077, 12.73906249999999929 ) ) ;
#3825 = CARTESIAN_POINT ( 'NONE',  ( -13.89952640630790803, 0.1147417986137331813, -2.500000000000008438 ) ) ;
#3826 = ORIENTED_EDGE ( 'NONE', *, *, #6998, .T. ) ;
#3827 = VERTEX_POINT ( 'NONE', #3720 ) ;
#3828 = CARTESIAN_POINT ( 'NONE',  ( -6.717514421272220204, 6.717514421272190006, 12.00000000000000000 ) ) ;
#3829 = VECTOR ( 'NONE', #1578, 1000.000000000000114 ) ;
#3830 = CARTESIAN_POINT ( 'NONE',  ( -6.444838686433802089, -2.909304780501045684, 13.00000000000000178 ) ) ;
#3831 = ORIENTED_EDGE ( 'NONE', *, *, #5565, .F. ) ;
#3832 = CARTESIAN_POINT ( 'NONE',  ( -6.444838686433802089, 2.909304780501044796, -5.729735577732628649 ) ) ;
#3833 = CARTESIAN_POINT ( 'NONE',  ( -0.2361503771250579031, -0.9281453293749778455, 8.506249999999997868 ) ) ;
#3834 = AXIS2_PLACEMENT_3D ( 'NONE', #5090, #6286, #1943 ) ;
#3835 = CARTESIAN_POINT ( 'NONE',  ( 5.500000000000000000, 0.000000000000000000, 11.00000000000000000 ) ) ;
#3836 = CARTESIAN_POINT ( 'NONE',  ( -13.03343818998276049, -0.1182485631700205542, -5.500000000000007105 ) ) ;
#3837 = VERTEX_POINT ( 'NONE', #7172 ) ;
#3838 = CARTESIAN_POINT ( 'NONE',  ( 0.7720153328868067932, 0.7918038455726065239, 11.39375000000000071 ) ) ;
#3839 = CARTESIAN_POINT ( 'NONE',  ( -0.9218726222051398800, -0.2595604389839062942, 11.07499999999999574 ) ) ;
#3840 = AXIS2_PLACEMENT_3D ( 'NONE', #7460, #7417, #1053 ) ;
#3841 = CARTESIAN_POINT ( 'NONE',  ( -0.9124359724768809077, 0.8896326596143754317, 8.567187499999997513 ) ) ;
#3842 = CARTESIAN_POINT ( 'NONE',  ( 0.6857222450800846136, -0.6685848903910641683, 12.12499999999999645 ) ) ;
#3843 = FACE_OUTER_BOUND ( 'NONE', #2673, .T. ) ;
#3844 = EDGE_CURVE ( 'NONE', #6087, #7474, #6703, .T. ) ;
#3845 = DIRECTION ( 'NONE',  ( -0.9656681455035655004, 0.2597788150710230726, 7.292349956650012203E-17 ) ) ;
#3846 = CARTESIAN_POINT ( 'NONE',  ( -7.607243831355219754, -11.14277773728793264, 13.00000000000000355 ) ) ;
#3847 = CARTESIAN_POINT ( 'NONE',  ( -7.859052248806893459, -1.495091218127947430, 15.69999999999999218 ) ) ;
#3848 = PLANE ( 'NONE',  #995 ) ;
#3849 = VECTOR ( 'NONE', #3717, 1000.000000000000000 ) ;
#3850 = CARTESIAN_POINT ( 'NONE',  ( 11.14277773728795928, -7.607243831355181563, 13.00000000000000178 ) ) ;
#3851 = CARTESIAN_POINT ( 'NONE',  ( 10.26858420573996078, 7.016205697400484276, 15.90022110176778725 ) ) ;
#3852 = VERTEX_POINT ( 'NONE', #2504 ) ;
#3853 = EDGE_CURVE ( 'NONE', #4710, #6082, #6862, .T. ) ;
#3854 = DIRECTION ( 'NONE',  ( -0.9656681455035648343, 0.2597788150710256816, 7.292349956650084926E-17 ) ) ;
#3855 = CARTESIAN_POINT ( 'NONE',  ( -0.3207707779579567764, 1.139271451999727347, 12.27365381056768001 ) ) ;
#3856 = CARTESIAN_POINT ( 'NONE',  ( -0.3622621998210803218, -12.89491241143502442, -6.000000000000011546 ) ) ;
#3857 = DIRECTION ( 'NONE',  ( 0.3091869594143225042, -0.9510012745144593715, 0.000000000000000000 ) ) ;
#3858 = CARTESIAN_POINT ( 'NONE',  ( 1.426065627985125372, -0.3628375052865330797, 9.701562499999999645 ) ) ;
#3859 = VERTEX_POINT ( 'NONE', #7290 ) ;
#3860 = CARTESIAN_POINT ( 'NONE',  ( 0.3142264970239178612, 1.235009061298932176, 11.64218749999999680 ) ) ;
#3861 = CARTESIAN_POINT ( 'NONE',  ( 1.027259311016479604, 1.053590308655661278, 12.92656249999999751 ) ) ;
#3862 = EDGE_CURVE ( 'NONE', #7084, #1937, #5886, .T. ) ;
#3863 = CARTESIAN_POINT ( 'NONE',  ( 0.9597890472399016604, -0.2416994619910979303, 13.99999999999999822 ) ) ;
#3864 = ORIENTED_EDGE ( 'NONE', *, *, #4161, .F. ) ;
#3865 = EDGE_CURVE ( 'NONE', #5727, #3504, #4148, .T. ) ;
#3866 = ORIENTED_EDGE ( 'NONE', *, *, #6358, .F. ) ;
#3867 = CARTESIAN_POINT ( 'NONE',  ( 0.000000000000000000, 0.000000000000000000, 12.00000000000000000 ) ) ;
#3868 = ADVANCED_FACE ( 'NONE', ( #6667, #5512 ), #235, .F. ) ;
#3869 = CYLINDRICAL_SURFACE ( 'NONE', #899, 1.000000000000000000 ) ;
#3870 = VERTEX_POINT ( 'NONE', #7328 ) ;
#3871 = CARTESIAN_POINT ( 'NONE',  ( 0.9218726222051468744, 0.2595604389839208381, 9.556249999999996803 ) ) ;
#3872 = CARTESIAN_POINT ( 'NONE',  ( 0.2662732854477986577, 0.9898098491411528865, 7.749999999999998224 ) ) ;
#3873 = CARTESIAN_POINT ( 'NONE',  ( -0.2361503771250579586, -0.9281453293749779565, 8.956249999999998934 ) ) ;
#3874 = ORIENTED_EDGE ( 'NONE', *, *, #674, .F. ) ;
#3875 = CARTESIAN_POINT ( 'NONE',  ( 4.065753027381878725E-16, -2.024594466550937630E-15, 13.99999999999999822 ) ) ;
#3876 = CARTESIAN_POINT ( 'NONE',  ( -1.071729911523480405, 0.2726829676047791140, 13.73749999999999716 ) ) ;
#3877 = CARTESIAN_POINT ( 'NONE',  ( 0.2997145786366832154, -1.064486813177364155, 12.08749999999999680 ) ) ;
#3878 = VECTOR ( 'NONE', #1483, 1000.000000000000000 ) ;
#3879 = LINE ( 'NONE', #7369, #2595 ) ;
#3880 = DIRECTION ( 'NONE',  ( 0.000000000000000000, 0.000000000000000000, 1.000000000000000000 ) ) ;
#3881 = FACE_BOUND ( 'NONE', #347, .T. ) ;
#3882 = DIRECTION ( 'NONE',  ( -0.4991391323160827009, 0.8665218558067349086, 2.891205793294678819E-16 ) ) ;
#3883 = DIRECTION ( 'NONE',  ( 2.565753199199158405E-18, 2.902514036010829075E-16, -1.000000000000000000 ) ) ;
#3884 = CARTESIAN_POINT ( 'NONE',  ( 0.2997145786366831599, -1.064486813177364155, 12.59374999999999645 ) ) ;
#3885 = TOROIDAL_SURFACE ( 'NONE', #211, 10.90000000000000036, 0.5000000000000000000 ) ;
#3886 = CIRCLE ( 'NONE', #586, 1.999999999999992673 ) ;
#3887 = PLANE ( 'NONE',  #3271 ) ;
#3888 = ORIENTED_EDGE ( 'NONE', *, *, #3119, .T. ) ;
#3889 = FACE_OUTER_BOUND ( 'NONE', #4174, .T. ) ;
#3890 = EDGE_CURVE ( 'NONE', #4559, #2994, #6612, .T. ) ;
#3891 = CARTESIAN_POINT ( 'NONE',  ( 0.9866380192381446479, 0.2777956425032975796, 11.71115381056767824 ) ) ;
#3892 = CARTESIAN_POINT ( 'NONE',  ( 0.6857222450800846136, -0.6685848903910641683, 12.57499999999999574 ) ) ;
#3893 = VECTOR ( 'NONE', #197, 1000.000000000000000 ) ;
#3894 = DIRECTION ( 'NONE',  ( 0.9656681455035655004, -0.2597788150710230726, -7.292349956650012203E-17 ) ) ;
#3895 = CARTESIAN_POINT ( 'NONE',  ( 6.567253710449938886, 2.893298930733136487, -3.500000000000007550 ) ) ;
#3896 = EDGE_CURVE ( 'NONE', #306, #306, #6497, .T. ) ;
#3897 = ORIENTED_EDGE ( 'NONE', *, *, #767, .T. ) ;
#3898 = CARTESIAN_POINT ( 'NONE',  ( -0.3988063169686428266, 1.416427813942202407, 8.951562499999999645 ) ) ;
#3899 = ORIENTED_EDGE ( 'NONE', *, *, #2419, .T. ) ;
#3900 = DIRECTION ( 'NONE',  ( -0.000000000000000000, -0.000000000000000000, -1.000000000000000000 ) ) ;
#3901 = CARTESIAN_POINT ( 'NONE',  ( 0.7720153328868066822, 0.7918038455726066349, 12.29374999999999751 ) ) ;
#3902 = CARTESIAN_POINT ( 'NONE',  ( 0.9218726222051468744, 0.2595604389839208381, 10.00624999999999787 ) ) ;
#3903 = VERTEX_POINT ( 'NONE', #2270 ) ;
#3904 = ORIENTED_EDGE ( 'NONE', *, *, #1461, .T. ) ;
#3905 = CARTESIAN_POINT ( 'NONE',  ( 4.618912597417258681, -4.349212160543602934, -6.000000000000008882 ) ) ;
#3906 = ORIENTED_EDGE ( 'NONE', *, *, #2973, .F. ) ;
#3907 = TOROIDAL_SURFACE ( 'NONE', #5902, 10.90000000000000036, 0.5000000000000000000 ) ;
#3908 = CARTESIAN_POINT ( 'NONE',  ( 1.079081276367249403E-14, 11.39999999999997726, 9.999999999999994671 ) ) ;
#3909 = EDGE_CURVE ( 'NONE', #1064, #3558, #4539, .T. ) ;
#3910 = CARTESIAN_POINT ( 'NONE',  ( -0.7720153328867996878, -0.7918038455725918690, 10.26874999999999893 ) ) ;
#3911 = ORIENTED_EDGE ( 'NONE', *, *, #1934, .T. ) ;
#3912 = EDGE_CURVE ( 'NONE', #2901, #6918, #1040, .T. ) ;
#3913 = CARTESIAN_POINT ( 'NONE',  ( -0.9124359724768807967, 0.8896326596143754317, 7.667187499999997158 ) ) ;
#3914 = CARTESIAN_POINT ( 'NONE',  ( -0.2361503771250582639, -0.9281453293749780675, 12.04999999999999716 ) ) ;
#3915 = CARTESIAN_POINT ( 'NONE',  ( 2.893298930733121388, -6.567253710449954873, -4.500000000000009770 ) ) ;
#3916 = CARTESIAN_POINT ( 'NONE',  ( 0.2997145786366831599, -1.064486813177364155, 13.04374999999999751 ) ) ;
#3917 = CARTESIAN_POINT ( 'NONE',  ( 2.893298930733121388, -6.567253710449954873, -3.500000000000010214 ) ) ;
#3918 = FACE_OUTER_BOUND ( 'NONE', #1015, .T. ) ;
#3919 = VECTOR ( 'NONE', #3945, 1000.000000000000000 ) ;
#3920 = CARTESIAN_POINT ( 'NONE',  ( -6.820306172013432366, -10.35584007794614791, 15.70000000000000284 ) ) ;
#3921 = CARTESIAN_POINT ( 'NONE',  ( 0.3207707779579631602, -1.139271451999712692, 9.932596189432320699 ) ) ;
#3922 =( BOUNDED_CURVE ( )  B_SPLINE_CURVE ( 3, ( #7162, #724, #3065, #768 ),
 .UNSPECIFIED., .F., .T. ) 
 B_SPLINE_CURVE_WITH_KNOTS ( ( 4, 4 ),
 ( 4.511613712429119794, 4.534459975151713174 ),
 .UNSPECIFIED. ) 
 CURVE ( )  GEOMETRIC_REPRESENTATION_ITEM ( )  RATIONAL_B_SPLINE_CURVE ( ( 1.000000000000000000, 0.9999565044962738236, 0.9999565044962738236, 1.000000000000000000 ) ) 
 REPRESENTATION_ITEM ( '' )  );
#3923 = EDGE_LOOP ( 'NONE', ( #2172, #4497, #5570, #6891 ) ) ;
#3924 = CARTESIAN_POINT ( 'NONE',  ( -0.7720153328868002429, -0.7918038455725920910, 13.86874999999999858 ) ) ;
#3925 = LINE ( 'NONE', #359, #7362 ) ;
#3926 = CARTESIAN_POINT ( 'NONE',  ( 0.000000000000000000, 0.000000000000000000, 9.866025403784400183 ) ) ;
#3927 = ORIENTED_EDGE ( 'NONE', *, *, #3510, .T. ) ;
#3928 = CARTESIAN_POINT ( 'NONE',  ( -4.839538808873404818, 0.7444734902080867300, -2.800538006243836975 ) ) ;
#3929 = CARTESIAN_POINT ( 'NONE',  ( -0.2527409261505975668, -0.9933514102514282573, 12.91115381056767575 ) ) ;
#3930 = VECTOR ( 'NONE', #600, 1000.000000000000000 ) ;
#3931 = VERTEX_POINT ( 'NONE', #6974 ) ;
#3932 = CARTESIAN_POINT ( 'NONE',  ( -1.071729911523480405, 0.2726829676047791140, 13.73749999999999716 ) ) ;
#3933 = EDGE_LOOP ( 'NONE', ( #2942, #2254, #7317, #4332 ) ) ;
#3934 = DIRECTION ( 'NONE',  ( -0.000000000000000000, 0.000000000000000000, 1.000000000000000000 ) ) ;
#3935 = CARTESIAN_POINT ( 'NONE',  ( 0.7720153328868067932, 0.7918038455726068570, 10.49375000000000036 ) ) ;
#3936 = CARTESIAN_POINT ( 'NONE',  ( -1.071729911523479961, 0.2726829676047792805, 10.19374999999999787 ) ) ;
#3937 = AXIS2_PLACEMENT_3D ( 'NONE', #505, #5290, #3456 ) ;
#3938 = CARTESIAN_POINT ( 'NONE',  ( 0.6632904510111239382, -11.00737001768232126, -3.000000000000017764 ) ) ;
#3939 = ORIENTED_EDGE ( 'NONE', *, *, #7269, .T. ) ;
#3940 = AXIS2_PLACEMENT_3D ( 'NONE', #4347, #342, #848 ) ;
#3941 = ORIENTED_EDGE ( 'NONE', *, *, #1306, .F. ) ;
#3942 = FACE_OUTER_BOUND ( 'NONE', #6660, .T. ) ;
#3943 = ORIENTED_EDGE ( 'NONE', *, *, #2081, .T. ) ;
#3944 = EDGE_CURVE ( 'NONE', #5392, #6739, #2232, .T. ) ;
#3945 = DIRECTION ( 'NONE',  ( -0.000000000000000000, -0.000000000000000000, 1.000000000000000000 ) ) ;
#3946 = VERTEX_POINT ( 'NONE', #1607 ) ;
#3947 = CARTESIAN_POINT ( 'NONE',  ( 0.1147417986138855595, 13.89952640630789915, -4.500000000000003553 ) ) ;
#3948 = CARTESIAN_POINT ( 'NONE',  ( -0.9218726222051397690, -0.2595604389839061832, 9.331249999999997158 ) ) ;
#3949 = CARTESIAN_POINT ( 'NONE',  ( -0.8262526302591580718, -0.8474313685031431564, 10.75759618943231999 ) ) ;
#3950 = ADVANCED_FACE ( 'NONE', ( #2765, #5862 ), #4028, .F. ) ;
#3951 = CARTESIAN_POINT ( 'NONE',  ( 1.121318413595939090, -5.894289186605174535, -5.729735577732628649 ) ) ;
#3952 = CARTESIAN_POINT ( 'NONE',  ( 0.7720153328868065712, 0.7918038455726065239, 13.58749999999999858 ) ) ;
#3953 = CARTESIAN_POINT ( 'NONE',  ( 0.9218726222051465413, 0.2595604389839207271, 12.19999999999999574 ) ) ;
#3954 = B_SPLINE_CURVE_WITH_KNOTS ( 'NONE', 3,
 ( #2460, #3181, #4812, #3637, #6009, #732, #5434, #152 ),
 .UNSPECIFIED., .F., .F.,
 ( 4, 2, 2, 4 ),
 ( 0.000000000000000000, 0.0003972724776191829737, 0.0007945449552383659474, 0.001589089910476734063 ),
 .UNSPECIFIED. ) ;
#3955 = CARTESIAN_POINT ( 'NONE',  ( -2.063309585886114755E-16, -8.593032044224210867E-15, -2.500000000000008438 ) ) ;
#3956 = CARTESIAN_POINT ( 'NONE',  ( 10.55125424267068901, -3.617369471206570708, -2.935182483687552413 ) ) ;
#3957 = AXIS2_PLACEMENT_3D ( 'NONE', #3727, #2049, #5444 ) ;
#3958 = EDGE_CURVE ( 'NONE', #3235, #3104, #5241, .T. ) ;
#3959 = CARTESIAN_POINT ( 'NONE',  ( -6.874418817138667315, -12.08107470081076684, -2.500000000000011546 ) ) ;
#3960 = FACE_OUTER_BOUND ( 'NONE', #2645, .T. ) ;
#3961 = CIRCLE ( 'NONE', #406, 11.40000000000000036 ) ;
#3962 = EDGE_LOOP ( 'NONE', ( #5077 ) ) ;
#3963 = AXIS2_PLACEMENT_3D ( 'NONE', #1433, #3618, #3167 ) ;
#3964 = CARTESIAN_POINT ( 'NONE',  ( -0.6857222450800786184, 0.6685848903910791563, 12.40624999999999645 ) ) ;
#3965 = APPROVAL ( #5424, 'UNSPECIFIED' ) ;
#3966 = CARTESIAN_POINT ( 'NONE',  ( -6.717514421272260172, -6.717514421272150038, 8.464466094067258695 ) ) ;
#3967 = DIRECTION ( 'NONE',  ( -0.000000000000000000, -0.000000000000000000, 1.000000000000000000 ) ) ;
#3968 = ORIENTED_EDGE ( 'NONE', *, *, #2985, .T. ) ;
#3969 = DIRECTION ( 'NONE',  ( -0.7071067811865459074, -0.7071067811865493491, 0.000000000000000000 ) ) ;
#3970 = CARTESIAN_POINT ( 'NONE',  ( -0.8262526302591584049, -0.8474313685031432675, 11.97365381056767930 ) ) ;
#3971 = CARTESIAN_POINT ( 'NONE',  ( -1.071729911523480183, 0.2726829676047791695, 12.83749999999999858 ) ) ;
#3972 = CARTESIAN_POINT ( 'NONE',  ( 0.000000000000000000, 0.000000000000000000, 15.70000000000000284 ) ) ;
#3973 = ORIENTED_EDGE ( 'NONE', *, *, #3853, .F. ) ;
#3974 = VECTOR ( 'NONE', #4932, 1000.000000000000000 ) ;
#3975 = CARTESIAN_POINT ( 'NONE',  ( -0.2997145786366771647, 1.064486813177378588, 13.66249999999999787 ) ) ;
#3976 = VERTEX_POINT ( 'NONE', #1114 ) ;
#3977 = CARTESIAN_POINT ( 'NONE',  ( -6.198289006636020559, -9.567717250745934265, -2.635821127863693381 ) ) ;
#3978 = CARTESIAN_POINT ( 'NONE',  ( 0.7720153328868067932, 0.7918038455726068570, 10.94374999999999787 ) ) ;
#3979 = CARTESIAN_POINT ( 'NONE',  ( 1.071729911523486845, -0.2726829676047642370, 9.518749999999998934 ) ) ;
#3980 = DIRECTION ( 'NONE',  ( 0.4991391323160825899, -0.8665218558067350196, -2.891205793294678819E-16 ) ) ;
#3981 = ADVANCED_FACE ( 'NONE', ( #3367, #3449 ), #578, .T. ) ;
#3982 = VERTEX_POINT ( 'NONE', #7605 ) ;
#3983 = B_SPLINE_CURVE_WITH_KNOTS ( 'NONE', 3,
 ( #334, #1518, #3863, #5656 ),
 .UNSPECIFIED., .F., .F.,
 ( 4, 4 ),
 ( 0.000000000000000000, 0.0007480589644917845201 ),
 .UNSPECIFIED. ) ;
#3984 = EDGE_LOOP ( 'NONE', ( #5892, #3831, #4535, #3039 ) ) ;
#3985 = CARTESIAN_POINT ( 'NONE',  ( 7.225053840674769745, 11.44838830364338378, -3.622477049783454195 ) ) ;
#3986 = CARTESIAN_POINT ( 'NONE',  ( -0.1147417986137888174, -13.89952640630791691, -2.500000000000012434 ) ) ;
#3987 = ORIENTED_EDGE ( 'NONE', *, *, #917, .F. ) ;
#3988 = VERTEX_POINT ( 'NONE', #2955 ) ;
#3989 = CARTESIAN_POINT ( 'NONE',  ( -1.782663713435236330, -4.559552315680506673, -2.799950667394374815 ) ) ;
#3990 = CARTESIAN_POINT ( 'NONE',  ( -0.7720153328867996878, -0.7918038455725918690, 8.918749999999999289 ) ) ;
#3991 = CARTESIAN_POINT ( 'NONE',  ( -0.2527409261505974003, -0.9933514102514280353, 11.24509618943231892 ) ) ;
#3992 = CARTESIAN_POINT ( 'NONE',  ( 0.2361503771250645645, 0.9281453293749930555, 11.82499999999999751 ) ) ;
#3993 = EDGE_CURVE ( 'NONE', #1602, #6503, #4519, .T. ) ;
#3994 = CARTESIAN_POINT ( 'NONE',  ( 4.832046233295354654, 4.489023189881756082, -3.000000000000006217 ) ) ;
#3995 = CARTESIAN_POINT ( 'NONE',  ( 0.3988063169686495435, -1.416427813942187308, 8.304687499999998224 ) ) ;
#3996 = CARTESIAN_POINT ( 'NONE',  ( 0.6857222450800845026, -0.6685848903910642793, 13.47499999999999787 ) ) ;
#3997 = B_SPLINE_CURVE_WITH_KNOTS ( 'NONE', 3,
 ( #6899, #6323, #5787, #5324, #5244, #6476, #5747, #6437, #4704, #7608 ),
 .UNSPECIFIED., .F., .F.,
 ( 4, 2, 2, 2, 4 ),
 ( 4.336808689942017736E-19, 0.0004045763957021413794, 0.0008091527914042823252, 0.001213729187106423217, 0.001618305582808564217 ),
 .UNSPECIFIED. ) ;
#3998 = FACE_OUTER_BOUND ( 'NONE', #6466, .T. ) ;
#3999 = LINE ( 'NONE', #2888, #7569 ) ;
#4000 = CARTESIAN_POINT ( 'NONE',  ( -0.5794548062965001467, -2.277439818625251799, 14.00000000000000000 ) ) ;
#4001 = CARTESIAN_POINT ( 'NONE',  ( -0.9866380192381379866, -0.2777956425032830357, 9.820096189432318212 ) ) ;
#4002 = ORIENTED_EDGE ( 'NONE', *, *, #3819, .T. ) ;
#4003 = CARTESIAN_POINT ( 'NONE',  ( 0.6857222450800850577, -0.6685848903910640573, 8.524999999999998579 ) ) ;
#4004 = CARTESIAN_POINT ( 'NONE',  ( 0.7720153328868065712, 0.7918038455726065239, 13.64374999999999716 ) ) ;
#4005 = AXIS2_PLACEMENT_3D ( 'NONE', #6688, #295, #1949 ) ;
#4006 = DIRECTION ( 'NONE',  ( 2.565753199199158405E-18, 2.902514036010829075E-16, -1.000000000000000000 ) ) ;
#4007 = PLANE ( 'NONE',  #7064 ) ;
#4008 = ORIENTED_EDGE ( 'NONE', *, *, #4918, .F. ) ;
#4009 = DIRECTION ( 'NONE',  ( 0.2597788150710232946, 0.9656681455035653894, 0.000000000000000000 ) ) ;
#4010 = CARTESIAN_POINT ( 'NONE',  ( 0.8262526302591649552, 0.8474313685031579224, 12.64865381056767646 ) ) ;
#4011 = DIRECTION ( 'NONE',  ( 0.4991391323160827009, -0.8665218558067351307, -3.469446951953647715E-16 ) ) ;
#4012 = AXIS2_PLACEMENT_3D ( 'NONE', #7551, #3934, #6306 ) ;
#4013 = EDGE_LOOP ( 'NONE', ( #7637, #4334, #3620, #916 ) ) ;
#4014 = EDGE_CURVE ( 'NONE', #2064, #2490, #6184, .T. ) ;
#4015 = CARTESIAN_POINT ( 'NONE',  ( -1.027259311016472276, -1.053590308655646179, 9.101562500000000000 ) ) ;
#4016 = ORIENTED_EDGE ( 'NONE', *, *, #1157, .T. ) ;
#4017 = DIRECTION ( 'NONE',  ( -0.9656681455035630579, 0.2597788150710325095, 7.292349956650285839E-17 ) ) ;
#4018 = CARTESIAN_POINT ( 'NONE',  ( 0.2361503771250647310, 0.9281453293749931666, 10.53124999999999645 ) ) ;
#4019 = CARTESIAN_POINT ( 'NONE',  ( -0.2997145786366767206, 1.064486813177379032, 8.768749999999998934 ) ) ;
#4020 = CARTESIAN_POINT ( 'NONE',  ( -4.911238286522657148, -2.475830869222283237, -6.000000000000008882 ) ) ;
#4021 = DIRECTION ( 'NONE',  ( 0.4991391323160825899, -0.8665218558067350196, -2.689493761204351931E-16 ) ) ;
#4022 = DIRECTION ( 'NONE',  ( -0.000000000000000000, -0.000000000000000000, -1.000000000000000000 ) ) ;
#4023 = VERTEX_POINT ( 'NONE', #533 ) ;
#4024 = CIRCLE ( 'NONE', #6105, 2.000000000000002220 ) ;
#4025 = ORIENTED_EDGE ( 'NONE', *, *, #420, .T. ) ;
#4026 = CARTESIAN_POINT ( 'NONE',  ( 0.000000000000000000, 0.000000000000000000, 15.70000000000000284 ) ) ;
#4027 = ORIENTED_EDGE ( 'NONE', *, *, #4109, .T. ) ;
#4028 = PLANE ( 'NONE',  #1565 ) ;
#4029 = CARTESIAN_POINT ( 'NONE',  ( 0.9866380192381446479, 0.2777956425032975796, 12.29509618943231786 ) ) ;
#4030 = CARTESIAN_POINT ( 'NONE',  ( -0.9866380192381382086, -0.2777956425032831467, 11.17009618943231786 ) ) ;
#4031 = CARTESIAN_POINT ( 'NONE',  ( -1.226662469500795716, -0.3453764016845490836, 9.092187499999996092 ) ) ;
#4032 = EDGE_CURVE ( 'NONE', #3102, #1685, #6122, .T. ) ;
#4033 = CYLINDRICAL_SURFACE ( 'NONE', #3937, 1.249999999999988010 ) ;
#4034 = CARTESIAN_POINT ( 'NONE',  ( 4.839067450537587689, -2.373531231228955374, -3.000000000000010214 ) ) ;
#4035 = EDGE_CURVE ( 'NONE', #1783, #4045, #1319, .T. ) ;
#4036 = CARTESIAN_POINT ( 'NONE',  ( 6.262648025457052903, 10.35366736456552772, 12.19478790094338194 ) ) ;
#4037 = CARTESIAN_POINT ( 'NONE',  ( 1.147023408217124896, -0.2918400834965618196, 8.657596189432318567 ) ) ;
#4038 = ORIENTED_EDGE ( 'NONE', *, *, #4860, .T. ) ;
#4039 = VECTOR ( 'NONE', #22, 1000.000000000000000 ) ;
#4040 = CARTESIAN_POINT ( 'NONE',  ( -0.2361503771250579031, -0.9281453293749778455, 8.449999999999997513 ) ) ;
#4041 = CARTESIAN_POINT ( 'NONE',  ( 1.071729911523486400, -0.2726829676047643480, 14.01874999999999893 ) ) ;
#4042 = FACE_OUTER_BOUND ( 'NONE', #1090, .T. ) ;
#4043 = CARTESIAN_POINT ( 'NONE',  ( 0.9218726222051468744, 0.2595604389839208381, 9.949999999999997513 ) ) ;
#4044 = CARTESIAN_POINT ( 'NONE',  ( 1.016410559504780986, 4.662485793788524902, -2.686249938782343083 ) ) ;
#4045 = VERTEX_POINT ( 'NONE', #3818 ) ;
#4046 = DIRECTION ( 'NONE',  ( 0.4999999999999977796, -0.4999999999999998335, -0.7071067811865492381 ) ) ;
#4047 = CARTESIAN_POINT ( 'NONE',  ( -0.3207707779579565543, 1.139271451999727569, 10.02365381056767824 ) ) ;
#4048 = EDGE_CURVE ( 'NONE', #5502, #2837, #3034, .T. ) ;
#4049 = ORIENTED_EDGE ( 'NONE', *, *, #822, .F. ) ;
#4050 = CARTESIAN_POINT ( 'NONE',  ( -1.489198186922881639, 11.30314025291770719, -3.500000000000004441 ) ) ;
#4051 = ORIENTED_EDGE ( 'NONE', *, *, #3909, .F. ) ;
#4052 = CARTESIAN_POINT ( 'NONE',  ( -6.665514295773669495, -11.30452007036988427, -5.166685368250084842 ) ) ;
#4053 = CARTESIAN_POINT ( 'NONE',  ( 0.6857222450800846136, -0.6685848903910641683, 12.18124999999999680 ) ) ;
#4054 = CARTESIAN_POINT ( 'NONE',  ( -0.6857222450800781743, 0.6685848903910792673, 7.906249999999998224 ) ) ;
#4055 = DIRECTION ( 'NONE',  ( 1.000000000000000000, 0.000000000000000000, 0.000000000000000000 ) ) ;
#4056 = CARTESIAN_POINT ( 'NONE',  ( -6.056123581516600574, -2.360797993348548118, 12.00000000000000000 ) ) ;
#4057 = AXIS2_PLACEMENT_3D ( 'NONE', #2819, #5601, #3969 ) ;
#4058 = ORIENTED_EDGE ( 'NONE', *, *, #3096, .T. ) ;
#4059 = ORIENTED_EDGE ( 'NONE', *, *, #2929, .T. ) ;
#4060 = AXIS2_PLACEMENT_3D ( 'NONE', #2534, #3068, #4851 ) ;
#4061 = CARTESIAN_POINT ( 'NONE',  ( 13.33656814327227913, 0.03670218469127624339, -4.370529557335581572 ) ) ;
#4062 = ORIENTED_EDGE ( 'NONE', *, *, #7449, .T. ) ;
#4063 = CARTESIAN_POINT ( 'NONE',  ( -3.379838509262469426, 0.9092258527485664876, -3.000000000000007994 ) ) ;
#4064 =( NAMED_UNIT ( * ) PLANE_ANGLE_UNIT ( ) SI_UNIT ( $, .RADIAN. ) );
#4065 = DIRECTION ( 'NONE',  ( 0.000000000000000000, 0.000000000000000000, 1.000000000000000000 ) ) ;
#4066 = CARTESIAN_POINT ( 'NONE',  ( 0.2527409261506037286, 0.9933514102514430233, 12.82009618943231821 ) ) ;
#4067 = AXIS2_PLACEMENT_3D ( 'NONE', #7264, #4950, #4983 ) ;
#4068 = DIRECTION ( 'NONE',  ( 2.565753199199158405E-18, 2.902514036010829075E-16, -1.000000000000000000 ) ) ;
#4069 = CARTESIAN_POINT ( 'NONE',  ( -1.027259311016472498, -1.053590308655646623, 10.92968749999999645 ) ) ;
#4070 = DIRECTION ( 'NONE',  ( 0.4991391323160825899, -0.8665218558067350196, -2.891205793294678819E-16 ) ) ;
#4071 = FACE_OUTER_BOUND ( 'NONE', #1767, .T. ) ;
#4072 = CARTESIAN_POINT ( 'NONE',  ( 10.18465572053226431, -7.073385883311427591, 16.00000000000000000 ) ) ;
#4073 = DIRECTION ( 'NONE',  ( 2.565753199199158405E-18, 2.902514036010829075E-16, -1.000000000000000000 ) ) ;
#4074 = EDGE_LOOP ( 'NONE', ( #3044 ) ) ;
#4075 = CARTESIAN_POINT ( 'NONE',  ( -0.6857222450800781743, 0.6685848903910792673, 8.299999999999997158 ) ) ;
#4076 = B_SPLINE_CURVE_WITH_KNOTS ( 'NONE', 3,
 ( #6425, #7631, #2907, #7082, #1718, #1797, #530, #4135, #4213, #3478 ),
 .UNSPECIFIED., .F., .F.,
 ( 4, 2, 2, 2, 4 ),
 ( 0.000000000000000000, 0.0003972687248957450928, 0.0007945374497914901857, 0.001191806174687235279, 0.001589074899582980371 ),
 .UNSPECIFIED. ) ;
#4077 = EDGE_CURVE ( 'NONE', #3033, #3282, #2031, .T. ) ;
#4078 = CARTESIAN_POINT ( 'NONE',  ( -6.280548451550700406, -4.099354967275238515, -5.500000000000007994 ) ) ;
#4079 = B_SPLINE_CURVE_WITH_KNOTS ( 'NONE', 3,
 ( #6718, #6104, #3698, #5454 ),
 .UNSPECIFIED., .F., .F.,
 ( 4, 4 ),
 ( 0.002075698442432846822, 0.003113607506441764400 ),
 .UNSPECIFIED. ) ;
#4080 = CARTESIAN_POINT ( 'NONE',  ( 0.2997145786366834375, -1.064486813177363933, 10.28749999999999787 ) ) ;
#4081 = CARTESIAN_POINT ( 'NONE',  ( 0.000000000000000000, 0.000000000000000000, 12.00000000000000000 ) ) ;
#4082 = EDGE_LOOP ( 'NONE', ( #5572, #2636 ) ) ;
#4083 = DIRECTION ( 'NONE',  ( -0.000000000000000000, 0.000000000000000000, -1.000000000000000000 ) ) ;
#4084 = AXIS2_PLACEMENT_3D ( 'NONE', #4852, #6046, #772 ) ;
#4085 = CARTESIAN_POINT ( 'NONE',  ( 0.3207707779579630492, -1.139271451999712914, 11.14865381056767824 ) ) ;
#4086 = CIRCLE ( 'NONE', #6067, 1.352549999999998365 ) ;
#4087 = EDGE_CURVE ( 'NONE', #5564, #1863, #1544, .T. ) ;
#4088 = CARTESIAN_POINT ( 'NONE',  ( -0.9124359724768813518, 0.8896326596143749876, 13.51718749999999680 ) ) ;
#4089 = VECTOR ( 'NONE', #882, 1000.000000000000114 ) ;
#4090 = EDGE_LOOP ( 'NONE', ( #3321 ) ) ;
#4091 = DIRECTION ( 'NONE',  ( -2.565753199199158405E-18, -2.902514036010829075E-16, 1.000000000000000000 ) ) ;
#4092 = CARTESIAN_POINT ( 'NONE',  ( -0.2997145786366766096, 1.064486813177379032, 8.262499999999999289 ) ) ;
#4093 = CARTESIAN_POINT ( 'NONE',  ( 0.7720153328868066822, 0.7918038455726065239, 12.29374999999999751 ) ) ;
#4094 = CARTESIAN_POINT ( 'NONE',  ( 6.549630462519495211, 9.331255709366070406, -3.688856844742703700 ) ) ;
#4095 = CARTESIAN_POINT ( 'NONE',  ( 6.444838686433802089, -2.909304780501044796, 15.69999999999998508 ) ) ;
#4096 = DIRECTION ( 'NONE',  ( 0.7071067811865491270, -0.7071067811865459074, 0.000000000000000000 ) ) ;
#4097 = VERTEX_POINT ( 'NONE', #5053 ) ;
#4098 = CARTESIAN_POINT ( 'NONE',  ( 10.13914676754892241, 6.603612861616149132, 13.00000000000000178 ) ) ;
#4099 = CIRCLE ( 'NONE', #6332, 1.249999999999988898 ) ;
#4100 = EDGE_CURVE ( 'NONE', #6106, #4776, #3925, .T. ) ;
#4101 = ORIENTED_EDGE ( 'NONE', *, *, #2910, .T. ) ;
#4102 = CARTESIAN_POINT ( 'NONE',  ( -2.450517407427173389, -11.00478369905122378, -2.835773172410422038 ) ) ;
#4103 = CARTESIAN_POINT ( 'NONE',  ( 0.3988063169686492659, -1.416427813942187308, 10.52656250000000071 ) ) ;
#4104 = ORIENTED_EDGE ( 'NONE', *, *, #592, .T. ) ;
#4105 = CARTESIAN_POINT ( 'NONE',  ( 11.39398731114736840, -6.689582288391135556, -4.833351618762204538 ) ) ;
#4106 = CARTESIAN_POINT ( 'NONE',  ( 0.9982782646321649578, -1.733043711613479365, -9.174074414030704113E-15 ) ) ;
#4107 = CARTESIAN_POINT ( 'NONE',  ( -0.2527409261505975668, -0.9933514102514280353, 13.04509618943231786 ) ) ;
#4108 = ORIENTED_EDGE ( 'NONE', *, *, #6790, .F. ) ;
#4109 = EDGE_CURVE ( 'NONE', #3578, #1857, #1310, .T. ) ;
#4110 = ADVANCED_FACE ( 'NONE', ( #3266 ), #287, .T. ) ;
#4111 = LINE ( 'NONE', #3951, #3465 ) ;
#4112 = CARTESIAN_POINT ( 'NONE',  ( 0.3142264970239180277, 1.235009061298932176, 9.842187499999996092 ) ) ;
#4113 = EDGE_CURVE ( 'NONE', #2345, #2345, #5632, .T. ) ;
#4114 = DIRECTION ( 'NONE',  ( 0.4991391323160827564, -0.8665218558067351307, -4.336808689942007875E-16 ) ) ;
#4115 = DIRECTION ( 'NONE',  ( -0.000000000000000000, -0.000000000000000000, 1.000000000000000000 ) ) ;
#4116 = DIRECTION ( 'NONE',  ( 1.000000000000000000, -3.577867169202164632E-15, 0.000000000000000000 ) ) ;
#4117 = BREP_WITH_VOIDS ( 'NONE', #1463, ( #6803 ) );
#4118 = EDGE_LOOP ( 'NONE', ( #6488 ) ) ;
#4119 = CARTESIAN_POINT ( 'NONE',  ( 0.2361503771250647310, 0.9281453293749931666, 10.47499999999999609 ) ) ;
#4120 = CARTESIAN_POINT ( 'NONE',  ( 0.2997145786366836040, -1.064486813177363933, 8.487499999999998934 ) ) ;
#4121 = VERTEX_POINT ( 'NONE', #6911 ) ;
#4122 = DIRECTION ( 'NONE',  ( -0.4991391323160827009, 0.8665218558067351307, 0.000000000000000000 ) ) ;
#4123 = CARTESIAN_POINT ( 'NONE',  ( 0.8262526302591650662, 0.8474313685031579224, 11.29865381056767859 ) ) ;
#4124 = CARTESIAN_POINT ( 'NONE',  ( -0.2361503771250584305, -0.9281453293749781785, 13.84999999999999787 ) ) ;
#4125 = EDGE_LOOP ( 'NONE', ( #3731, #6849 ) ) ;
#4126 = ORIENTED_EDGE ( 'NONE', *, *, #6753, .T. ) ;
#4127 = CARTESIAN_POINT ( 'NONE',  ( 0.3988063169686489884, -1.416427813942187308, 13.70468749999999858 ) ) ;
#4128 = ADVANCED_FACE ( 'NONE', ( #4476 ), #3196, .F. ) ;
#4129 = ORIENTED_EDGE ( 'NONE', *, *, #6441, .T. ) ;
#4130 = CONICAL_SURFACE ( 'NONE', #5748, 4.000000000000000000, 0.7853981633974547183 ) ;
#4131 = CARTESIAN_POINT ( 'NONE',  ( -0.9092258527485783670, -3.379838509262476975, -3.000000000000008882 ) ) ;
#4132 = CARTESIAN_POINT ( 'NONE',  ( -0.7720153328867996878, -0.7918038455725916469, 8.412499999999997868 ) ) ;
#4133 = CARTESIAN_POINT ( 'NONE',  ( -0.2997145786366768316, 1.064486813177379032, 10.56874999999999964 ) ) ;
#4134 = VECTOR ( 'NONE', #6272, 1000.000000000000114 ) ;
#4135 = CARTESIAN_POINT ( 'NONE',  ( -10.53657748236155811, 5.950273855088113351, 12.02506098602420259 ) ) ;
#4136 = ORIENTED_EDGE ( 'NONE', *, *, #3430, .T. ) ;
#4137 = VECTOR ( 'NONE', #6649, 1000.000000000000114 ) ;
#4138 = AXIS2_PLACEMENT_3D ( 'NONE', #1402, #4878, #5423 ) ;
#4139 = B_SPLINE_CURVE_WITH_KNOTS ( 'NONE', 3,
 ( #6005, #3420, #555, #7581, #2457, #5256, #2318, #7164, #1883, #475 ),
 .UNSPECIFIED., .F., .F.,
 ( 4, 2, 2, 2, 4 ),
 ( 0.000000000000000000, 0.0003996822723885841812, 0.0007993645447771683624, 0.001199046817165752652, 0.001598729089554336725 ),
 .UNSPECIFIED. ) ;
#4140 = ORIENTED_EDGE ( 'NONE', *, *, #2420, .F. ) ;
#4141 = CARTESIAN_POINT ( 'NONE',  ( -1.885847628875482629, -10.81140525586962653, -3.000000000000188738 ) ) ;
#4142 = AXIS2_PLACEMENT_3D ( 'NONE', #7166, #4227, #3674 ) ;
#4143 = CARTESIAN_POINT ( 'NONE',  ( -1.027259311016472276, -1.053590308655646179, 10.00156249999999680 ) ) ;
#4144 = ORIENTED_EDGE ( 'NONE', *, *, #2878, .F. ) ;
#4145 = CARTESIAN_POINT ( 'NONE',  ( -10.80476900687344433, 3.319663049748648120, -2.798447154985537644 ) ) ;
#4146 = CARTESIAN_POINT ( 'NONE',  ( -2.156937456698644784, -0.4331521763657476543, 11.00000000000000000 ) ) ;
#4147 = CARTESIAN_POINT ( 'NONE',  ( 0.8262526302591649552, 0.8474313685031579224, 12.33259618943231750 ) ) ;
#4148 = CIRCLE ( 'NONE', #1819, 1.499999999999999334 ) ;
#4149 = B_SPLINE_CURVE_WITH_KNOTS ( 'NONE', 3,
 ( #6563, #4050, #6459, #1274, #5882, #4718, #3611, #6417, #1137, #4684 ),
 .UNSPECIFIED., .F., .F.,
 ( 4, 2, 2, 2, 4 ),
 ( 0.000000000000000000, 0.0004045763957021409458, 0.0008091527914042818915, 0.001213729187106422783, 0.001618305582808563783 ),
 .UNSPECIFIED. ) ;
#4150 = CARTESIAN_POINT ( 'NONE',  ( 0.5056950439534110275, -13.52811107638872024, -3.622674778875800694 ) ) ;
#4151 = CARTESIAN_POINT ( 'NONE',  ( 2.909304780501023480, -6.444838686433811858, -5.729735577732628649 ) ) ;
#4152 = DIRECTION ( 'NONE',  ( -0.2597788150710222954, -0.9656681455035657224, -2.809530629711173474E-16 ) ) ;
#4153 = CARTESIAN_POINT ( 'NONE',  ( 13.03343818998276049, 0.1182485631700051359, -5.500000000000007105 ) ) ;
#4154 = CARTESIAN_POINT ( 'NONE',  ( 11.33735411363282175, -7.446154524054292345, -3.524175949928323170 ) ) ;
#4155 = ADVANCED_FACE ( 'NONE', ( #3305 ), #3887, .F. ) ;
#4156 = VERTEX_POINT ( 'NONE', #3810 ) ;
#4157 = CARTESIAN_POINT ( 'NONE',  ( 2.089734771006444447, 4.656982021476136602, -2.923197837245866904 ) ) ;
#4158 = ORIENTED_EDGE ( 'NONE', *, *, #4225, .T. ) ;
#4159 = LINE ( 'NONE', #2897, #3930 ) ;
#4160 = CARTESIAN_POINT ( 'NONE',  ( -0.8262526302591579608, -0.8474313685031432675, 10.17365381056767681 ) ) ;
#4161 = EDGE_CURVE ( 'NONE', #4377, #4994, #2775, .T. ) ;
#4162 = CARTESIAN_POINT ( 'NONE',  ( -0.7720153328868002429, -0.7918038455725920910, 13.81249999999999645 ) ) ;
#4163 = AXIS2_PLACEMENT_3D ( 'NONE', #6086, #3797, #809 ) ;
#4164 = ORIENTED_EDGE ( 'NONE', *, *, #6030, .T. ) ;
#4165 = CARTESIAN_POINT ( 'NONE',  ( -0.9124359724768813518, 0.8896326596143749876, 13.96718749999999609 ) ) ;
#4166 = ORIENTED_EDGE ( 'NONE', *, *, #6093, .F. ) ;
#4167 = DIRECTION ( 'NONE',  ( -0.9656681455035655004, 0.2597788150710230726, 7.292349956650012203E-17 ) ) ;
#4168 = CARTESIAN_POINT ( 'NONE',  ( 0.9218726222051465413, 0.2595604389839207271, 12.70624999999999893 ) ) ;
#4169 = CARTESIAN_POINT ( 'NONE',  ( -0.9218726222051398800, -0.2595604389839062942, 11.13124999999999787 ) ) ;
#4170 = CARTESIAN_POINT ( 'NONE',  ( -5.894289186605170983, 1.121318413595959740, -5.729735577732628649 ) ) ;
#4171 = CARTESIAN_POINT ( 'NONE',  ( -6.717514421272260172, -6.717514421272150038, 12.00000000000000000 ) ) ;
#4172 = DIRECTION ( 'NONE',  ( -0.000000000000000000, -0.000000000000000000, -1.000000000000000000 ) ) ;
#4173 = CONICAL_SURFACE ( 'NONE', #4551, 2.000000000000000000, 0.7853981633974469467 ) ;
#4174 = EDGE_LOOP ( 'NONE', ( #4773, #6349, #2187, #5158 ) ) ;
#4175 = B_SPLINE_CURVE_WITH_KNOTS ( 'NONE', 3,
 ( #7186, #1428, #1276, #826, #866, #3199, #4906, #7341, #6100, #1313 ),
 .UNSPECIFIED., .F., .F.,
 ( 4, 2, 2, 2, 4 ),
 ( 8.711650476514994481E-19, 0.0003977276999104008585, 0.0007954553998208008497, 0.001193183099731200732, 0.001590910799641600832 ),
 .UNSPECIFIED. ) ;
#4176 = ORIENTED_EDGE ( 'NONE', *, *, #2032, .F. ) ;
#4177 = CARTESIAN_POINT ( 'NONE',  ( 13.52811107638871313, 0.5056950439534508845, -3.622674778875797585 ) ) ;
#4178 = VECTOR ( 'NONE', #6906, 1000.000000000000000 ) ;
#4179 = ADVANCED_FACE ( 'NONE', ( #2054, #5098 ), #6748, .T. ) ;
#4180 = CARTESIAN_POINT ( 'NONE',  ( 0.3142264970239179722, 1.235009061298932176, 10.26406249999999964 ) ) ;
#4181 = ORIENTED_EDGE ( 'NONE', *, *, #2689, .F. ) ;
#4182 = CARTESIAN_POINT ( 'NONE',  ( -6.444838686433802089, -2.909304780501046128, 12.00000000000000000 ) ) ;
#4183 = APPROVAL_ROLE ( '' ) ;
#4184 = CARTESIAN_POINT ( 'NONE',  ( -0.7338970930875373666, 0.7155557677481522161, 11.99509618943231715 ) ) ;
#4185 = ORIENTED_EDGE ( 'NONE', *, *, #4597, .T. ) ;
#4186 = AXIS2_PLACEMENT_3D ( 'NONE', #5299, #4679, #1749 ) ;
#4187 = PLANE ( 'NONE',  #7485 ) ;
#4188 = CARTESIAN_POINT ( 'NONE',  ( 7.066495986620752845, 8.945648912799599728, -3.500000000000005773 ) ) ;
#4189 = CARTESIAN_POINT ( 'NONE',  ( -1.927630785229512922, 6.307474895378926583, -2.500000000000006661 ) ) ;
#4190 = FACE_OUTER_BOUND ( 'NONE', #4905, .T. ) ;
#4191 = CARTESIAN_POINT ( 'NONE',  ( 4.065753027381878725E-16, -2.024594466550937630E-15, 13.99999999999999822 ) ) ;
#4192 = CIRCLE ( 'NONE', #4060, 10.89999999999999858 ) ;
#4193 = CARTESIAN_POINT ( 'NONE',  ( -11.38616895624280012, -0.5613880118889894577, -4.500000000000007994 ) ) ;
#4194 = EDGE_CURVE ( 'NONE', #7001, #5769, #6873, .T. ) ;
#4195 = EDGE_LOOP ( 'NONE', ( #2265, #2374, #7385, #2608, #3519, #1366, #6833, #1957, #3646, #2749, #5437, #6759, #5504, #6502, #1624, #4402, #5426, #744, #7599, #5925, #3711, #2303, #865, #5038, #5023, #2990, #4631, #1349, #1525, #6882, #1172, #401 ) ) ;
#4196 = AXIS2_PLACEMENT_3D ( 'NONE', #1445, #5543, #5813 ) ;
#4197 = CARTESIAN_POINT ( 'NONE',  ( -0.2997145786366767761, 1.064486813177379032, 9.612499999999997158 ) ) ;
#4198 = FACE_BOUND ( 'NONE', #2784, .T. ) ;
#4199 = ADVANCED_FACE ( 'NONE', ( #437 ), #2776, .T. ) ;
#4200 = LINE ( 'NONE', #7177, #3438 ) ;
#4201 = CARTESIAN_POINT ( 'NONE',  ( 0.8262526302591651772, 0.8474313685031581445, 9.948653810567678946 ) ) ;
#4202 = CARTESIAN_POINT ( 'NONE',  ( -0.6857222450800787295, 0.6685848903910789343, 14.14999999999999503 ) ) ;
#4203 = EDGE_LOOP ( 'NONE', ( #6641, #1546, #4181, #21 ) ) ;
#4204 = ORIENTED_EDGE ( 'NONE', *, *, #2964, .T. ) ;
#4205 = CARTESIAN_POINT ( 'NONE',  ( -13.89952640630790803, 0.1147417986137340695, -5.500000000000007105 ) ) ;
#4206 = ORIENTED_EDGE ( 'NONE', *, *, #2189, .T. ) ;
#4207 = CARTESIAN_POINT ( 'NONE',  ( -5.794008873021378569, 1.558672890426178403, -3.000000000000007105 ) ) ;
#4208 = CARTESIAN_POINT ( 'NONE',  ( -0.6857222450800786184, 0.6685848903910790453, 13.30624999999999858 ) ) ;
#4209 = CARTESIAN_POINT ( 'NONE',  ( -0.2997145786366769427, 1.064486813177378810, 11.46874999999999822 ) ) ;
#4210 = CONICAL_SURFACE ( 'NONE', #6440, 6.000000000000000000, 0.7853981633974453924 ) ;
#4211 = DIRECTION ( 'NONE',  ( 0.4991391323160838112, -0.8665218558067342425, 0.000000000000000000 ) ) ;
#4212 = DIRECTION ( 'NONE',  ( 2.565753199199158405E-18, 2.902514036010829075E-16, -1.000000000000000000 ) ) ;
#4213 = CARTESIAN_POINT ( 'NONE',  ( -10.60171134674122051, 5.833672335569183076, 12.00000000000000000 ) ) ;
#4214 = ORIENTED_EDGE ( 'NONE', *, *, #1136, .T. ) ;
#4215 = CONICAL_SURFACE ( 'NONE', #3105, 2.000000000000000444, 0.7853981633974469467 ) ;
#4216 = VERTEX_POINT ( 'NONE', #3233 ) ;
#4217 = CARTESIAN_POINT ( 'NONE',  ( -2.745037675133897626, -11.00480865414063558, -2.737344913814712566 ) ) ;
#4218 = CARTESIAN_POINT ( 'NONE',  ( 1.426065627985125372, -0.3628375052865331352, 11.95156249999999964 ) ) ;
#4219 = CYLINDRICAL_SURFACE ( 'NONE', #4138, 1.000000000000000000 ) ;
#4220 = PERSON_AND_ORGANIZATION ( #6722, #7448 ) ;
#4221 = CARTESIAN_POINT ( 'NONE',  ( -13.33656814327227913, -0.03670218469129235550, -4.370529557335581572 ) ) ;
#4222 = AXIS2_PLACEMENT_3D ( 'NONE', #6047, #1887, #1921 ) ;
#4223 = VERTEX_POINT ( 'NONE', #5599 ) ;
#4224 = CARTESIAN_POINT ( 'NONE',  ( -2.088967117878106335E-16, -8.883283447825293133E-15, -1.500000000000008216 ) ) ;
#4225 = EDGE_CURVE ( 'NONE', #5542, #5661, #3759, .T. ) ;
#4226 = DIRECTION ( 'NONE',  ( 0.4991391323160822013, -0.8665218558067353527, -3.206394358760876940E-16 ) ) ;
#4227 = DIRECTION ( 'NONE',  ( 0.000000000000000000, 0.000000000000000000, 1.000000000000000000 ) ) ;
#4228 = CARTESIAN_POINT ( 'NONE',  ( -9.509949473183135993, 6.182748631949002593, -2.766606110804740393 ) ) ;
#4229 = CARTESIAN_POINT ( 'NONE',  ( 11.48339239518657884, -6.713633559939419015, -4.499999999998773426 ) ) ;
#4230 = ADVANCED_FACE ( 'NONE', ( #6991 ), #5767, .F. ) ;
#4231 = ORIENTED_EDGE ( 'NONE', *, *, #674, .T. ) ;
#4232 = CARTESIAN_POINT ( 'NONE',  ( 0.9218726222051467634, 0.2595604389839207826, 10.90624999999999822 ) ) ;
#4233 = CIRCLE ( 'NONE', #307, 12.09999999999999964 ) ;
#4234 = CARTESIAN_POINT ( 'NONE',  ( 0.6857222450800847247, -0.6685848903910641683, 11.22499999999999787 ) ) ;
#4235 = CARTESIAN_POINT ( 'NONE',  ( -0.2997145786366768316, 1.064486813177378810, 10.06249999999999645 ) ) ;
#4236 = CARTESIAN_POINT ( 'NONE',  ( 0.000000000000000000, 0.000000000000000000, 12.00000000000000000 ) ) ;
#4237 = CARTESIAN_POINT ( 'NONE',  ( -7.004984823392040205, -11.95473229169784979, 12.00000000000000000 ) ) ;
#4238 = DIRECTION ( 'NONE',  ( 1.092944362199429846E-17, -5.442458243416499620E-17, -1.000000000000000000 ) ) ;
#4239 = ORIENTED_EDGE ( 'NONE', *, *, #3482, .T. ) ;
#4240 = ADVANCED_FACE ( 'NONE', ( #7031, #4042 ), #1294, .T. ) ;
#4241 = VERTEX_POINT ( 'NONE', #147 ) ;
#4242 = CARTESIAN_POINT ( 'NONE',  ( -0.1182485631698768774, 13.03343818998275161, -5.500000000000003553 ) ) ;
#4243 = EDGE_LOOP ( 'NONE', ( #5690 ) ) ;
#4244 = CARTESIAN_POINT ( 'NONE',  ( -4.544886859514454258, 1.677930041855404619, -2.756142963053594741 ) ) ;
#4245 = CARTESIAN_POINT ( 'NONE',  ( 0.6857222450800850577, -0.6685848903910640573, 8.524999999999998579 ) ) ;
#4246 = FACE_OUTER_BOUND ( 'NONE', #1836, .T. ) ;
#4247 = CARTESIAN_POINT ( 'NONE',  ( -7.859052248806893459, -1.495091218127947430, 15.69999999999999218 ) ) ;
#4248 = DIRECTION ( 'NONE',  ( -0.4999999999999977796, 0.4999999999999998335, -0.7071067811865492381 ) ) ;
#4249 = CARTESIAN_POINT ( 'NONE',  ( 2.700906402787920602, -5.357714494388375215, -5.500000000000015987 ) ) ;
#4250 = EDGE_LOOP ( 'NONE', ( #369 ) ) ;
#4251 = EDGE_CURVE ( 'NONE', #572, #6739, #3633, .T. ) ;
#4252 = EDGE_LOOP ( 'NONE', ( #4399, #5108, #7502, #5399, #1779, #6564 ) ) ;
#4253 = CYLINDRICAL_SURFACE ( 'NONE', #3509, 1.999999999999999556 ) ;
#4254 = CARTESIAN_POINT ( 'NONE',  ( -1.226662469500795716, -0.3453764016845490836, 9.542187499999997158 ) ) ;
#4255 = CARTESIAN_POINT ( 'NONE',  ( -0.3988063169686428822, 1.416427813942202407, 9.851562499999998224 ) ) ;
#4256 = PERSON_AND_ORGANIZATION ( #6722, #7448 ) ;
#4257 = DIRECTION ( 'NONE',  ( 0.4991391323160827009, -0.8665218558067350196, -3.206394358760875954E-16 ) ) ;
#4258 = ORIENTED_EDGE ( 'NONE', *, *, #4933, .F. ) ;
#4259 = EDGE_CURVE ( 'NONE', #6637, #6918, #5507, .T. ) ;
#4260 = CIRCLE ( 'NONE', #2179, 1.249999999999988232 ) ;
#4261 = AXIS2_PLACEMENT_3D ( 'NONE', #2527, #3705, #799 ) ;
#4262 = CARTESIAN_POINT ( 'NONE',  ( 6.280548451550700406, 4.099354967275223416, -6.000000000000007105 ) ) ;
#4263 = ORIENTED_EDGE ( 'NONE', *, *, #4194, .T. ) ;
#4264 = DIRECTION ( 'NONE',  ( 0.000000000000000000, 0.000000000000000000, 1.000000000000000000 ) ) ;
#4265 =( BOUNDED_CURVE ( )  B_SPLINE_CURVE ( 2, ( #2432, #6409, #1168, #1853, #4712, #2934, #1130, #7033, #7620, #5297, #5843, #2895, #13, #4120, #7332, #6014, #1894, #2045, #2546, #5514, #813, #1304, #3187, #3683, #199, #739, #5553, #1417, #5478, #7252, #7211, #778, #5402, #2580, #6130, #6056, #2467, #1931, #279, #3116, #4394, #6090, #855, #4973, #3605, #3642, #4316, #6742, #117, #7292, #3077, #1382, #4897, #3724, #4822, #4235, #4939, #6670, #3152, #1970, #2009, #2620, #239, #4357, #5441, #7175, #5978, #6591, #702, #3036, #6706, #161, #2507, #4858, #4278, #3763, #6632, #1340, #3330, #6901, #4503, #389, #3226, #1534, #2238, #1614, #5088, #5634, #5593, #3372, #2161, #313, #7405, #4588, #1575, #4467, #2768, #3803, #6209, #4544, #351, #429, #6864, #5007, #7533, #2694, #2125, #1493, #3914, #3877, #3842, #468, #3953, #2732, #6823, #5123, #6245, #6284, #1454, #970, #3296, #5711, #930, #5672, #3259, #7451, #1008, #7491, #892, #2200, #5043, #2804, #6325, #7368, #2655, #1044, #5750, #6782, #5167, #2083, #6167, #4428, #6361, #1084, #3410, #6942, #3996, #1659, #7590, #2710, #1101, #3975, #2826, #3932, #5146, #2786, #2177, #6919, #5730, #946, #3275 ),
 .UNSPECIFIED., .F., .T. ) 
 B_SPLINE_CURVE_WITH_KNOTS ( ( 3, 2, 2, 2, 2, 2, 2, 2, 2, 2, 2, 2, 2, 2, 2, 2, 2, 2, 2, 2, 2, 2, 2, 2, 2, 2, 2, 2, 2, 2, 2, 2, 2, 2, 2, 2, 2, 2, 2, 2, 2, 2, 2, 2, 2, 2, 2, 2, 2, 2, 2, 2, 2, 2, 2, 2, 2, 2, 2, 2, 2, 2, 2, 2, 2, 2, 2, 2, 2, 2, 2, 2, 2, 2, 2, 2, 2, 2, 2, 2, 3 ),
 ( 0.03995832263194219053, 0.04444444444444444614, 0.05555555555555555247, 0.06666666666666666574, 0.07777777777777777901, 0.08888888888888889228, 0.1000000000000000056, 0.1111111111111111049, 0.1222222222222222321, 0.1333333333333333315, 0.1444444444444444309, 0.1555555555555555580, 0.1666666666666666574, 0.1777777777777777846, 0.1888888888888888840, 0.1999999999999999833, 0.2111111111111111105, 0.2222222222222222099, 0.2333333333333333648, 0.2444444444444444364, 0.2555555555555555358, 0.2666666666666667185, 0.2777777777777777901, 0.2888888888888888618, 0.2999999999999999889, 0.3111111111111111160, 0.3222222222222222432, 0.3333333333333333148, 0.3444444444444444420, 0.3555555555555555691, 0.3666666666666666408, 0.3777777777777777679, 0.3888888888888888951, 0.4000000000000000222, 0.4111111111111110938, 0.4222222222222222210, 0.4333333333333333481, 0.4444444444444444198, 0.4555555555555555469, 0.4666666666666666741, 0.4777777777777778012, 0.4888888888888888729, 0.5000000000000000000, 0.5111111111111110716, 0.5222222222222222543, 0.5333333333333333259, 0.5444444444444443976, 0.5555555555555555802, 0.5666666666666666519, 0.5777777777777777235, 0.5888888888888889062, 0.5999999999999999778, 0.6111111111111111605, 0.6222222222222222321, 0.6333333333333333037, 0.6444444444444444864, 0.6555555555555555580, 0.6666666666666666297, 0.6777777777777778123, 0.6888888888888888840, 0.6999999999999999556, 0.7111111111111111382, 0.7222222222222222099, 0.7333333333333332815, 0.7444444444444444642, 0.7555555555555555358, 0.7666666666666667185, 0.7777777777777777901, 0.7888888888888888618, 0.8000000000000000444, 0.8111111111111111160, 0.8222222222222221877, 0.8333333333333333703, 0.8444444444444444420, 0.8555555555555555136, 0.8666666666666666963, 0.8777777777777777679, 0.8888888888888888395, 0.9000000000000000222, 0.9111111111111110938, 0.9222222222222222765 ),
 .UNSPECIFIED. ) 
 CURVE ( )  GEOMETRIC_REPRESENTATION_ITEM ( )  RATIONAL_B_SPLINE_CURVE ( ( 0.9354949502797649252, 0.9459076277436568869, 1.000000000000000000, 0.8660254037844387076, 1.000000000000000000, 0.8660254037844387076, 1.000000000000000000, 0.8660254037844387076, 1.000000000000000000, 0.8660254037844387076, 1.000000000000000000, 0.8660254037844387076, 1.000000000000000000, 0.8660254037844387076, 1.000000000000000000, 0.8660254037844387076, 1.000000000000000000, 0.8660254037844387076, 1.000000000000000000, 0.8660254037844387076, 1.000000000000000000, 0.8660254037844387076, 1.000000000000000000, 0.8660254037844387076, 1.000000000000000000, 0.8660254037844387076, 1.000000000000000000, 0.8660254037844387076, 1.000000000000000000, 0.8660254037844387076, 1.000000000000000000, 0.8660254037844387076, 1.000000000000000000, 0.8660254037844387076, 1.000000000000000000, 0.8660254037844387076, 1.000000000000000000, 0.8660254037844387076, 1.000000000000000000, 0.8660254037844387076, 1.000000000000000000, 0.8660254037844387076, 1.000000000000000000, 0.8660254037844387076, 1.000000000000000000, 0.8660254037844387076, 1.000000000000000000, 0.8660254037844387076, 1.000000000000000000, 0.8660254037844387076, 1.000000000000000000, 0.8660254037844387076, 1.000000000000000000, 0.8660254037844387076, 1.000000000000000000, 0.8660254037844387076, 1.000000000000000000, 0.8660254037844387076, 1.000000000000000000, 0.8660254037844387076, 1.000000000000000000, 0.8660254037844387076, 1.000000000000000000, 0.8660254037844387076, 1.000000000000000000, 0.8660254037844387076, 1.000000000000000000, 0.8660254037844387076, 1.000000000000000000, 0.8660254037844387076, 1.000000000000000000, 0.8660254037844387076, 1.000000000000000000, 0.8660254037844387076, 1.000000000000000000, 0.8660254037844387076, 1.000000000000000000, 0.8660254037844387076, 1.000000000000000000, 0.8660254037844387076, 1.000000000000000000, 0.8660254037844387076, 1.000000000000000000, 0.8660254037844387076, 1.000000000000000000, 0.8660254037844387076, 1.000000000000000000, 0.8660254037844387076, 1.000000000000000000, 0.8660254037844387076, 1.000000000000000000, 0.8660254037844387076, 1.000000000000000000, 0.8660254037844387076, 1.000000000000000000, 0.8660254037844387076, 1.000000000000000000, 0.8660254037844387076, 1.000000000000000000, 0.8660254037844387076, 1.000000000000000000, 0.8660254037844387076, 1.000000000000000000, 0.8660254037844387076, 1.000000000000000000, 0.8660254037844387076, 1.000000000000000000, 0.8660254037844387076, 1.000000000000000000, 0.8660254037844387076, 1.000000000000000000, 0.8660254037844387076, 1.000000000000000000, 0.8660254037844387076, 1.000000000000000000, 0.8660254037844387076, 1.000000000000000000, 0.8660254037844387076, 1.000000000000000000, 0.8660254037844387076, 1.000000000000000000, 0.8660254037844387076, 1.000000000000000000, 0.8660254037844387076, 1.000000000000000000, 0.8660254037844387076, 1.000000000000000000, 0.8660254037844387076, 1.000000000000000000, 0.8660254037844387076, 1.000000000000000000, 0.8660254037844387076, 1.000000000000000000, 0.8660254037844387076, 1.000000000000000000, 0.8660254037844387076, 1.000000000000000000, 0.8660254037844387076, 1.000000000000000000, 0.8660254037844387076, 1.000000000000000000, 0.8660254037844387076, 1.000000000000000000, 0.8660254037844387076, 1.000000000000000000, 0.8660254037844387076, 1.000000000000000000, 0.8660254037844387076, 1.000000000000000000, 0.8660254037844387076, 1.000000000000000000, 0.8660254037844387076, 1.000000000000000000, 0.8660254037844387076, 1.000000000000000000, 0.8660254037844387076, 1.000000000000000000, 0.8660254037844387076, 1.000000000000000000, 0.8660254037844387076, 1.000000000000000000 ) ) 
 REPRESENTATION_ITEM ( '' )  );
#4266 = LINE ( 'NONE', #3716, #6168 ) ;
#4267 = CARTESIAN_POINT ( 'NONE',  ( 10.13914676754892241, 6.603612861616149132, 13.00000000000000178 ) ) ;
#4268 = AXIS2_PLACEMENT_3D ( 'NONE', #5431, #1128, #4850 ) ;
#4269 = LINE ( 'NONE', #3030, #5446 ) ;
#4270 = CARTESIAN_POINT ( 'NONE',  ( -5.024438761240560325, -3.279483973820193743, -3.000000000000008882 ) ) ;
#4271 = CARTESIAN_POINT ( 'NONE',  ( 10.43465397290524699, 6.899120066972471932, 15.69999999999999218 ) ) ;
#4272 = VERTEX_POINT ( 'NONE', #6334 ) ;
#4273 = CARTESIAN_POINT ( 'NONE',  ( -0.7720153328867996878, -0.7918038455725918690, 10.26874999999999893 ) ) ;
#4274 = DIRECTION ( 'NONE',  ( 0.000000000000000000, 0.000000000000000000, 1.000000000000000000 ) ) ;
#4275 = EDGE_CURVE ( 'NONE', #2435, #30, #2284, .T. ) ;
#4276 = B_SPLINE_CURVE_WITH_KNOTS ( 'NONE', 3,
 ( #5113, #6929, #6850, #3985, #6811, #6889, #3442, #2188, #379, #5822 ),
 .UNSPECIFIED., .F., .F.,
 ( 4, 2, 2, 2, 4 ),
 ( 0.000000000000000000, 0.0003977742189626825024, 0.0007955484379253650049, 0.001193322656888048212, 0.001591096875850731744 ),
 .UNSPECIFIED. ) ;
#4277 = CARTESIAN_POINT ( 'NONE',  ( -1.071729911523480183, 0.2726829676047791695, 12.83749999999999858 ) ) ;
#4278 = CARTESIAN_POINT ( 'NONE',  ( 0.6857222450800847247, -0.6685848903910641683, 10.77499999999999680 ) ) ;
#4279 = FACE_BOUND ( 'NONE', #6011, .T. ) ;
#4280 = EDGE_CURVE ( 'NONE', #2799, #2799, #7617, .T. ) ;
#4281 = CARTESIAN_POINT ( 'NONE',  ( 0.9807050522707525531, 0.2980647588199923370, 8.112500000000105516 ) ) ;
#4282 = FACE_OUTER_BOUND ( 'NONE', #4855, .T. ) ;
#4283 = ORIENTED_EDGE ( 'NONE', *, *, #7155, .T. ) ;
#4284 = CARTESIAN_POINT ( 'NONE',  ( 0.2997145786366832154, -1.064486813177364155, 11.69374999999999787 ) ) ;
#4285 = CARTESIAN_POINT ( 'NONE',  ( 10.66511182593023754, -5.715364357624368452, 12.00000000000000000 ) ) ;
#4286 = ORIENTED_EDGE ( 'NONE', *, *, #6524, .T. ) ;
#4287 = DIRECTION ( 'NONE',  ( 0.000000000000000000, 0.000000000000000000, 1.000000000000000000 ) ) ;
#4288 = CARTESIAN_POINT ( 'NONE',  ( 0.9218726222051469854, 0.2595604389839208936, 8.599999999999996092 ) ) ;
#4289 = CARTESIAN_POINT ( 'NONE',  ( -0.9218726222051401020, -0.2595604389839064052, 13.38124999999999787 ) ) ;
#4290 = CARTESIAN_POINT ( 'NONE',  ( 0.7022676317702422066, 0.7466225106189143812, 13.99999999999999822 ) ) ;
#4291 = DIRECTION ( 'NONE',  ( -0.4991391323160829230, 0.8665218558067349086, 0.000000000000000000 ) ) ;
#4292 = EDGE_CURVE ( 'NONE', #4618, #3111, #4024, .T. ) ;
#4293 = ORIENTED_EDGE ( 'NONE', *, *, #3191, .T. ) ;
#4294 = VECTOR ( 'NONE', #4508, 1000.000000000000000 ) ;
#4295 =( BOUNDED_CURVE ( )  B_SPLINE_CURVE ( 3, ( #1993, #2566, #7315, #1878 ),
 .UNSPECIFIED., .F., .T. ) 
 B_SPLINE_CURVE_WITH_KNOTS ( ( 4, 4 ),
 ( 4.511613712429118017, 4.534459975151712285 ),
 .UNSPECIFIED. ) 
 CURVE ( )  GEOMETRIC_REPRESENTATION_ITEM ( )  RATIONAL_B_SPLINE_CURVE ( ( 1.000000000000000000, 0.9999565044962738236, 0.9999565044962738236, 1.000000000000000000 ) ) 
 REPRESENTATION_ITEM ( '' )  );
#4296 = ORIENTED_EDGE ( 'NONE', *, *, #3746, .T. ) ;
#4297 = DIRECTION ( 'NONE',  ( 0.3091869594143225042, -0.9510012745144593715, 0.000000000000000000 ) ) ;
#4298 = CARTESIAN_POINT ( 'NONE',  ( -0.3988063169686428266, 1.416427813942202407, 8.979687499999995381 ) ) ;
#4299 = CARTESIAN_POINT ( 'NONE',  ( 1.426065627985125150, -0.3628375052865332462, 13.75156249999999680 ) ) ;
#4300 = APPROVAL_STATUS ( 'not_yet_approved' ) ;
#4301 = CARTESIAN_POINT ( 'NONE',  ( -13.53149764725406889, -1.019815740682276983, -3.500000000000008438 ) ) ;
#4302 = ORIENTED_EDGE ( 'NONE', *, *, #5820, .F. ) ;
#4303 = CC_DESIGN_PERSON_AND_ORGANIZATION_ASSIGNMENT ( #2992, #5932, ( #3722 ) ) ;
#4304 = EDGE_LOOP ( 'NONE', ( #1948, #3601, #1872, #6750 ) ) ;
#4305 = PLANE ( 'NONE',  #3622 ) ;
#4306 = CARTESIAN_POINT ( 'NONE',  ( 2.202197999314472021, -7.151945467620355323, 13.00000000000000178 ) ) ;
#4307 = DIRECTION ( 'NONE',  ( -0.000000000000000000, -0.000000000000000000, -1.000000000000000000 ) ) ;
#4308 = CARTESIAN_POINT ( 'NONE',  ( -9.656681455035631245, 2.597788150710304222, -6.000000000000007105 ) ) ;
#4309 = DIRECTION ( 'NONE',  ( 0.4991391323160826454, -0.8665218558067351307, -2.502285170733345670E-16 ) ) ;
#4310 = CIRCLE ( 'NONE', #2958, 1.999999999999999556 ) ;
#4311 = ORIENTED_EDGE ( 'NONE', *, *, #5901, .F. ) ;
#4312 = CARTESIAN_POINT ( 'NONE',  ( 1.071729911523486845, -0.2726829676047642370, 10.41874999999999929 ) ) ;
#4313 = DIRECTION ( 'NONE',  ( 2.565753199199158405E-18, 2.902514036010829075E-16, -1.000000000000000000 ) ) ;
#4314 = CARTESIAN_POINT ( 'NONE',  ( -0.9218726222051397690, -0.2595604389839061832, 10.17499999999999716 ) ) ;
#4315 = CARTESIAN_POINT ( 'NONE',  ( 0.2361503771250645367, 0.9281453293749930555, 12.27499999999999858 ) ) ;
#4316 = CARTESIAN_POINT ( 'NONE',  ( -0.9218726222051397690, -0.2595604389839061832, 9.724999999999997868 ) ) ;
#4317 = AXIS2_PLACEMENT_3D ( 'NONE', #5357, #5470, #3596 ) ;
#4318 = DIRECTION ( 'NONE',  ( -0.000000000000000000, -0.000000000000000000, -1.000000000000000000 ) ) ;
#4319 = DIRECTION ( 'NONE',  ( 1.000000000000000000, 0.000000000000000000, 0.000000000000000000 ) ) ;
#4320 = CARTESIAN_POINT ( 'NONE',  ( 3.740058271346562879, 10.38813583706063604, -2.983771769478346769 ) ) ;
#4321 = CARTESIAN_POINT ( 'NONE',  ( 6.874418817138667315, 12.08107470081074908, -2.500000000000004885 ) ) ;
#4322 = ADVANCED_FACE ( 'NONE', ( #6372 ), #2410, .T. ) ;
#4323 = AXIS2_PLACEMENT_3D ( 'NONE', #6534, #5989, #4211 ) ;
#4324 = ADVANCED_FACE ( 'NONE', ( #7201, #595 ), #2932, .F. ) ;
#4325 = CARTESIAN_POINT ( 'NONE',  ( 0.3622621998211823513, 12.89491241143500311, -6.000000000000004441 ) ) ;
#4326 = ORIENTED_EDGE ( 'NONE', *, *, #5699, .T. ) ;
#4327 = CARTESIAN_POINT ( 'NONE',  ( -5.599574727274905683, -1.065252492916160199, 16.00000000000000000 ) ) ;
#4328 = CARTESIAN_POINT ( 'NONE',  ( 0.6857222450800845026, -0.6685848903910642793, 13.08124999999999716 ) ) ;
#4329 = DIRECTION ( 'NONE',  ( -0.000000000000000000, -0.000000000000000000, -1.000000000000000000 ) ) ;
#4330 = DIRECTION ( 'NONE',  ( -0.7071067811865532349, -0.7071067811865417996, 0.000000000000000000 ) ) ;
#4331 = DIRECTION ( 'NONE',  ( -0.2597788150710222954, -0.9656681455035656114, -2.809530629711172981E-16 ) ) ;
#4332 = ORIENTED_EDGE ( 'NONE', *, *, #167, .F. ) ;
#4333 = ADVANCED_FACE ( 'NONE', ( #5216, #1666 ), #5761, .T. ) ;
#4334 = ORIENTED_EDGE ( 'NONE', *, *, #7507, .F. ) ;
#4335 = CARTESIAN_POINT ( 'NONE',  ( 1.102243908340258871, -11.34730797334410113, -3.617690535558250264 ) ) ;
#4336 = CARTESIAN_POINT ( 'NONE',  ( 0.9124359724768872359, -0.8896326596143605547, 12.84218749999999609 ) ) ;
#4337 = CARTESIAN_POINT ( 'NONE',  ( -0.3142264970239116439, -1.235009061298917077, 14.08906249999999893 ) ) ;
#4338 = CIRCLE ( 'NONE', #6062, 2.000000000000000000 ) ;
#4339 = CARTESIAN_POINT ( 'NONE',  ( -13.30184410068341805, -0.04604345858565485339, -4.500000000000007994 ) ) ;
#4340 = EDGE_LOOP ( 'NONE', ( #3024, #4913, #6429, #599, #7119 ) ) ;
#4341 = VECTOR ( 'NONE', #3436, 1000.000000000000000 ) ;
#4342 =( BOUNDED_CURVE ( )  B_SPLINE_CURVE ( 3, ( #5638, #2130, #783, #819 ),
 .UNSPECIFIED., .F., .F. ) 
 B_SPLINE_CURVE_WITH_KNOTS ( ( 4, 4 ),
 ( 4.511613712429120682, 4.534459975151714062 ),
 .UNSPECIFIED. ) 
 CURVE ( )  GEOMETRIC_REPRESENTATION_ITEM ( )  RATIONAL_B_SPLINE_CURVE ( ( 1.000000000000000000, 0.9999565044962738236, 0.9999565044962738236, 1.000000000000000000 ) ) 
 REPRESENTATION_ITEM ( '' )  );
#4343 = EDGE_CURVE ( 'NONE', #7461, #6106, #4139, .T. ) ;
#4344 = ORIENTED_EDGE ( 'NONE', *, *, #5830, .T. ) ;
#4345 = CARTESIAN_POINT ( 'NONE',  ( 11.29881526289059046, -6.318723393136466804, -5.833402939700068401 ) ) ;
#4346 = VERTEX_POINT ( 'NONE', #5176 ) ;
#4347 = CARTESIAN_POINT ( 'NONE',  ( 2.909304780501023480, -6.444838686433811858, -5.729735577732628649 ) ) ;
#4348 = CARTESIAN_POINT ( 'NONE',  ( 0.6857222450800850577, -0.6685848903910640573, 9.031249999999998224 ) ) ;
#4349 = DIRECTION ( 'NONE',  ( 1.000000000000000000, 0.000000000000000000, 0.000000000000000000 ) ) ;
#4350 = LINE ( 'NONE', #6701, #1711 ) ;
#4351 = ADVANCED_FACE ( 'NONE', ( #4675 ), #6581, .F. ) ;
#4352 = ORIENTED_EDGE ( 'NONE', *, *, #6618, .F. ) ;
#4353 = ADVANCED_FACE ( 'NONE', ( #6953 ), #4305, .T. ) ;
#4354 = AXIS2_PLACEMENT_3D ( 'NONE', #507, #6400, #4593 ) ;
#4355 = ADVANCED_FACE ( 'NONE', ( #2606, #5468 ), #4380, .T. ) ;
#4356 = CARTESIAN_POINT ( 'NONE',  ( -0.2997145786366769427, 1.064486813177378810, 11.86249999999999893 ) ) ;
#4357 = CARTESIAN_POINT ( 'NONE',  ( 1.071729911523486622, -0.2726829676047642925, 10.36249999999999716 ) ) ;
#4358 = CARTESIAN_POINT ( 'NONE',  ( -1.927630785229512922, 6.307474895378927471, -5.500000000000005329 ) ) ;
#4359 = CARTESIAN_POINT ( 'NONE',  ( -1.147023408217118012, 0.2918400834965768631, 8.298653810567678590 ) ) ;
#4360 = CYLINDRICAL_SURFACE ( 'NONE', #2274, 1.000000000000000000 ) ;
#4361 = DIRECTION ( 'NONE',  ( 1.000000000000000000, 0.000000000000000000, 0.000000000000000000 ) ) ;
#4362 = CARTESIAN_POINT ( 'NONE',  ( -0.3082206416470664179, -1.211404158843224277, 15.49999999999999645 ) ) ;
#4363 = CARTESIAN_POINT ( 'NONE',  ( -0.2997145786366769427, 1.064486813177378810, 11.91874999999999751 ) ) ;
#4364 = DIRECTION ( 'NONE',  ( -0.7071067811865467956, 0.7071067811865484609, 0.000000000000000000 ) ) ;
#4365 = ORIENTED_EDGE ( 'NONE', *, *, #1945, .T. ) ;
#4366 = DIRECTION ( 'NONE',  ( 0.4991391323160826454, -0.8665218558067351307, -2.502285170733345670E-16 ) ) ;
#4367 = DIRECTION ( 'NONE',  ( 0.4991391323160827009, -0.8665218558067349086, -2.891205793294678819E-16 ) ) ;
#4368 = CARTESIAN_POINT ( 'NONE',  ( 6.444838686433802089, -2.909304780501044796, 12.00000000000000000 ) ) ;
#4369 = CYLINDRICAL_SURFACE ( 'NONE', #1146, 1.000000000000000222 ) ;
#4370 = ORIENTED_EDGE ( 'NONE', *, *, #3773, .T. ) ;
#4371 = EDGE_CURVE ( 'NONE', #3104, #6303, #384, .T. ) ;
#4372 = ORIENTED_EDGE ( 'NONE', *, *, #6053, .T. ) ;
#4373 = FACE_OUTER_BOUND ( 'NONE', #2365, .T. ) ;
#4374 = CARTESIAN_POINT ( 'NONE',  ( 0.9124359724768871249, -0.8896326596143606658, 13.29218749999999716 ) ) ;
#4375 = CARTESIAN_POINT ( 'NONE',  ( -1.426065627985119155, 0.3628375052865479011, 14.42656249999999929 ) ) ;
#4376 = CARTESIAN_POINT ( 'NONE',  ( -6.480462370377570558, -11.25839262310082312, -5.666715816025319263 ) ) ;
#4377 = VERTEX_POINT ( 'NONE', #2682 ) ;
#4378 = VECTOR ( 'NONE', #2228, 1000.000000000000114 ) ;
#4379 = ORIENTED_EDGE ( 'NONE', *, *, #7094, .T. ) ;
#4380 = CYLINDRICAL_SURFACE ( 'NONE', #4504, 5.500000000000000000 ) ;
#4381 = LINE ( 'NONE', #3250, #7558 ) ;
#4382 = VERTEX_POINT ( 'NONE', #1917 ) ;
#4383 = DIRECTION ( 'NONE',  ( -4.930380657631323784E-32, 3.538566068381624782E-16, 1.000000000000000000 ) ) ;
#4384 = CARTESIAN_POINT ( 'NONE',  ( 1.071729911523487067, -0.2726829676047641815, 8.618749999999998579 ) ) ;
#4385 = CARTESIAN_POINT ( 'NONE',  ( -6.417932788416476519, 2.641825210184588268, -6.000000000000008882 ) ) ;
#4386 = AXIS2_PLACEMENT_3D ( 'NONE', #24, #5341, #1714 ) ;
#4387 = CARTESIAN_POINT ( 'NONE',  ( -2.127453415866093952E-16, -9.318660553226917322E-15, -8.673617379884035472E-15 ) ) ;
#4388 = VERTEX_POINT ( 'NONE', #7318 ) ;
#4389 = CARTESIAN_POINT ( 'NONE',  ( -1.071729911523480183, 0.2726829676047792805, 10.64374999999999893 ) ) ;
#4390 = DIRECTION ( 'NONE',  ( -2.565753199199158405E-18, -2.902514036010829075E-16, 1.000000000000000000 ) ) ;
#4391 = CARTESIAN_POINT ( 'NONE',  ( -0.2361503771250581252, -0.9281453293749779565, 10.69999999999999751 ) ) ;
#4392 = AXIS2_PLACEMENT_3D ( 'NONE', #6548, #5970, #6257 ) ;
#4393 = CARTESIAN_POINT ( 'NONE',  ( 0.7720153328868066822, 0.7918038455726065239, 11.78749999999999964 ) ) ;
#4394 = CARTESIAN_POINT ( 'NONE',  ( 0.9218726222051468744, 0.2595604389839208381, 9.499999999999996447 ) ) ;
#4395 = CARTESIAN_POINT ( 'NONE',  ( 7.640368203142238634, 11.17590210907525439, 12.87352342514724235 ) ) ;
#4396 = CARTESIAN_POINT ( 'NONE',  ( -7.635158559291296498, -11.34046032197707099, 12.50757547835304528 ) ) ;
#4397 = DIRECTION ( 'NONE',  ( 1.000000000000000000, 1.776356839400250465E-15, 0.000000000000000000 ) ) ;
#4398 = DIRECTION ( 'NONE',  ( -2.847250820465133659E-18, -2.954607913815861038E-18, -1.000000000000000000 ) ) ;
#4399 = ORIENTED_EDGE ( 'NONE', *, *, #1625, .F. ) ;
#4400 = AXIS2_PLACEMENT_3D ( 'NONE', #4224, #7618, #2854 ) ;
#4401 = DIRECTION ( 'NONE',  ( 0.4991391323160826454, -0.8665218558067351307, -3.154042683594198079E-16 ) ) ;
#4402 = ORIENTED_EDGE ( 'NONE', *, *, #6616, .T. ) ;
#4403 = CARTESIAN_POINT ( 'NONE',  ( -7.151945467620347330, -2.202197999314496890, 13.00000000000000178 ) ) ;
#4404 = DIRECTION ( 'NONE',  ( -2.565753199199158405E-18, -2.902514036010829075E-16, 1.000000000000000000 ) ) ;
#4405 = LINE ( 'NONE', #6796, #5943 ) ;
#4406 = DIRECTION ( 'NONE',  ( 0.000000000000000000, 1.000000000000000000, 0.000000000000000000 ) ) ;
#4407 = DIRECTION ( 'NONE',  ( 0.000000000000000000, 0.000000000000000000, 1.000000000000000000 ) ) ;
#4408 = VERTEX_POINT ( 'NONE', #4886 ) ;
#4409 = ORIENTED_EDGE ( 'NONE', *, *, #2815, .F. ) ;
#4410 = DIRECTION ( 'NONE',  ( -0.000000000000000000, 0.000000000000000000, 1.000000000000000000 ) ) ;
#4411 = CARTESIAN_POINT ( 'NONE',  ( -0.3988063169686432152, 1.416427813942202185, 13.02968749999999609 ) ) ;
#4412 = CARTESIAN_POINT ( 'NONE',  ( 1.426065627985125150, -0.3628375052865331907, 13.30156249999999751 ) ) ;
#4413 = DIRECTION ( 'NONE',  ( -0.9656681455035655004, 0.2597788150710230726, 7.292349956650012203E-17 ) ) ;
#4414 = VECTOR ( 'NONE', #1164, 1000.000000000000000 ) ;
#4415 = EDGE_LOOP ( 'NONE', ( #3672, #99, #7083, #574, #880, #2363 ) ) ;
#4416 = EDGE_CURVE ( 'NONE', #2994, #4885, #6732, .T. ) ;
#4417 = ORIENTED_EDGE ( 'NONE', *, *, #9, .T. ) ;
#4418 = DIRECTION ( 'NONE',  ( -0.9804261166812020534, -0.1968873528935216333, 0.000000000000000000 ) ) ;
#4419 = ORIENTED_EDGE ( 'NONE', *, *, #3072, .F. ) ;
#4420 = CARTESIAN_POINT ( 'NONE',  ( 0.4991629891265663144, -0.8952437155804198188, 13.99999999999999822 ) ) ;
#4421 = CARTESIAN_POINT ( 'NONE',  ( -0.7720153328867996878, -0.7918038455725918690, 8.918749999999999289 ) ) ;
#4422 = VERTEX_POINT ( 'NONE', #3287 ) ;
#4423 = CARTESIAN_POINT ( 'NONE',  ( -11.48339239518653088, 6.713633559939482076, -4.499999999998769873 ) ) ;
#4424 = EDGE_LOOP ( 'NONE', ( #4452, #4958, #1150, #5418 ) ) ;
#4425 = AXIS2_PLACEMENT_3D ( 'NONE', #6174, #4903, #6711 ) ;
#4426 = EDGE_CURVE ( 'NONE', #7088, #7088, #2537, .T. ) ;
#4427 = CARTESIAN_POINT ( 'NONE',  ( -0.6857222450800786184, 0.6685848903910790453, 13.24999999999999822 ) ) ;
#4428 = CARTESIAN_POINT ( 'NONE',  ( -1.071729911523480405, 0.2726829676047791695, 13.28749999999999787 ) ) ;
#4429 = FACE_OUTER_BOUND ( 'NONE', #3781, .T. ) ;
#4430 = CARTESIAN_POINT ( 'NONE',  ( 10.20304932535685793, -3.835072941201375318, -3.000000000000008882 ) ) ;
#4431 = DIRECTION ( 'NONE',  ( 0.000000000000000000, 0.000000000000000000, -1.000000000000000000 ) ) ;
#4432 = AXIS2_PLACEMENT_3D ( 'NONE', #1268, #7293, #2547 ) ;
#4433 = DIRECTION ( 'NONE',  ( 2.565753199199158405E-18, 2.902514036010829075E-16, -1.000000000000000000 ) ) ;
#4434 = DIRECTION ( 'NONE',  ( 2.565753199199158405E-18, 2.902514036010829075E-16, -1.000000000000000000 ) ) ;
#4435 = DIRECTION ( 'NONE',  ( -0.4991391323160829230, 0.8665218558067350196, 2.891205793294680298E-16 ) ) ;
#4436 = ADVANCED_FACE ( 'NONE', ( #4928, #2034 ), #4753, .F. ) ;
#4437 = CARTESIAN_POINT ( 'NONE',  ( 11.22228603804770231, -7.653416913244504016, 12.74822238610243197 ) ) ;
#4438 = FACE_OUTER_BOUND ( 'NONE', #558, .T. ) ;
#4439 = EDGE_LOOP ( 'NONE', ( #5995, #6666, #7389, #6526, #593, #1331, #5131, #4166 ) ) ;
#4440 = CARTESIAN_POINT ( 'NONE',  ( -4.991692462302967925, 0.5941926450286545425, -2.884042928819736229 ) ) ;
#4441 = CARTESIAN_POINT ( 'NONE',  ( 0.2527409261506037841, 0.9933514102514432453, 12.23615381056767859 ) ) ;
#4442 = FACE_OUTER_BOUND ( 'NONE', #2723, .T. ) ;
#4443 = DIRECTION ( 'NONE',  ( 0.4999999999999993339, 0.4999999999999993339, -0.7071067811865484609 ) ) ;
#4444 = AXIS2_PLACEMENT_3D ( 'NONE', #1795, #5377, #5413 ) ;
#4445 = EDGE_CURVE ( 'NONE', #5448, #7391, #3791, .T. ) ;
#4446 = EDGE_CURVE ( 'NONE', #1771, #1771, #2298, .T. ) ;
#4447 = EDGE_LOOP ( 'NONE', ( #1184, #5274 ) ) ;
#4448 = AXIS2_PLACEMENT_3D ( 'NONE', #3155, #4975, #2548 ) ;
#4449 = CARTESIAN_POINT ( 'NONE',  ( 0.000000000000000000, 0.000000000000000000, 12.00000000000000000 ) ) ;
#4450 = CARTESIAN_POINT ( 'NONE',  ( 1.426065627985125372, -0.3628375052865331352, 11.52968749999999787 ) ) ;
#4451 = CARTESIAN_POINT ( 'NONE',  ( -1.027259311016472720, -1.053590308655646623, 13.60156249999999822 ) ) ;
#4452 = ORIENTED_EDGE ( 'NONE', *, *, #4087, .T. ) ;
#4453 = VERTEX_POINT ( 'NONE', #189 ) ;
#4454 = CARTESIAN_POINT ( 'NONE',  ( -7.640372709696140241, 11.17590661562911869, 12.87350621807376250 ) ) ;
#4455 = CIRCLE ( 'NONE', #6185, 2.000000000000000444 ) ;
#4456 = LINE ( 'NONE', #5541, #6681 ) ;
#4457 = VERTEX_POINT ( 'NONE', #1329 ) ;
#4458 = CARTESIAN_POINT ( 'NONE',  ( -0.7720153328867996878, -0.7918038455725916469, 8.468749999999998224 ) ) ;
#4459 = AXIS2_PLACEMENT_3D ( 'NONE', #1833, #5958, #3013 ) ;
#4460 = DIRECTION ( 'NONE',  ( -2.847250820465129037E-18, -2.954607913815870667E-18, -1.000000000000000000 ) ) ;
#4461 = CARTESIAN_POINT ( 'NONE',  ( -0.7720153328867996878, -0.7918038455725918690, 9.818749999999999645 ) ) ;
#4462 = CARTESIAN_POINT ( 'NONE',  ( -0.3207707779579565543, 1.139271451999727569, 10.60759618943231786 ) ) ;
#4463 = ORIENTED_EDGE ( 'NONE', *, *, #2324, .T. ) ;
#4464 = CYLINDRICAL_SURFACE ( 'NONE', #5270, 6.000000000000000000 ) ;
#4465 = CIRCLE ( 'NONE', #1388, 2.200000000000000178 ) ;
#4466 = CARTESIAN_POINT ( 'NONE',  ( -0.3142264970239110888, -1.235009061298916855, 8.267187499999996803 ) ) ;
#4467 = CARTESIAN_POINT ( 'NONE',  ( -0.7720153328868000209, -0.7918038455725919800, 11.56249999999999645 ) ) ;
#4468 = CARTESIAN_POINT ( 'NONE',  ( 7.417547160490210345, 11.64840287560566878, 12.12860694511184079 ) ) ;
#4469 = CARTESIAN_POINT ( 'NONE',  ( -0.7720153328868002429, -0.7918038455725920910, 13.41874999999999574 ) ) ;
#4470 = PLANE ( 'NONE',  #2996 ) ;
#4471 = EDGE_CURVE ( 'NONE', #5873, #2754, #7384, .T. ) ;
#4472 = CARTESIAN_POINT ( 'NONE',  ( 5.950273855088226149, 10.53657748236149416, 12.02506098602420614 ) ) ;
#4473 = DIRECTION ( 'NONE',  ( 0.4991391323160827009, -0.8665218558067349086, -2.891205793294678819E-16 ) ) ;
#4474 = CIRCLE ( 'NONE', #4845, 5.999999999999999112 ) ;
#4475 = CARTESIAN_POINT ( 'NONE',  ( 0.2361503771250644812, 0.9281453293749930555, 12.78124999999999822 ) ) ;
#4476 = FACE_OUTER_BOUND ( 'NONE', #452, .T. ) ;
#4477 = FACE_OUTER_BOUND ( 'NONE', #5537, .T. ) ;
#4478 = EDGE_LOOP ( 'NONE', ( #2642 ) ) ;
#4479 = DIRECTION ( 'NONE',  ( 1.000000000000000000, 0.000000000000000000, 0.000000000000000000 ) ) ;
#4480 = CARTESIAN_POINT ( 'NONE',  ( 1.147023408217124452, -0.2918400834965619306, 13.47365381056767930 ) ) ;
#4481 = CARTESIAN_POINT ( 'NONE',  ( 0.6857222450800845026, -0.6685848903910642793, 13.02499999999999680 ) ) ;
#4482 = CARTESIAN_POINT ( 'NONE',  ( -1.121318413595897789, 5.894289186605182529, 15.69999999999999574 ) ) ;
#4483 = CYLINDRICAL_SURFACE ( 'NONE', #5578, 2.000000000000000444 ) ;
#4484 = ORIENTED_EDGE ( 'NONE', *, *, #4077, .T. ) ;
#4485 = CARTESIAN_POINT ( 'NONE',  ( -0.3988063169686428266, 1.416427813942202407, 8.501562499999998579 ) ) ;
#4486 = EDGE_CURVE ( 'NONE', #1873, #5661, #6156, .T. ) ;
#4487 = ORIENTED_EDGE ( 'NONE', *, *, #7065, .F. ) ;
#4488 = CARTESIAN_POINT ( 'NONE',  ( 0.000000000000000000, 0.000000000000000000, 11.00000000000000000 ) ) ;
#4489 = CARTESIAN_POINT ( 'NONE',  ( -1.426065627985118933, 0.3628375052865480677, 11.30468749999999645 ) ) ;
#4490 = CARTESIAN_POINT ( 'NONE',  ( 0.7720153328868070153, 0.7918038455726068570, 8.243749999999996803 ) ) ;
#4491 = CARTESIAN_POINT ( 'NONE',  ( -10.67100906761275070, -7.135475161679974754, 14.80016474488865441 ) ) ;
#4492 = EDGE_CURVE ( 'NONE', #5240, #5240, #206, .T. ) ;
#4493 = EDGE_CURVE ( 'NONE', #2879, #2879, #7475, .T. ) ;
#4494 = ORIENTED_EDGE ( 'NONE', *, *, #2201, .F. ) ;
#4495 = EDGE_LOOP ( 'NONE', ( #7308, #683 ) ) ;
#4496 = CARTESIAN_POINT ( 'NONE',  ( -7.607243831355064323, 11.14277773728803922, 13.00000000000000178 ) ) ;
#4497 = ORIENTED_EDGE ( 'NONE', *, *, #3665, .F. ) ;
#4498 = CARTESIAN_POINT ( 'NONE',  ( -1.071729911523479739, 0.2726829676047792805, 8.843749999999998224 ) ) ;
#4499 = VERTEX_POINT ( 'NONE', #3796 ) ;
#4500 = CARTESIAN_POINT ( 'NONE',  ( 0.6857222450800849467, -0.6685848903910641683, 9.931249999999996803 ) ) ;
#4501 = ORIENTED_EDGE ( 'NONE', *, *, #3782, .T. ) ;
#4502 = CARTESIAN_POINT ( 'NONE',  ( 0.9218726222051464303, 0.2595604389839206716, 13.09999999999999787 ) ) ;
#4503 = CARTESIAN_POINT ( 'NONE',  ( -0.6857222450800785074, 0.6685848903910791563, 10.99999999999999645 ) ) ;
#4504 = AXIS2_PLACEMENT_3D ( 'NONE', #5540, #6768, #803 ) ;
#4505 = CARTESIAN_POINT ( 'NONE',  ( 13.89952640630790803, -0.1147417986137503759, -2.500000000000008438 ) ) ;
#4506 = CARTESIAN_POINT ( 'NONE',  ( 10.86240059337045771, -1.976625532701263843, -2.983730977301272791 ) ) ;
#4507 = CARTESIAN_POINT ( 'NONE',  ( -0.6282633691911538865, 11.13757515829075118, -2.949281131751065210 ) ) ;
#4508 = DIRECTION ( 'NONE',  ( 2.565753199199158405E-18, 2.902514036010829075E-16, -1.000000000000000000 ) ) ;
#4509 = ADVANCED_FACE ( 'NONE', ( #224 ), #1406, .F. ) ;
#4510 = CARTESIAN_POINT ( 'NONE',  ( -0.2997145786366766096, 1.064486813177379032, 7.812499999999998224 ) ) ;
#4511 = AXIS2_PLACEMENT_3D ( 'NONE', #5693, #409, #6921 ) ;
#4512 = CIRCLE ( 'NONE', #2544, 2.299999999999997602 ) ;
#4513 = AXIS2_PLACEMENT_3D ( 'NONE', #2798, #7603, #2230 ) ;
#4514 = DIRECTION ( 'NONE',  ( -1.000000000000000000, 0.000000000000000000, 0.000000000000000000 ) ) ;
#4515 = CARTESIAN_POINT ( 'NONE',  ( 4.065753027381878725E-16, -2.024594466550937630E-15, -25.79999999999999716 ) ) ;
#4516 = EDGE_LOOP ( 'NONE', ( #4370 ) ) ;
#4517 = CARTESIAN_POINT ( 'NONE',  ( -10.43465397290524699, -6.899120066972471932, 15.69999999999999218 ) ) ;
#4518 = CARTESIAN_POINT ( 'NONE',  ( -0.3207707779579568874, 1.139271451999727347, 13.62365381056767610 ) ) ;
#4519 = CIRCLE ( 'NONE', #1938, 1.499999999999999334 ) ;
#4520 = CARTESIAN_POINT ( 'NONE',  ( -5.715364357624405756, -10.66511182593021623, 12.00000000000000000 ) ) ;
#4521 = CARTESIAN_POINT ( 'NONE',  ( -2.474873734152908344, 2.474873734152920335, 12.00000000000000000 ) ) ;
#4522 = ORIENTED_EDGE ( 'NONE', *, *, #6203, .F. ) ;
#4523 = EDGE_CURVE ( 'NONE', #7524, #7524, #1190, .T. ) ;
#4524 = CARTESIAN_POINT ( 'NONE',  ( 0.9124359724768875690, -0.8896326596143604437, 9.214062499999998934 ) ) ;
#4525 = VERTEX_POINT ( 'NONE', #6117 ) ;
#4526 = CARTESIAN_POINT ( 'NONE',  ( -6.697143117985448590, -3.376133003484933059, -5.500000000000007994 ) ) ;
#4527 = CARTESIAN_POINT ( 'NONE',  ( 0.2997145786366833264, -1.064486813177364155, 11.69374999999999787 ) ) ;
#4528 = CARTESIAN_POINT ( 'NONE',  ( 0.7720153328868069043, 0.7918038455726068570, 9.593749999999996447 ) ) ;
#4530 = EDGE_CURVE ( 'NONE', #3494, #5139, #3146, .T. ) ;
#4529 = CARTESIAN_POINT ( 'NONE',  ( -2.069263436905079656E-16, -8.660385116827828968E-15, -2.267949192431177874 ) ) ;
#4531 = ORIENTED_EDGE ( 'NONE', *, *, #141, .T. ) ;
#4532 = VERTEX_POINT ( 'NONE', #4961 ) ;
#4533 = CARTESIAN_POINT ( 'NONE',  ( -6.874418817138667315, -12.08107470081076684, -5.500000000000010658 ) ) ;
#4534 = CARTESIAN_POINT ( 'NONE',  ( -10.13914676754892241, -6.603612861616149132, 13.00000000000000178 ) ) ;
#4535 = ORIENTED_EDGE ( 'NONE', *, *, #6053, .F. ) ;
#4536 = DIRECTION ( 'NONE',  ( 0.2597788150710222954, 0.9656681455035657224, 2.809530629711173474E-16 ) ) ;
#4537 = VECTOR ( 'NONE', #2206, 1000.000000000000000 ) ;
#4538 = VERTEX_POINT ( 'NONE', #2118 ) ;
#4539 = LINE ( 'NONE', #422, #2669 ) ;
#4540 = CARTESIAN_POINT ( 'NONE',  ( -1.071729911523479961, 0.2726829676047792805, 9.293749999999999289 ) ) ;
#4541 = AXIS2_PLACEMENT_3D ( 'NONE', #1606, #5782, #6316 ) ;
#4542 = CARTESIAN_POINT ( 'NONE',  ( 0.000000000000000000, 0.000000000000000000, 3.000000000000000000 ) ) ;
#4543 = CARTESIAN_POINT ( 'NONE',  ( 0.3142264970239182498, 1.235009061298932398, 8.042187499999995381 ) ) ;
#4544 = CARTESIAN_POINT ( 'NONE',  ( 1.071729911523486622, -0.2726829676047643480, 11.71249999999999858 ) ) ;
#4545 = CARTESIAN_POINT ( 'NONE',  ( 7.230747688335978474, 11.80910002435080841, 12.02595618149638668 ) ) ;
#4546 = CARTESIAN_POINT ( 'NONE',  ( 10.29894941256964636, -3.792724787553362287, -3.000000000000011546 ) ) ;
#4547 = CARTESIAN_POINT ( 'NONE',  ( 6.444838686433802089, 2.909304780501046128, 12.00000000000000000 ) ) ;
#4548 = CARTESIAN_POINT ( 'NONE',  ( -0.6632904510110479990, 11.00737001768230883, -3.000000000000011990 ) ) ;
#4549 = CIRCLE ( 'NONE', #7258, 1.999999999999999778 ) ;
#4550 = PLANE ( 'NONE',  #4556 ) ;
#4551 = AXIS2_PLACEMENT_3D ( 'NONE', #3807, #2013, #4361 ) ;
#4552 = CARTESIAN_POINT ( 'NONE',  ( -1.147023408217117790, 0.2918400834965767521, 9.332596189432317502 ) ) ;
#4553 = ORIENTED_EDGE ( 'NONE', *, *, #5302, .T. ) ;
#4554 = CARTESIAN_POINT ( 'NONE',  ( -0.7720153328867996878, -0.7918038455725916469, 8.412499999999997868 ) ) ;
#4555 = CARTESIAN_POINT ( 'NONE',  ( 0.2361503771250649808, 0.9281453293749931666, 7.774999999999996803 ) ) ;
#4556 = AXIS2_PLACEMENT_3D ( 'NONE', #1088, #5837, #6984 ) ;
#4557 = DIRECTION ( 'NONE',  ( 0.000000000000000000, 0.000000000000000000, 1.000000000000000000 ) ) ;
#4558 = CARTESIAN_POINT ( 'NONE',  ( 0.04604345858560066757, -13.30184410068342871, -4.500000000000011546 ) ) ;
#4559 = VERTEX_POINT ( 'NONE', #3905 ) ;
#4560 = CARTESIAN_POINT ( 'NONE',  ( -0.9092258527485872488, -3.379838509262474755, -3.000000000000008882 ) ) ;
#4561 = EDGE_CURVE ( 'NONE', #293, #1915, #5495, .T. ) ;
#4562 = CARTESIAN_POINT ( 'NONE',  ( -0.7338970930875375887, 0.7155557677481522161, 13.21115381056767824 ) ) ;
#4563 = CARTESIAN_POINT ( 'NONE',  ( -0.2997145786366771647, 1.064486813177378810, 13.21249999999999858 ) ) ;
#4564 = CARTESIAN_POINT ( 'NONE',  ( -5.950273855088149766, -10.53657748236153679, 12.02506098602420259 ) ) ;
#4565 = VECTOR ( 'NONE', #3854, 999.9999999999998863 ) ;
#4566 = ORIENTED_EDGE ( 'NONE', *, *, #665, .T. ) ;
#4567 = CARTESIAN_POINT ( 'NONE',  ( -0.9124359724768809077, 0.8896326596143754317, 8.539062499999998224 ) ) ;
#4568 = EDGE_LOOP ( 'NONE', ( #4672, #5147, #5174, #4417 ) ) ;
#4569 = CARTESIAN_POINT ( 'NONE',  ( -3.659336059698154564, 5.644400730121171605, -4.500000000000006217 ) ) ;
#4570 = CARTESIAN_POINT ( 'NONE',  ( 0.9218726222051467634, 0.2595604389839208381, 10.45624999999999893 ) ) ;
#4571 = CARTESIAN_POINT ( 'NONE',  ( -0.2997145786366767761, 1.064486813177379032, 9.218749999999998224 ) ) ;
#4572 = LINE ( 'NONE', #3435, #7040 ) ;
#4573 = CARTESIAN_POINT ( 'NONE',  ( -12.08107470081068513, 6.874418817138786331, -5.500000000000005329 ) ) ;
#4574 = ADVANCED_FACE ( 'NONE', ( #3942 ), #2875, .T. ) ;
#4575 = ORIENTED_EDGE ( 'NONE', *, *, #6287, .F. ) ;
#4576 = APPLICATION_CONTEXT ( 'configuration controlled 3d designs of mechanical parts and assemblies' ) ;
#4577 = VECTOR ( 'NONE', #6605, 1000.000000000000114 ) ;
#4578 = ORIENTED_EDGE ( 'NONE', *, *, #729, .T. ) ;
#4579 = CARTESIAN_POINT ( 'NONE',  ( -0.3835908842384451733, -0.8775413304147334781, 8.045216426222747685 ) ) ;
#4580 = ORIENTED_EDGE ( 'NONE', *, *, #4847, .F. ) ;
#4581 = VERTEX_POINT ( 'NONE', #2841 ) ;
#4582 = CARTESIAN_POINT ( 'NONE',  ( -1.677930041855368204, -4.544886859514480015, -2.756142963053596073 ) ) ;
#4583 = CARTESIAN_POINT ( 'NONE',  ( 1.071729911523487067, -0.2726829676047642370, 8.618749999999998579 ) ) ;
#4584 = CARTESIAN_POINT ( 'NONE',  ( -0.2361503771250582639, -0.9281453293749780675, 12.04999999999999716 ) ) ;
#4585 = EDGE_CURVE ( 'NONE', #1764, #6928, #5156, .T. ) ;
#4586 = DIRECTION ( 'NONE',  ( -0.000000000000000000, 0.000000000000000000, -1.000000000000000000 ) ) ;
#4587 = CARTESIAN_POINT ( 'NONE',  ( 0.6857222450800845026, -0.6685848903910642793, 13.47499999999999787 ) ) ;
#4588 = CARTESIAN_POINT ( 'NONE',  ( -1.071729911523480183, 0.2726829676047792250, 11.48749999999999538 ) ) ;
#4589 = CARTESIAN_POINT ( 'NONE',  ( -6.444838686433802089, -2.909304780501045684, 15.69999999999998508 ) ) ;
#4590 = AXIS2_PLACEMENT_3D ( 'NONE', #2385, #3529, #74 ) ;
#4591 = EDGE_CURVE ( 'NONE', #5493, #4788, #1418, .T. ) ;
#4592 = CARTESIAN_POINT ( 'NONE',  ( -10.43465397290603391, 6.899120066973257970, 15.69999999999699725 ) ) ;
#4593 = DIRECTION ( 'NONE',  ( 0.7071067811865433539, -0.7071067811865517916, 0.000000000000000000 ) ) ;
#4594 = CYLINDRICAL_SURFACE ( 'NONE', #3417, 1.499999999999999778 ) ;
#4595 = CARTESIAN_POINT ( 'NONE',  ( -1.147023408217118012, 0.2918400834965767521, 9.782596189432320344 ) ) ;
#4596 = ORIENTED_EDGE ( 'NONE', *, *, #3647, .T. ) ;
#4597 = EDGE_CURVE ( 'NONE', #6739, #2948, #999, .T. ) ;
#4598 = CARTESIAN_POINT ( 'NONE',  ( 0.2361503771250649530, 0.9281453293749931666, 8.224999999999996092 ) ) ;
#4599 = CIRCLE ( 'NONE', #5833, 13.89999999999999858 ) ;
#4600 = CARTESIAN_POINT ( 'NONE',  ( -0.2361503771250583472, -0.9281453293749780675, 13.00624999999999787 ) ) ;
#4601 = DIRECTION ( 'NONE',  ( -0.4991391323160827009, 0.8665218558067349086, 2.891205793294678819E-16 ) ) ;
#4602 = CARTESIAN_POINT ( 'NONE',  ( 0.000000000000000000, 0.000000000000000000, 12.00000000000000000 ) ) ;
#4603 = ORIENTED_EDGE ( 'NONE', *, *, #5728, .F. ) ;
#4604 = CARTESIAN_POINT ( 'NONE',  ( -11.48339239518653088, 6.713633559939482076, -4.499999999998769873 ) ) ;
#4605 = CARTESIAN_POINT ( 'NONE',  ( -0.8262526302591584049, -0.8474313685031432675, 12.87365381056767610 ) ) ;
#4606 = CARTESIAN_POINT ( 'NONE',  ( 0.2361503771250644812, 0.9281453293749930555, 12.72499999999999609 ) ) ;
#4607 = EDGE_LOOP ( 'NONE', ( #5003, #7268, #3361, #6125 ) ) ;
#4608 = CIRCLE ( 'NONE', #4727, 1.025000000000000355 ) ;
#4609 = CARTESIAN_POINT ( 'NONE',  ( -1.426065627985118267, 0.3628375052865481232, 9.476562499999998224 ) ) ;
#4610 = ORIENTED_EDGE ( 'NONE', *, *, #101, .T. ) ;
#4611 = CARTESIAN_POINT ( 'NONE',  ( 12.94404492715472621, -0.2029595715829471403, -5.833402939700346401 ) ) ;
#4612 = CARTESIAN_POINT ( 'NONE',  ( -0.2361503771250580974, -0.9281453293749779565, 10.30624999999999858 ) ) ;
#4613 = CARTESIAN_POINT ( 'NONE',  ( 1.071729911523486845, -0.2726829676047641815, 9.068749999999997868 ) ) ;
#4614 = FACE_OUTER_BOUND ( 'NONE', #4846, .T. ) ;
#4615 = CARTESIAN_POINT ( 'NONE',  ( -10.90702677038144408, -7.371492864448665472, 13.90015215999016540 ) ) ;
#4616 = EDGE_CURVE ( 'NONE', #3608, #3392, #7433, .T. ) ;
#4617 = AXIS2_PLACEMENT_3D ( 'NONE', #3156, #6134, #4397 ) ;
#4618 = VERTEX_POINT ( 'NONE', #2151 ) ;
#4619 = CARTESIAN_POINT ( 'NONE',  ( -7.495141010748527677, 11.56469559113507017, 12.20616082374775146 ) ) ;
#4620 = EDGE_LOOP ( 'NONE', ( #3085 ) ) ;
#4621 = CARTESIAN_POINT ( 'NONE',  ( -0.8286579078088208705, -4.773483988696122005, -2.756265179335659621 ) ) ;
#4622 = CARTESIAN_POINT ( 'NONE',  ( 0.6857222450800850577, -0.6685848903910640573, 9.031249999999998224 ) ) ;
#4623 = CARTESIAN_POINT ( 'NONE',  ( -0.2997145786366769427, 1.064486813177378810, 11.86249999999999893 ) ) ;
#4624 = CARTESIAN_POINT ( 'NONE',  ( 3.376133003484901529, -6.697143117985468130, -5.500000000000015987 ) ) ;
#4625 = CARTESIAN_POINT ( 'NONE',  ( -0.9124359724768811297, 0.8896326596143752097, 10.81718749999999574 ) ) ;
#4626 = CARTESIAN_POINT ( 'NONE',  ( -10.26858420574041553, 7.016205697400165420, 15.90022110176724368 ) ) ;
#4627 = CARTESIAN_POINT ( 'NONE',  ( -6.899120066972359133, 10.43465397290531627, 15.70000000000000284 ) ) ;
#4628 = DIRECTION ( 'NONE',  ( -0.9804261166812020534, -0.1968873528935216333, 0.000000000000000000 ) ) ;
#4629 = EDGE_CURVE ( 'NONE', #6179, #5918, #416, .T. ) ;
#4630 = CARTESIAN_POINT ( 'NONE',  ( 6.580525678976806958, 10.15428296884883252, 12.73370439062652615 ) ) ;
#4631 = ORIENTED_EDGE ( 'NONE', *, *, #4739, .F. ) ;
#4632 = CARTESIAN_POINT ( 'NONE',  ( -0.9218726222051397690, -0.2595604389839061832, 9.274999999999996803 ) ) ;
#4633 = CARTESIAN_POINT ( 'NONE',  ( -0.2361503771250584027, -0.9281453293749781785, 13.45624999999999716 ) ) ;
#4634 = AXIS2_PLACEMENT_3D ( 'NONE', #4778, #5972, #694 ) ;
#4635 = AXIS2_PLACEMENT_3D ( 'NONE', #2571, #3214, #7280 ) ;
#4636 = CARTESIAN_POINT ( 'NONE',  ( -2.050480819890118965E-16, -8.447906342423668944E-15, -3.000000000000007994 ) ) ;
#4637 = CARTESIAN_POINT ( 'NONE',  ( 2.454303994262525990, 4.922031278217046335, -3.000000000000006217 ) ) ;
#4638 = VERTEX_POINT ( 'NONE', #5197 ) ;
#4639 = EDGE_CURVE ( 'NONE', #6596, #2940, #6274, .T. ) ;
#4640 = CYLINDRICAL_SURFACE ( 'NONE', #6652, 1.249999999999988010 ) ;
#4641 = CARTESIAN_POINT ( 'NONE',  ( 0.8262526302591650662, 0.8474313685031581445, 10.84865381056767930 ) ) ;
#4642 = CONICAL_SURFACE ( 'NONE', #4386, 1.499999999999999778, 0.7853981633974530530 ) ;
#4643 = AXIS2_PLACEMENT_3D ( 'NONE', #291, #5646, #213 ) ;
#4644 = ORIENTED_EDGE ( 'NONE', *, *, #6050, .F. ) ;
#4645 = CARTESIAN_POINT ( 'NONE',  ( -0.3142264970239115884, -1.235009061298917077, 13.66718749999999716 ) ) ;
#4646 = ORIENTED_EDGE ( 'NONE', *, *, #3520, .F. ) ;
#4647 = DIRECTION ( 'NONE',  ( 2.565753199199158405E-18, 2.902514036010829075E-16, -1.000000000000000000 ) ) ;
#4648 = CARTESIAN_POINT ( 'NONE',  ( 0.2997145786366832154, -1.064486813177364155, 12.14374999999999893 ) ) ;
#4649 = AXIS2_PLACEMENT_3D ( 'NONE', #6799, #1844, #1017 ) ;
#4650 = CARTESIAN_POINT ( 'NONE',  ( -0.2997145786366766096, 1.064486813177379032, 8.318749999999997868 ) ) ;
#4651 = CARTESIAN_POINT ( 'NONE',  ( 3.279483973820167542, -5.024438761240579865, -2.500000000000010214 ) ) ;
#4652 = CARTESIAN_POINT ( 'NONE',  ( -9.567717250745587876, 6.198289006636039211, -4.500000000000006217 ) ) ;
#4653 = EDGE_LOOP ( 'NONE', ( #5756, #4726, #1346, #4849 ) ) ;
#4654 = CARTESIAN_POINT ( 'NONE',  ( -0.9218726222051398800, -0.2595604389839062942, 11.13124999999999787 ) ) ;
#4655 = ORIENTED_EDGE ( 'NONE', *, *, #4445, .T. ) ;
#4656 = CARTESIAN_POINT ( 'NONE',  ( -9.551709196673721536, 6.223179672431717435, -4.228682052814044745 ) ) ;
#4657 = VERTEX_POINT ( 'NONE', #6234 ) ;
#4658 = CARTESIAN_POINT ( 'NONE',  ( -2.050480819890118965E-16, -8.447906342423668944E-15, -3.000000000000007994 ) ) ;
#4659 = CARTESIAN_POINT ( 'NONE',  ( -11.00000000000000000, 0.000000000000000000, 0.000000000000000000 ) ) ;
#4660 = DIRECTION ( 'NONE',  ( 1.000000000000000000, 0.000000000000000000, 0.000000000000000000 ) ) ;
#4661 = CARTESIAN_POINT ( 'NONE',  ( -0.9866380192381382086, -0.2777956425032832577, 12.97009618943231857 ) ) ;
#4662 = VERTEX_POINT ( 'NONE', #2761 ) ;
#4663 = EDGE_CURVE ( 'NONE', #4790, #4710, #3362, .T. ) ;
#4664 = CARTESIAN_POINT ( 'NONE',  ( 5.833718187018135382, -10.60168677524667480, 11.99999999999999822 ) ) ;
#4665 = CARTESIAN_POINT ( 'NONE',  ( 0.3142264970239179167, 1.235009061298932176, 10.74218749999999645 ) ) ;
#4666 = CARTESIAN_POINT ( 'NONE',  ( 2.909304780501023480, -6.444838686433811858, 15.69999999999999574 ) ) ;
#4667 = CARTESIAN_POINT ( 'NONE',  ( 9.567717250745632285, -6.198289006635990361, -2.500000000000010214 ) ) ;
#4668 = CARTESIAN_POINT ( 'NONE',  ( 10.26858420574041553, -7.016205697400165420, 15.90022110176724368 ) ) ;
#4669 = PLANE ( 'NONE',  #4907 ) ;
#4670 = CARTESIAN_POINT ( 'NONE',  ( -0.3207707779579564433, 1.139271451999727791, 8.807596189432318923 ) ) ;
#4671 = EDGE_CURVE ( 'NONE', #2095, #613, #4276, .T. ) ;
#4672 = ORIENTED_EDGE ( 'NONE', *, *, #6639, .T. ) ;
#4673 = AXIS2_PLACEMENT_3D ( 'NONE', #6445, #1298, #4116 ) ;
#4674 = CARTESIAN_POINT ( 'NONE',  ( -0.9218726222051396579, -0.2595604389839062387, 8.374999999999996447 ) ) ;
#4675 = FACE_OUTER_BOUND ( 'NONE', #4762, .T. ) ;
#4676 = CARTESIAN_POINT ( 'NONE',  ( -0.7720153328867996878, -0.7918038455725918690, 10.21249999999999858 ) ) ;
#4677 = CARTESIAN_POINT ( 'NONE',  ( 1.677930041855366650, 4.544886859514464028, -2.756142963053593853 ) ) ;
#4678 = VERTEX_POINT ( 'NONE', #1604 ) ;
#4679 = DIRECTION ( 'NONE',  ( 2.565753199199158405E-18, 2.902514036010829075E-16, -1.000000000000000000 ) ) ;
#4680 = CARTESIAN_POINT ( 'NONE',  ( 0.7338970930875435839, -0.7155557677481375611, 11.18615381056767610 ) ) ;
#4681 = CARTESIAN_POINT ( 'NONE',  ( -0.2997145786366772202, 1.064486813177378810, 14.11249999999999716 ) ) ;
#4682 = EDGE_CURVE ( 'NONE', #5897, #5897, #1297, .T. ) ;
#4683 = ORIENTED_EDGE ( 'NONE', *, *, #6380, .T. ) ;
#4684 = CARTESIAN_POINT ( 'NONE',  ( -0.5613880118888628923, 11.38616895624280012, -4.500000000000004441 ) ) ;
#4685 = ORIENTED_EDGE ( 'NONE', *, *, #3576, .T. ) ;
#4686 = CARTESIAN_POINT ( 'NONE',  ( -6.713633559939369277, -11.48339239518661259, -4.499999999998771649 ) ) ;
#4687 = CARTESIAN_POINT ( 'NONE',  ( -0.9218726222051399910, -0.2595604389839062942, 12.03124999999999645 ) ) ;
#4688 = CARTESIAN_POINT ( 'NONE',  ( 0.7720153328868066822, 0.7918038455726065239, 11.84374999999999822 ) ) ;
#4689 = CARTESIAN_POINT ( 'NONE',  ( 6.198289006635946841, 9.567717250745644719, -4.500000000000005329 ) ) ;
#4690 = CARTESIAN_POINT ( 'NONE',  ( 5.599574727274903907, -1.065252492916160199, 16.00000000000000000 ) ) ;
#4691 = EDGE_CURVE ( 'NONE', #716, #3982, #2266, .T. ) ;
#4692 = AXIS2_PLACEMENT_3D ( 'NONE', #119, #2469, #4823 ) ;
#4693 = ORIENTED_EDGE ( 'NONE', *, *, #2750, .F. ) ;
#4694 = EDGE_CURVE ( 'NONE', #3351, #3931, #5124, .T. ) ;
#4695 = ORIENTED_EDGE ( 'NONE', *, *, #3710, .F. ) ;
#4696 = CIRCLE ( 'NONE', #1244, 13.85588093706481416 ) ;
#4697 = LINE ( 'NONE', #6109, #6108 ) ;
#4698 = CARTESIAN_POINT ( 'NONE',  ( 1.226662469500802821, 0.3453764016845636275, 9.739062499999997513 ) ) ;
#4699 = VERTEX_POINT ( 'NONE', #6504 ) ;
#4700 = FACE_OUTER_BOUND ( 'NONE', #1208, .T. ) ;
#4701 = CARTESIAN_POINT ( 'NONE',  ( 0.8262526302591649552, 0.8474313685031579224, 12.78259618943231501 ) ) ;
#4702 = ORIENTED_EDGE ( 'NONE', *, *, #7330, .F. ) ;
#4703 = AXIS2_PLACEMENT_3D ( 'NONE', #2609, #1678, #3179 ) ;
#4704 = CARTESIAN_POINT ( 'NONE',  ( 11.38616895624280367, 0.5613880118889733595, -4.362983183047383307 ) ) ;
#4705 = CARTESIAN_POINT ( 'NONE',  ( 0.3988063169686492104, -1.416427813942187308, 11.00468749999999751 ) ) ;
#4706 = CARTESIAN_POINT ( 'NONE',  ( -2.475830869222224617, 4.911238286522678465, -6.000000000000006217 ) ) ;
#4707 = PLANE ( 'NONE',  #5333 ) ;
#4708 = PLANE ( 'NONE',  #4354 ) ;
#4709 = CARTESIAN_POINT ( 'NONE',  ( 1.927630785229556887, -6.307474895378931024, -2.500000000000010214 ) ) ;
#4710 = VERTEX_POINT ( 'NONE', #1217 ) ;
#4711 = CARTESIAN_POINT ( 'NONE',  ( -0.2361503771250579586, -0.9281453293749779565, 8.899999999999998579 ) ) ;
#4712 = CARTESIAN_POINT ( 'NONE',  ( 0.9218726222051469854, 0.2595604389839208936, 8.149999999999996803 ) ) ;
#4713 = ORIENTED_EDGE ( 'NONE', *, *, #6438, .F. ) ;
#4714 = CARTESIAN_POINT ( 'NONE',  ( 6.232706652077832921, 3.121436814857016184, 16.00000000000000000 ) ) ;
#4715 = CIRCLE ( 'NONE', #3704, 1.250000000000001110 ) ;
#4716 = CARTESIAN_POINT ( 'NONE',  ( -0.9866380192381379866, -0.2777956425032830912, 10.13615381056767539 ) ) ;
#4717 = ORIENTED_EDGE ( 'NONE', *, *, #5602, .T. ) ;
#4718 = CARTESIAN_POINT ( 'NONE',  ( -0.7845673061110358670, 11.37341638859650494, -3.870146775263014760 ) ) ;
#4719 = ORIENTED_EDGE ( 'NONE', *, *, #2444, .F. ) ;
#4720 = CARTESIAN_POINT ( 'NONE',  ( 6.198289006636020559, 9.567717250745916502, -2.635821127863689384 ) ) ;
#4721 = CARTESIAN_POINT ( 'NONE',  ( 13.89952640630790803, -0.1147417986137497931, -4.500000000000007994 ) ) ;
#4722 = CARTESIAN_POINT ( 'NONE',  ( 0.2997145786366831599, -1.064486813177364155, 12.59374999999999645 ) ) ;
#4723 = CARTESIAN_POINT ( 'NONE',  ( -6.958114565250502537, -10.35192058128947856, 15.80021675202712039 ) ) ;
#4724 = FACE_OUTER_BOUND ( 'NONE', #3403, .T. ) ;
#4725 = CARTESIAN_POINT ( 'NONE',  ( -1.973508223914144224E-16, -7.577152131620420567E-15, -6.000000000000007994 ) ) ;
#4726 = ORIENTED_EDGE ( 'NONE', *, *, #7330, .T. ) ;
#4727 = AXIS2_PLACEMENT_3D ( 'NONE', #4191, #1964, #4779 ) ;
#4728 = VERTEX_POINT ( 'NONE', #7013 ) ;
#4729 = CARTESIAN_POINT ( 'NONE',  ( -3.835072941201331354, -10.20304932535688458, -3.000000000000010658 ) ) ;
#4730 = CARTESIAN_POINT ( 'NONE',  ( -0.3142264970239114219, -1.235009061298917077, 11.83906249999999893 ) ) ;
#4731 = ORIENTED_EDGE ( 'NONE', *, *, #5066, .T. ) ;
#4732 = ADVANCED_FACE ( 'NONE', ( #6469 ), #4799, .F. ) ;
#4733 = DIRECTION ( 'NONE',  ( 2.565753199199158405E-18, 2.902514036010829075E-16, -1.000000000000000000 ) ) ;
#4734 = CC_DESIGN_APPROVAL ( #5349, ( #5224 ) ) ;
#4735 = CARTESIAN_POINT ( 'NONE',  ( -0.5794548062965001467, -2.277439818625252244, 13.99999999999999822 ) ) ;
#4736 = CARTESIAN_POINT ( 'NONE',  ( 0.3207707779579628826, -1.139271451999712914, 12.18259618943232070 ) ) ;
#4737 = B_SPLINE_CURVE_WITH_KNOTS ( 'NONE', 3,
 ( #7436, #4615, #4491, #6807 ),
 .UNSPECIFIED., .F., .F.,
 ( 4, 4 ),
 ( 0.001066541654794261190, 0.003946277481238828072 ),
 .UNSPECIFIED. ) ;
#4738 = CARTESIAN_POINT ( 'NONE',  ( 6.444838686433802089, -2.909304780501044796, 15.69999999999999218 ) ) ;
#4739 = EDGE_CURVE ( 'NONE', #3852, #1602, #453, .T. ) ;
#4740 = LINE ( 'NONE', #6478, #1478 ) ;
#4741 = CARTESIAN_POINT ( 'NONE',  ( -5.599574727274903907, 1.065252492916160199, 16.00000000000000000 ) ) ;
#4742 = FACE_OUTER_BOUND ( 'NONE', #2727, .T. ) ;
#4743 = DIRECTION ( 'NONE',  ( -0.1836913617453286574, -0.6828304940614071672, 0.7071067811865485719 ) ) ;
#4744 = DIRECTION ( 'NONE',  ( 0.9656681455035629469, -0.2597788150710325095, -7.292349956650284606E-17 ) ) ;
#4745 = ORIENTED_EDGE ( 'NONE', *, *, #7250, .F. ) ;
#4746 = CARTESIAN_POINT ( 'NONE',  ( -0.2997145786366767761, 1.064486813177379032, 9.612499999999997158 ) ) ;
#4747 = B_SPLINE_CURVE_WITH_KNOTS ( 'NONE', 3,
 ( #1765, #1149, #4656, #1185, #3516, #2914, #2988, #3483, #5893, #1724 ),
 .UNSPECIFIED., .F., .F.,
 ( 4, 2, 2, 2, 4 ),
 ( 0.000000000000000000, 0.0004045946928291421839, 0.0008091893856582843677, 0.001213784078487426497, 0.001618378771316568735 ),
 .UNSPECIFIED. ) ;
#4748 = CARTESIAN_POINT ( 'NONE',  ( 1.071729911523486845, -0.2726829676047642370, 9.912499999999997868 ) ) ;
#4749 = FACE_OUTER_BOUND ( 'NONE', #3612, .T. ) ;
#4750 = CARTESIAN_POINT ( 'NONE',  ( -6.223179672431625953, -9.551709196673796143, -4.228682052814049186 ) ) ;
#4751 = CARTESIAN_POINT ( 'NONE',  ( 0.3207707779579631602, -1.139271451999712692, 10.24865381056767610 ) ) ;
#4752 = ORIENTED_EDGE ( 'NONE', *, *, #3658, .F. ) ;
#4753 = CONICAL_SURFACE ( 'NONE', #697, 2.000000000000000444, 0.7853981633974526089 ) ;
#4754 = CARTESIAN_POINT ( 'NONE',  ( -1.027259311016472720, -1.053590308655646623, 13.62968749999999751 ) ) ;
#4755 = ORIENTED_EDGE ( 'NONE', *, *, #3862, .T. ) ;
#4756 = FACE_OUTER_BOUND ( 'NONE', #2613, .T. ) ;
#4757 = CARTESIAN_POINT ( 'NONE',  ( -0.2997145786366771647, 1.064486813177378588, 13.71874999999999645 ) ) ;
#4758 = CARTESIAN_POINT ( 'NONE',  ( -0.9218726222051398800, -0.2595604389839062942, 11.58124999999999716 ) ) ;
#4759 = DIRECTION ( 'NONE',  ( 0.000000000000000000, 0.000000000000000000, 1.000000000000000000 ) ) ;
#4760 = AXIS2_PLACEMENT_3D ( 'NONE', #2146, #447, #3277 ) ;
#4761 = FACE_OUTER_BOUND ( 'NONE', #3737, .T. ) ;
#4762 = EDGE_LOOP ( 'NONE', ( #2717, #3399, #5580, #6021 ) ) ;
#4763 = EDGE_CURVE ( 'NONE', #5736, #3444, #3350, .T. ) ;
#4764 = TOROIDAL_SURFACE ( 'NONE', #6981, 5.500000000000000000, 1.000000000000000000 ) ;
#4765 = CIRCLE ( 'NONE', #3396, 4.500000000000000000 ) ;
#4766 = ORIENTED_EDGE ( 'NONE', *, *, #4900, .T. ) ;
#4767 = CARTESIAN_POINT ( 'NONE',  ( -3.740058271346564212, -10.38813583706065380, -2.983771769478352098 ) ) ;
#4768 = CARTESIAN_POINT ( 'NONE',  ( -1.426065627985118933, 0.3628375052865480122, 11.72656250000000000 ) ) ;
#4769 = ORIENTED_EDGE ( 'NONE', *, *, #1945, .F. ) ;
#4770 = PERSON_AND_ORGANIZATION ( #6722, #7448 ) ;
#4771 = CARTESIAN_POINT ( 'NONE',  ( 0.7338970930875433618, -0.7155557677481375611, 13.12009618943231715 ) ) ;
#4772 = AXIS2_PLACEMENT_3D ( 'NONE', #4979, #4557, #2212 ) ;
#4773 = ORIENTED_EDGE ( 'NONE', *, *, #4077, .F. ) ;
#4774 = EDGE_CURVE ( 'NONE', #1741, #6554, #4747, .T. ) ;
#4775 = DIRECTION ( 'NONE',  ( 0.4991391323161148974, -0.8665218558067163679, -2.168404344971009115E-16 ) ) ;
#4776 = VERTEX_POINT ( 'NONE', #3623 ) ;
#4777 = CARTESIAN_POINT ( 'NONE',  ( -2.069263436905079656E-16, -8.660385116827828968E-15, -2.267949192431177874 ) ) ;
#4778 = CARTESIAN_POINT ( 'NONE',  ( -2.050480819890118965E-16, -8.447906342423668944E-15, -3.000000000000007994 ) ) ;
#4779 = DIRECTION ( 'NONE',  ( 0.2597788150710226285, 0.9656681455035653894, 0.000000000000000000 ) ) ;
#4780 = FACE_OUTER_BOUND ( 'NONE', #4340, .T. ) ;
#4781 = ORIENTED_EDGE ( 'NONE', *, *, #1521, .T. ) ;
#4782 = CARTESIAN_POINT ( 'NONE',  ( -0.2361503771250580419, -0.9281453293749779565, 9.799999999999995381 ) ) ;
#4783 = DIRECTION ( 'NONE',  ( -0.000000000000000000, -0.000000000000000000, 1.000000000000000000 ) ) ;
#4784 = CARTESIAN_POINT ( 'NONE',  ( 6.444838686433802089, 2.909304780501045684, -5.729735577732628649 ) ) ;
#4785 = CARTESIAN_POINT ( 'NONE',  ( 1.147023408217124674, -0.2918400834965618196, 10.32365381056767895 ) ) ;
#4786 = AXIS2_PLACEMENT_3D ( 'NONE', #3599, #6553, #7027 ) ;
#4787 = VERTEX_POINT ( 'NONE', #719 ) ;
#4788 = VERTEX_POINT ( 'NONE', #7121 ) ;
#4789 = CARTESIAN_POINT ( 'NONE',  ( 4.099354967275209205, -6.280548451550723499, -2.500000000000010214 ) ) ;
#4790 = VERTEX_POINT ( 'NONE', #3018 ) ;
#4791 = DIRECTION ( 'NONE',  ( -0.4991391323160825899, 0.8665218558067351307, 2.556727654556163447E-16 ) ) ;
#4792 = CARTESIAN_POINT ( 'NONE',  ( 0.8396352566011313634, -0.4606879517952032765, 14.00000000000000000 ) ) ;
#4793 = CARTESIAN_POINT ( 'NONE',  ( 1.071729911523486845, -0.2726829676047643480, 11.76874999999999716 ) ) ;
#4794 = LINE ( 'NONE', #7117, #6783 ) ;
#4795 = DIRECTION ( 'NONE',  ( -0.7071067811865483499, -0.7071067811865467956, 0.000000000000000000 ) ) ;
#4796 = ORIENTED_EDGE ( 'NONE', *, *, #6834, .T. ) ;
#4797 = EDGE_LOOP ( 'NONE', ( #5336 ) ) ;
#4798 = B_SPLINE_CURVE_WITH_KNOTS ( 'NONE', 3,
 ( #1036, #1151, #5742, #2306 ),
 .UNSPECIFIED., .F., .F.,
 ( 4, 4 ),
 ( 0.000000000000000000, 0.0004204355887773334561 ),
 .UNSPECIFIED. ) ;
#4799 = CYLINDRICAL_SURFACE ( 'NONE', #1810, 1.000000000000000000 ) ;
#4800 = CARTESIAN_POINT ( 'NONE',  ( -0.9124359724768812407, 0.8896326596143752097, 11.68906249999999858 ) ) ;
#4801 = EDGE_CURVE ( 'NONE', #1861, #4382, #5015, .T. ) ;
#4802 = AXIS2_PLACEMENT_3D ( 'NONE', #4403, #6751, #2174 ) ;
#4803 = APPLICATION_PROTOCOL_DEFINITION ( 'international standard', 'config_control_design', 1994, #1566 ) ;
#4804 = CARTESIAN_POINT ( 'NONE',  ( -1.147023408217118234, 0.2918400834965766411, 12.03259618943231679 ) ) ;
#4805 = CARTESIAN_POINT ( 'NONE',  ( 0.5613880118889413851, -11.38616895624281611, -2.500000000000012434 ) ) ;
#4806 = AXIS2_PLACEMENT_3D ( 'NONE', #7023, #1736, #4114 ) ;
#4807 = FACE_OUTER_BOUND ( 'NONE', #1747, .T. ) ;
#4808 = CARTESIAN_POINT ( 'NONE',  ( -6.603612861616042551, 10.13914676754899169, 13.00000000000000178 ) ) ;
#4809 = EDGE_CURVE ( 'NONE', #6235, #1783, #2437, .T. ) ;
#4810 = CARTESIAN_POINT ( 'NONE',  ( 9.656681455035650785, -2.597788150710253152, -3.000000000000008882 ) ) ;
#4811 = LINE ( 'NONE', #7167, #5075 ) ;
#4812 = CARTESIAN_POINT ( 'NONE',  ( -10.53747076048390241, -5.948711359193019632, 12.02448170976803432 ) ) ;
#4813 = VECTOR ( 'NONE', #3237, 1000.000000000000114 ) ;
#4814 = CARTESIAN_POINT ( 'NONE',  ( 11.54265529284564451, -6.937986705640165397, -3.883894448163391910 ) ) ;
#4815 = EDGE_CURVE ( 'NONE', #756, #4525, #4697, .T. ) ;
#4816 = ORIENTED_EDGE ( 'NONE', *, *, #2289, .T. ) ;
#4817 = CARTESIAN_POINT ( 'NONE',  ( -2.909304780500978183, 6.444838686433832287, 13.00000000000000178 ) ) ;
#4818 = CARTESIAN_POINT ( 'NONE',  ( 1.071729911523486845, -0.2726829676047642370, 9.462499999999998579 ) ) ;
#4819 = EDGE_CURVE ( 'NONE', #3504, #1648, #5255, .T. ) ;
#4820 = AXIS2_PLACEMENT_3D ( 'NONE', #2557, #5524, #3778 ) ;
#4821 = CARTESIAN_POINT ( 'NONE',  ( -0.6857222450800785074, 0.6685848903910791563, 11.44999999999999751 ) ) ;
#4822 = CARTESIAN_POINT ( 'NONE',  ( 0.2361503771250647588, 0.9281453293749931666, 10.02499999999999680 ) ) ;
#4823 = DIRECTION ( 'NONE',  ( -0.4991391323160795923, 0.8665218558067369070, 2.556727654556163447E-16 ) ) ;
#4824 = EDGE_CURVE ( 'NONE', #3522, #3522, #5369, .T. ) ;
#4825 = CARTESIAN_POINT ( 'NONE',  ( -0.3207707779579564433, 1.139271451999727791, 8.223653810567677525 ) ) ;
#4826 = EDGE_LOOP ( 'NONE', ( #5288, #6098, #7550, #5907 ) ) ;
#4827 = EDGE_CURVE ( 'NONE', #1808, #1808, #6232, .T. ) ;
#4828 = DIRECTION ( 'NONE',  ( 0.000000000000000000, 0.000000000000000000, 1.000000000000000000 ) ) ;
#4829 = ORIENTED_EDGE ( 'NONE', *, *, #2539, .T. ) ;
#4830 = CARTESIAN_POINT ( 'NONE',  ( -4.768537241836573237, 2.282043276726021475, -2.981518525787258955 ) ) ;
#4831 = CARTESIAN_POINT ( 'NONE',  ( -0.9218726222051396579, -0.2595604389839062387, 8.374999999999996447 ) ) ;
#4832 = CARTESIAN_POINT ( 'NONE',  ( 0.2361503771250646755, 0.9281453293749931666, 10.98124999999999751 ) ) ;
#4833 = CIRCLE ( 'NONE', #3963, 1.352549999999998365 ) ;
#4834 = CARTESIAN_POINT ( 'NONE',  ( -0.3464363557219215517, -5.489078415493277241, -3.000000000000009770 ) ) ;
#4835 = EDGE_CURVE ( 'NONE', #4023, #5651, #6308, .T. ) ;
#4836 = CARTESIAN_POINT ( 'NONE',  ( 3.588429625101972779E-15, 9.371612222547325384E-15, 13.30955882352942155 ) ) ;
#4837 = ORIENTED_EDGE ( 'NONE', *, *, #2561, .T. ) ;
#4838 = EDGE_LOOP ( 'NONE', ( #7616, #2257, #2145, #5539, #580, #4214, #4755, #3632, #1683, #5520, #300, #2949, #7302, #3499, #5328, #2321, #2531, #5101, #765, #6692, #5340, #1592, #3431, #2896 ) ) ;
#4839 = FACE_OUTER_BOUND ( 'NONE', #85, .T. ) ;
#4840 = CARTESIAN_POINT ( 'NONE',  ( 1.426065627985125372, -0.3628375052865330797, 10.62968749999999929 ) ) ;
#4841 = CARTESIAN_POINT ( 'NONE',  ( -1.426065627985118711, 0.3628375052865480677, 10.82656249999999964 ) ) ;
#4842 = FACE_OUTER_BOUND ( 'NONE', #5212, .T. ) ;
#4843 = DIRECTION ( 'NONE',  ( 1.000000000000000000, 0.000000000000000000, 0.000000000000000000 ) ) ;
#4844 = CARTESIAN_POINT ( 'NONE',  ( -13.52811107638871313, -0.5056950439534676489, -3.622674778875798030 ) ) ;
#4845 = AXIS2_PLACEMENT_3D ( 'NONE', #6249, #6212, #1579 ) ;
#4846 = EDGE_LOOP ( 'NONE', ( #6410, #2811, #4204, #4008 ) ) ;
#4847 = EDGE_CURVE ( 'NONE', #6554, #3008, #6189, .T. ) ;
#4848 = ADVANCED_FACE ( 'NONE', ( #5573 ), #4253, .F. ) ;
#4849 = ORIENTED_EDGE ( 'NONE', *, *, #4035, .T. ) ;
#4850 = DIRECTION ( 'NONE',  ( -0.2465765133176615331, -0.9691233270745808204, 0.000000000000000000 ) ) ;
#4851 = DIRECTION ( 'NONE',  ( 0.4991391323160827009, -0.8665218558067350196, -2.387234141252486967E-16 ) ) ;
#4852 = CARTESIAN_POINT ( 'NONE',  ( 5.644400730121142296, 3.659336059698205190, -4.500000000000007105 ) ) ;
#4853 = DIRECTION ( 'NONE',  ( -0.000000000000000000, -0.000000000000000000, -1.000000000000000000 ) ) ;
#4854 = CARTESIAN_POINT ( 'NONE',  ( 11.32748234310512458, 0.5771755667466377249, -2.767425090738328208 ) ) ;
#4855 = EDGE_LOOP ( 'NONE', ( #2422, #5806, #7516, #6879 ) ) ;
#4856 = CARTESIAN_POINT ( 'NONE',  ( 0.6857222450800848357, -0.6685848903910641683, 10.38124999999999787 ) ) ;
#4857 = CARTESIAN_POINT ( 'NONE',  ( 1.071729911523486845, -0.2726829676047643480, 11.71249999999999858 ) ) ;
#4858 = CARTESIAN_POINT ( 'NONE',  ( 0.2997145786366833820, -1.064486813177363933, 10.73749999999999716 ) ) ;
#4859 = DIRECTION ( 'NONE',  ( 0.000000000000000000, 0.000000000000000000, -1.000000000000000000 ) ) ;
#4860 = EDGE_CURVE ( 'NONE', #5564, #4787, #6357, .T. ) ;
#4861 = CARTESIAN_POINT ( 'NONE',  ( -4.099354967275164796, 6.280548451550735933, -5.500000000000005329 ) ) ;
#4862 = DIRECTION ( 'NONE',  ( 0.000000000000000000, 0.000000000000000000, 1.000000000000000000 ) ) ;
#4863 = VERTEX_POINT ( 'NONE', #3701 ) ;
#4864 = CARTESIAN_POINT ( 'NONE',  ( 10.41304740207331569, -6.163900371885313589, 12.12185917597527407 ) ) ;
#4865 = ORIENTED_EDGE ( 'NONE', *, *, #5872, .F. ) ;
#4866 = CARTESIAN_POINT ( 'NONE',  ( 7.859052248806893459, -1.495091218127946320, 16.00000000000000000 ) ) ;
#4867 = CARTESIAN_POINT ( 'NONE',  ( 5.715364357624332037, -10.66511182593025531, 12.00000000000000000 ) ) ;
#4868 = CARTESIAN_POINT ( 'NONE',  ( 10.96928751539017455, -2.257004256625621430, -2.904176135331583364 ) ) ;
#4869 = DIRECTION ( 'NONE',  ( 1.000000000000000000, 0.000000000000000000, 0.000000000000000000 ) ) ;
#4870 = CC_DESIGN_DATE_AND_TIME_ASSIGNMENT ( #2528, #1288, ( #3722 ) ) ;
#4871 = LINE ( 'NONE', #132, #3101 ) ;
#4872 = ORIENTED_EDGE ( 'NONE', *, *, #4987, .F. ) ;
#4873 = ORIENTED_EDGE ( 'NONE', *, *, #5362, .T. ) ;
#4874 = AXIS2_PLACEMENT_3D ( 'NONE', #3867, #3402, #1568 ) ;
#4875 = DIRECTION ( 'NONE',  ( -0.4991391323160822013, 0.8665218558067353527, 0.000000000000000000 ) ) ;
#4876 = CARTESIAN_POINT ( 'NONE',  ( -0.3988063169686429932, 1.416427813942202185, 10.77968749999999787 ) ) ;
#4877 = CARTESIAN_POINT ( 'NONE',  ( 0.3142264970239177502, 1.235009061298932176, 12.96406249999999893 ) ) ;
#4878 = DIRECTION ( 'NONE',  ( -0.7071067811865532349, -0.7071067811865417996, 0.000000000000000000 ) ) ;
#4879 = DATE_TIME_ROLE ( 'classification_date' ) ;
#4880 = CARTESIAN_POINT ( 'NONE',  ( 2.407412430484044816E-32, 2.407412430484044816E-32, 0.000000000000000000 ) ) ;
#4881 = ORIENTED_EDGE ( 'NONE', *, *, #135, .F. ) ;
#4882 =( BOUNDED_SURFACE ( )  B_SPLINE_SURFACE ( 1, 2, ( 
 ( #3614, #1210, #5987, #7187, #1793, #3651, #712, #129, #2476, #6603, #1830, #3580, #3087, #4092, #1241, #6462, #4831, #4132, #5953, #1904, #4245, #1351, #4288, #3694, #7223, #1942, #6643, #7103, #1703, #12, #5363, #5908, #2359, #2319, #3497, #1167, #1781, #2894, #2391, #6992, #1199, #3035, #1745, #5258, #5401, #629, #3571, #7135, #1852, #4197, #5842, #6555, #1266, #116, #1129, #2466, #3604, #4748, #4043, #556, #5876, #6408, #5977, #701, #7619, #4676, #7032, #4080, #597, #2967, #2933, #7066, #4119, #3535, #5329, #5592, #5440, #6590, #1339, #812, #1969, #3151, #5513, #198, #4938, #3723, #1303, #3641, #3225, #891, #1453, #6055, #4234, #4972, #3186, #7291, #238, #2619, #4821, #312, #3682, #7174, #3762, #4896, #2579, #4857, #2545, #4393, #6013, #4356, #1893, #1381, #6089, #3802, #2008, #7251, #7331, #738, #2044, #2506, #4315, #3076, #278, #6705, #6669, #777, #1416, #6129, #854, #5552, #6741, #6166, #7210, #160, #1930, #4277, #6631, #3115, #5477, #7404, #2237, #467, #4502, #6283, #6244, #7450, #4427, #1613, #5166, #5087, #1492, #969, #4587, #2731, #6360, #3952, #3329, #6208, #1083, #3876, #3295, #2693, #2767, #2160, #5042, #1658, #5749, #1574, #5671, #6324, #388, #5710, #5788 ),
 ( #2124, #6863, #3913, #1043, #2082, #1007, #2199, #428, #6822, #6900, #5122, #7490, #4543, #3371, #6941, #350, #2803, #7532, #4466, #3995, #3409, #2654, #1533, #5006, #7367, #6781, #3841, #929, #3258, #5633, #7196, #3094, #2924, #6980, #6439, #181, #583, #4298, #1911, #1192, #4031, #6650, #1734, #1161, #548, #720, #5289, #2884, #7235, #3661, #7058, #3490, #4254, #5866, #3624, #3702, #3, #2349, #1775, #1950, #4112, #6615, #5245, #1693, #1360, #6398, #2844, #5205, #5997, #7570, #2273, #7021, #504, #3057, #2525, #1118, #2484, #6033, #5420, #139, #6477, #4840, #1323, #760, #4665, #4876, #4625, #3454, #5832, #4069, #7609, #4705, #2313, #2066, #1438, #6190, #4991, #219, #2564, #4489, #2147, #2713, #7312, #5497, #6227, #4450, #912, #6761, #3860, #6074, #1558, #2600, #6843, #5025, #6149, #3823, #6110, #3785, #5653, #7272, #5609, #796, #2638, #7351, #5069, #3244, #874, #950, #3134, #3278, #3740, #3207, #4917, #1516, #296, #371, #7432, #5574, #1991, #331, #4336, #840, #3171, #1476, #6689, #4411, #2105, #1400, #5531, #258, #2675, #4955, #4374, #6805, #7387, #6725, #2026, #1173, #4088, #1790, #562, #4754, #4645, #4127, #709, #7041, #2900, #3043, #5917, #6529, #4165, #5372, #1238 ) ),
 .UNSPECIFIED., .F., .F., .F. ) 
 B_SPLINE_SURFACE_WITH_KNOTS ( ( 2, 2 ),
 ( 3, 2, 2, 2, 2, 2, 2, 2, 2, 2, 2, 2, 2, 2, 2, 2, 2, 2, 2, 2, 2, 2, 2, 2, 2, 2, 2, 2, 2, 2, 2, 2, 2, 2, 2, 2, 2, 2, 2, 2, 2, 2, 2, 2, 2, 2, 2, 2, 2, 2, 2, 2, 2, 2, 2, 2, 2, 2, 2, 2, 2, 2, 2, 2, 2, 2, 2, 2, 2, 2, 2, 2, 2, 2, 2, 2, 2, 2, 2, 2, 2, 2, 2, 2, 2, 2, 3 ),
 ( 0.000000000000000000, 1.000000000000000000 ),
 ( 0.000000000000000000, 0.01111111111111111154, 0.02222222222222222307, 0.03333333333333333287, 0.04444444444444444614, 0.05555555555555555247, 0.06666666666666666574, 0.07777777777777777901, 0.08888888888888889228, 0.1000000000000000056, 0.1111111111111111049, 0.1222222222222222182, 0.1333333333333333315, 0.1444444444444444309, 0.1555555555555555580, 0.1666666666666666574, 0.1777777777777777846, 0.1888888888888888840, 0.2000000000000000111, 0.2111111111111111105, 0.2222222222222222099, 0.2333333333333333370, 0.2444444444444444364, 0.2555555555555555358, 0.2666666666666666630, 0.2777777777777777901, 0.2888888888888888618, 0.2999999999999999889, 0.3111111111111111160, 0.3222222222222222432, 0.3333333333333333148, 0.3444444444444444420, 0.3555555555555555691, 0.3666666666666666408, 0.3777777777777777679, 0.3888888888888888951, 0.4000000000000000222, 0.4111111111111110938, 0.4222222222222222210, 0.4333333333333333481, 0.4444444444444444198, 0.4555555555555555469, 0.4666666666666666741, 0.4777777777777778012, 0.4888888888888888729, 0.5000000000000000000, 0.5111111111111110716, 0.5222222222222222543, 0.5333333333333333259, 0.5444444444444443976, 0.5555555555555555802, 0.5666666666666666519, 0.5777777777777777235, 0.5888888888888889062, 0.5999999999999999778, 0.6111111111111111605, 0.6222222222222222321, 0.6333333333333333037, 0.6444444444444444864, 0.6555555555555555580, 0.6666666666666666297, 0.6777777777777778123, 0.6888888888888888840, 0.6999999999999999556, 0.7111111111111111382, 0.7222222222222222099, 0.7333333333333332815, 0.7444444444444444642, 0.7555555555555555358, 0.7666666666666667185, 0.7777777777777777901, 0.7888888888888888618, 0.8000000000000000444, 0.8111111111111111160, 0.8222222222222221877, 0.8333333333333333703, 0.8444444444444444420, 0.8555555555555555136, 0.8666666666666666963, 0.8777777777777777679, 0.8888888888888888395, 0.9000000000000000222, 0.9111111111111110938, 0.9222222222222222765, 0.9333333333333333481, 0.9444444444444444198, 0.9555555555555556024 ),
 .UNSPECIFIED. ) 
 GEOMETRIC_REPRESENTATION_ITEM ( )  RATIONAL_B_SPLINE_SURFACE ( (
 ( 1.000000000000000000, 0.8660254037844387076, 1.000000000000000000, 0.8660254037844387076, 1.000000000000000000, 0.8660254037844387076, 1.000000000000000000, 0.8660254037844387076, 1.000000000000000000, 0.8660254037844387076, 1.000000000000000000, 0.8660254037844387076, 1.000000000000000000, 0.8660254037844387076, 1.000000000000000000, 0.8660254037844387076, 1.000000000000000000, 0.8660254037844387076, 1.000000000000000000, 0.8660254037844387076, 1.000000000000000000, 0.8660254037844387076, 1.000000000000000000, 0.8660254037844387076, 1.000000000000000000, 0.8660254037844387076, 1.000000000000000000, 0.8660254037844387076, 1.000000000000000000, 0.8660254037844387076, 1.000000000000000000, 0.8660254037844387076, 1.000000000000000000, 0.8660254037844387076, 1.000000000000000000, 0.8660254037844387076, 1.000000000000000000, 0.8660254037844387076, 1.000000000000000000, 0.8660254037844387076, 1.000000000000000000, 0.8660254037844387076, 1.000000000000000000, 0.8660254037844387076, 1.000000000000000000, 0.8660254037844387076, 1.000000000000000000, 0.8660254037844387076, 1.000000000000000000, 0.8660254037844387076, 1.000000000000000000, 0.8660254037844387076, 1.000000000000000000, 0.8660254037844387076, 1.000000000000000000, 0.8660254037844387076, 1.000000000000000000, 0.8660254037844387076, 1.000000000000000000, 0.8660254037844387076, 1.000000000000000000, 0.8660254037844387076, 1.000000000000000000, 0.8660254037844387076, 1.000000000000000000, 0.8660254037844387076, 1.000000000000000000, 0.8660254037844387076, 1.000000000000000000, 0.8660254037844387076, 1.000000000000000000, 0.8660254037844387076, 1.000000000000000000, 0.8660254037844387076, 1.000000000000000000, 0.8660254037844387076, 1.000000000000000000, 0.8660254037844387076, 1.000000000000000000, 0.8660254037844387076, 1.000000000000000000, 0.8660254037844387076, 1.000000000000000000, 0.8660254037844387076, 1.000000000000000000, 0.8660254037844387076, 1.000000000000000000, 0.8660254037844387076, 1.000000000000000000, 0.8660254037844387076, 1.000000000000000000, 0.8660254037844387076, 1.000000000000000000, 0.8660254037844387076, 1.000000000000000000, 0.8660254037844387076, 1.000000000000000000, 0.8660254037844387076, 1.000000000000000000, 0.8660254037844387076, 1.000000000000000000, 0.8660254037844387076, 1.000000000000000000, 0.8660254037844387076, 1.000000000000000000, 0.8660254037844387076, 1.000000000000000000, 0.8660254037844387076, 1.000000000000000000, 0.8660254037844387076, 1.000000000000000000, 0.8660254037844387076, 1.000000000000000000, 0.8660254037844387076, 1.000000000000000000, 0.8660254037844387076, 1.000000000000000000, 0.8660254037844387076, 1.000000000000000000, 0.8660254037844387076, 1.000000000000000000, 0.8660254037844387076, 1.000000000000000000, 0.8660254037844387076, 1.000000000000000000, 0.8660254037844387076, 1.000000000000000000, 0.8660254037844387076, 1.000000000000000000, 0.8660254037844387076, 1.000000000000000000, 0.8660254037844387076, 1.000000000000000000, 0.8660254037844387076, 1.000000000000000000, 0.8660254037844387076, 1.000000000000000000, 0.8660254037844387076, 1.000000000000000000, 0.8660254037844387076, 1.000000000000000000, 0.8660254037844387076, 1.000000000000000000, 0.8660254037844387076, 1.000000000000000000, 0.8660254037844387076, 1.000000000000000000, 0.8660254037844387076, 1.000000000000000000, 0.8660254037844387076, 1.000000000000000000, 0.8660254037844387076, 1.000000000000000000, 0.8660254037844387076, 1.000000000000000000, 0.8660254037844387076, 1.000000000000000000, 0.8660254037844387076, 1.000000000000000000, 0.8660254037844387076, 1.000000000000000000, 0.8660254037844387076, 1.000000000000000000, 0.8660254037844387076, 1.000000000000000000, 0.8660254037844387076, 1.000000000000000000, 0.8660254037844387076, 1.000000000000000000, 0.8660254037844387076, 1.000000000000000000, 0.8660254037844387076, 1.000000000000000000),
 ( 1.000000000000000000, 0.8660254037844387076, 1.000000000000000000, 0.8660254037844387076, 1.000000000000000000, 0.8660254037844387076, 1.000000000000000000, 0.8660254037844387076, 1.000000000000000000, 0.8660254037844387076, 1.000000000000000000, 0.8660254037844387076, 1.000000000000000000, 0.8660254037844387076, 1.000000000000000000, 0.8660254037844387076, 1.000000000000000000, 0.8660254037844387076, 1.000000000000000000, 0.8660254037844387076, 1.000000000000000000, 0.8660254037844387076, 1.000000000000000000, 0.8660254037844387076, 1.000000000000000000, 0.8660254037844387076, 1.000000000000000000, 0.8660254037844387076, 1.000000000000000000, 0.8660254037844387076, 1.000000000000000000, 0.8660254037844387076, 1.000000000000000000, 0.8660254037844387076, 1.000000000000000000, 0.8660254037844387076, 1.000000000000000000, 0.8660254037844387076, 1.000000000000000000, 0.8660254037844387076, 1.000000000000000000, 0.8660254037844387076, 1.000000000000000000, 0.8660254037844387076, 1.000000000000000000, 0.8660254037844387076, 1.000000000000000000, 0.8660254037844387076, 1.000000000000000000, 0.8660254037844387076, 1.000000000000000000, 0.8660254037844387076, 1.000000000000000000, 0.8660254037844387076, 1.000000000000000000, 0.8660254037844387076, 1.000000000000000000, 0.8660254037844387076, 1.000000000000000000, 0.8660254037844387076, 1.000000000000000000, 0.8660254037844387076, 1.000000000000000000, 0.8660254037844387076, 1.000000000000000000, 0.8660254037844387076, 1.000000000000000000, 0.8660254037844387076, 1.000000000000000000, 0.8660254037844387076, 1.000000000000000000, 0.8660254037844387076, 1.000000000000000000, 0.8660254037844387076, 1.000000000000000000, 0.8660254037844387076, 1.000000000000000000, 0.8660254037844387076, 1.000000000000000000, 0.8660254037844387076, 1.000000000000000000, 0.8660254037844387076, 1.000000000000000000, 0.8660254037844387076, 1.000000000000000000, 0.8660254037844387076, 1.000000000000000000, 0.8660254037844387076, 1.000000000000000000, 0.8660254037844387076, 1.000000000000000000, 0.8660254037844387076, 1.000000000000000000, 0.8660254037844387076, 1.000000000000000000, 0.8660254037844387076, 1.000000000000000000, 0.8660254037844387076, 1.000000000000000000, 0.8660254037844387076, 1.000000000000000000, 0.8660254037844387076, 1.000000000000000000, 0.8660254037844387076, 1.000000000000000000, 0.8660254037844387076, 1.000000000000000000, 0.8660254037844387076, 1.000000000000000000, 0.8660254037844387076, 1.000000000000000000, 0.8660254037844387076, 1.000000000000000000, 0.8660254037844387076, 1.000000000000000000, 0.8660254037844387076, 1.000000000000000000, 0.8660254037844387076, 1.000000000000000000, 0.8660254037844387076, 1.000000000000000000, 0.8660254037844387076, 1.000000000000000000, 0.8660254037844387076, 1.000000000000000000, 0.8660254037844387076, 1.000000000000000000, 0.8660254037844387076, 1.000000000000000000, 0.8660254037844387076, 1.000000000000000000, 0.8660254037844387076, 1.000000000000000000, 0.8660254037844387076, 1.000000000000000000, 0.8660254037844387076, 1.000000000000000000, 0.8660254037844387076, 1.000000000000000000, 0.8660254037844387076, 1.000000000000000000, 0.8660254037844387076, 1.000000000000000000, 0.8660254037844387076, 1.000000000000000000, 0.8660254037844387076, 1.000000000000000000, 0.8660254037844387076, 1.000000000000000000, 0.8660254037844387076, 1.000000000000000000, 0.8660254037844387076, 1.000000000000000000, 0.8660254037844387076, 1.000000000000000000, 0.8660254037844387076, 1.000000000000000000, 0.8660254037844387076, 1.000000000000000000, 0.8660254037844387076, 1.000000000000000000, 0.8660254037844387076, 1.000000000000000000, 0.8660254037844387076, 1.000000000000000000, 0.8660254037844387076, 1.000000000000000000, 0.8660254037844387076, 1.000000000000000000, 0.8660254037844387076, 1.000000000000000000, 0.8660254037844387076, 1.000000000000000000) ) ) 
 REPRESENTATION_ITEM ( '' )  SURFACE ( )  );
#4883 = CIRCLE ( 'NONE', #3388, 2.200000000000001066 ) ;
#4884 = AXIS2_PLACEMENT_3D ( 'NONE', #324, #2020, #3166 ) ;
#4885 = VERTEX_POINT ( 'NONE', #1399 ) ;
#4886 = CARTESIAN_POINT ( 'NONE',  ( 10.43465397290524699, 6.899120066972471932, 15.69999999999999218 ) ) ;
#4887 = DIRECTION ( 'NONE',  ( 0.4991391323160827009, -0.8665218558067350196, -2.387234141252486967E-16 ) ) ;
#4888 = DIRECTION ( 'NONE',  ( -1.174496421065114529E-16, -1.077574633362505783E-16, 1.000000000000000000 ) ) ;
#4889 = AXIS2_PLACEMENT_3D ( 'NONE', #6467, #2872, #6610 ) ;
#4890 = CARTESIAN_POINT ( 'NONE',  ( 2.474873734152945648, 2.474873734152881699, 12.00000000000000000 ) ) ;
#4891 = LINE ( 'NONE', #3110, #3054 ) ;
#4892 = ADVANCED_FACE ( 'NONE', ( #4373 ), #5982, .F. ) ;
#4893 = ORIENTED_EDGE ( 'NONE', *, *, #6731, .T. ) ;
#4894 = CARTESIAN_POINT ( 'NONE',  ( 0.2361503771250647865, 0.9281453293749931666, 9.631249999999997868 ) ) ;
#4895 = DIRECTION ( 'NONE',  ( 0.4991391323160825344, -0.8665218558067351307, 0.000000000000000000 ) ) ;
#4896 = CARTESIAN_POINT ( 'NONE',  ( 0.2997145786366832154, -1.064486813177364155, 11.63749999999999574 ) ) ;
#4897 = CARTESIAN_POINT ( 'NONE',  ( 0.9218726222051468744, 0.2595604389839208381, 9.949999999999997513 ) ) ;
#4898 = DIRECTION ( 'NONE',  ( 2.565753199199158405E-18, 2.902514036010829075E-16, -1.000000000000000000 ) ) ;
#4899 = CARTESIAN_POINT ( 'NONE',  ( -7.417547160490126856, -11.64840287560572030, 12.12860694511184079 ) ) ;
#4900 = EDGE_CURVE ( 'NONE', #6474, #6474, #1922, .T. ) ;
#4901 = CARTESIAN_POINT ( 'NONE',  ( 3.549642655846126260, 10.62254006404771722, -2.903486573560917883 ) ) ;
#4902 = PLANE ( 'NONE',  #5915 ) ;
#4903 = DIRECTION ( 'NONE',  ( 0.000000000000000000, 0.000000000000000000, -1.000000000000000000 ) ) ;
#4904 = CARTESIAN_POINT ( 'NONE',  ( 10.21125388041172144, -6.491769790504214654, 12.48930062949864706 ) ) ;
#4905 = EDGE_LOOP ( 'NONE', ( #3014, #3649, #5331, #6599 ) ) ;
#4906 = CARTESIAN_POINT ( 'NONE',  ( -0.5056950439533182129, 13.52811107638870602, -3.622674778875793589 ) ) ;
#4907 = AXIS2_PLACEMENT_3D ( 'NONE', #7062, #6516, #4744 ) ;
#4908 = CARTESIAN_POINT ( 'NONE',  ( -1.071729911523480405, 0.2726829676047791140, 13.34374999999999645 ) ) ;
#4909 = DIRECTION ( 'NONE',  ( -2.565753199199158405E-18, -2.902514036010829075E-16, 1.000000000000000000 ) ) ;
#4910 = LINE ( 'NONE', #906, #1194 ) ;
#4911 = CARTESIAN_POINT ( 'NONE',  ( -1.495091218127865051, 7.859052248806909446, -5.729735577732635754 ) ) ;
#4912 = ADVANCED_FACE ( 'NONE', ( #3056 ), #795, .F. ) ;
#4913 = ORIENTED_EDGE ( 'NONE', *, *, #6527, .T. ) ;
#4914 = ADVANCED_FACE ( 'NONE', ( #3093, #4839 ), #6148, .F. ) ;
#4915 = ORIENTED_EDGE ( 'NONE', *, *, #101, .F. ) ;
#4916 = DIRECTION ( 'NONE',  ( 0.000000000000000000, 0.000000000000000000, 1.000000000000000000 ) ) ;
#4917 = CARTESIAN_POINT ( 'NONE',  ( 0.3142264970239178057, 1.235009061298932176, 12.54218749999999538 ) ) ;
#4918 = EDGE_CURVE ( 'NONE', #5527, #6163, #2563, .T. ) ;
#4919 = CARTESIAN_POINT ( 'NONE',  ( 0.3142264970239176392, 1.235009061298932176, 13.86406249999999751 ) ) ;
#4920 = AXIS2_PLACEMENT_3D ( 'NONE', #7638, #5704, #3446 ) ;
#4921 = AXIS2_PLACEMENT_3D ( 'NONE', #7276, #6691, #1403 ) ;
#4922 = EDGE_CURVE ( 'NONE', #3870, #7391, #6854, .T. ) ;
#4923 = CARTESIAN_POINT ( 'NONE',  ( 2.909304780501023924, -6.444838686433811858, 12.00000000000000000 ) ) ;
#4924 = EDGE_LOOP ( 'NONE', ( #1169 ) ) ;
#4925 = EDGE_CURVE ( 'NONE', #756, #1825, #3660, .T. ) ;
#4926 = AXIS2_PLACEMENT_3D ( 'NONE', #1345, #6060, #782 ) ;
#4927 = ORIENTED_EDGE ( 'NONE', *, *, #1625, .T. ) ;
#4928 = FACE_OUTER_BOUND ( 'NONE', #991, .T. ) ;
#4929 = CARTESIAN_POINT ( 'NONE',  ( 2.909304780501112297, 6.444838686433771002, 13.00000000000000178 ) ) ;
#4930 = ORIENTED_EDGE ( 'NONE', *, *, #201, .T. ) ;
#4931 = DIRECTION ( 'NONE',  ( 0.1836913617453344028, 0.6828304940614088325, 0.7071067811865454633 ) ) ;
#4932 = DIRECTION ( 'NONE',  ( 2.565753199199158405E-18, 2.902514036010829075E-16, -1.000000000000000000 ) ) ;
#4933 = EDGE_CURVE ( 'NONE', #7583, #3422, #2627, .T. ) ;
#4934 = FACE_OUTER_BOUND ( 'NONE', #5380, .T. ) ;
#4935 = VECTOR ( 'NONE', #2010, 1000.000000000000000 ) ;
#4936 = ORIENTED_EDGE ( 'NONE', *, *, #4251, .T. ) ;
#4937 = CARTESIAN_POINT ( 'NONE',  ( 0.7720153328868066822, 0.7918038455726065239, 11.78749999999999964 ) ) ;
#4938 = CARTESIAN_POINT ( 'NONE',  ( 0.2361503771250646755, 0.9281453293749931666, 10.92499999999999716 ) ) ;
#4939 = CARTESIAN_POINT ( 'NONE',  ( -0.6857222450800782854, 0.6685848903910791563, 10.09999999999999609 ) ) ;
#4940 = CONICAL_SURFACE ( 'NONE', #1611, 5.999999999999999112, 0.7853981633974509435 ) ;
#4941 = DIRECTION ( 'NONE',  ( 1.000000000000000000, 0.000000000000000000, 0.000000000000000000 ) ) ;
#4942 = LINE ( 'NONE', #7294, #2143 ) ;
#4943 = CARTESIAN_POINT ( 'NONE',  ( 0.000000000000000000, 0.000000000000000000, 10.59999999999999964 ) ) ;
#4944 = CARTESIAN_POINT ( 'NONE',  ( 6.713633559939369277, 11.48339239518659483, -4.499999999998761879 ) ) ;
#4945 = CARTESIAN_POINT ( 'NONE',  ( -1.986336989910140261E-16, -7.722277833420962489E-15, -5.500000000000007105 ) ) ;
#4946 = AXIS2_PLACEMENT_3D ( 'NONE', #3814, #4404, #1353 ) ;
#4947 = DIRECTION ( 'NONE',  ( 1.000000000000000000, 3.552713678800500929E-15, 0.000000000000000000 ) ) ;
#4948 = ORIENTED_EDGE ( 'NONE', *, *, #4416, .F. ) ;
#4949 = CARTESIAN_POINT ( 'NONE',  ( -4.922031278217027683, 2.454303994262568178, -3.000000000000007105 ) ) ;
#4950 = DIRECTION ( 'NONE',  ( 2.565753199199158405E-18, 2.902514036010829075E-16, -1.000000000000000000 ) ) ;
#4951 = CARTESIAN_POINT ( 'NONE',  ( -0.04276965762776992891, -12.99022585431651144, -5.666715816025886809 ) ) ;
#4952 = ORIENTED_EDGE ( 'NONE', *, *, #4194, .F. ) ;
#4953 = ORIENTED_EDGE ( 'NONE', *, *, #6050, .T. ) ;
#4954 = CARTESIAN_POINT ( 'NONE',  ( -1.495091218127973853, -7.859052248806888130, -5.729735577732628649 ) ) ;
#4955 = CARTESIAN_POINT ( 'NONE',  ( 0.3988063169686490439, -1.416427813942187308, 13.25468749999999929 ) ) ;
#4956 = CARTESIAN_POINT ( 'NONE',  ( -0.3988063169686433262, 1.416427813942202185, 14.35156249999999822 ) ) ;
#4957 = CARTESIAN_POINT ( 'NONE',  ( -6.318723393136410849, -11.29881526289062244, -5.833402939700068401 ) ) ;
#4958 = ORIENTED_EDGE ( 'NONE', *, *, #3681, .T. ) ;
#4959 = VECTOR ( 'NONE', #4407, 1000.000000000000000 ) ;
#4960 = EDGE_LOOP ( 'NONE', ( #2110 ) ) ;
#4961 = CARTESIAN_POINT ( 'NONE',  ( 6.444838686433802089, 2.909304780501045684, 15.69999999999998508 ) ) ;
#4962 = DIRECTION ( 'NONE',  ( -0.000000000000000000, -0.000000000000000000, 1.000000000000000000 ) ) ;
#4963 = ORIENTED_EDGE ( 'NONE', *, *, #3119, .F. ) ;
#4964 = CARTESIAN_POINT ( 'NONE',  ( 6.444838686433802089, -2.909304780501044796, 12.00000000000000000 ) ) ;
#4965 = CARTESIAN_POINT ( 'NONE',  ( -0.6857222450800782854, 0.6685848903910791563, 9.256249999999997868 ) ) ;
#4966 = FACE_BOUND ( 'NONE', #6078, .T. ) ;
#4967 = FACE_OUTER_BOUND ( 'NONE', #6697, .T. ) ;
#4968 = ORIENTED_EDGE ( 'NONE', *, *, #945, .T. ) ;
#4969 = CARTESIAN_POINT ( 'NONE',  ( -0.2997145786366768316, 1.064486813177379032, 10.56874999999999964 ) ) ;
#4970 = CARTESIAN_POINT ( 'NONE',  ( 0.9218726222051467634, 0.2595604389839208381, 10.39999999999999858 ) ) ;
#4971 = VECTOR ( 'NONE', #3845, 1000.000000000000114 ) ;
#4972 = CARTESIAN_POINT ( 'NONE',  ( 1.071729911523486845, -0.2726829676047643480, 11.26249999999999574 ) ) ;
#4973 = CARTESIAN_POINT ( 'NONE',  ( -0.2997145786366767206, 1.064486813177378810, 9.612499999999997158 ) ) ;
#4974 = LINE ( 'NONE', #314, #2962 ) ;
#4975 = DIRECTION ( 'NONE',  ( 0.000000000000000000, 0.000000000000000000, 1.000000000000000000 ) ) ;
#4976 = CARTESIAN_POINT ( 'NONE',  ( 3.144649813896170265, 10.89770954411504356, -2.736706536256850342 ) ) ;
#4977 = FACE_OUTER_BOUND ( 'NONE', #4195, .T. ) ;
#4978 = CARTESIAN_POINT ( 'NONE',  ( -0.8262526302591578498, -0.8474313685031430454, 8.507596189432319989 ) ) ;
#4979 = CARTESIAN_POINT ( 'NONE',  ( 0.000000000000000000, 0.000000000000000000, 12.00000000000000000 ) ) ;
#4980 = CARTESIAN_POINT ( 'NONE',  ( 11.38616895624280012, 0.5613880118889734705, -4.500000000000007994 ) ) ;
#4981 = ORIENTED_EDGE ( 'NONE', *, *, #7092, .F. ) ;
#4982 = DIRECTION ( 'NONE',  ( 1.000000000000000000, 0.000000000000000000, 0.000000000000000000 ) ) ;
#4983 = DIRECTION ( 'NONE',  ( 0.4991391323160795923, -0.8665218558067369070, -2.365532012695646217E-16 ) ) ;
#4984 = CARTESIAN_POINT ( 'NONE',  ( -3.835072941201331354, -10.20304932535688458, -3.000000000000010658 ) ) ;
#4985 = CARTESIAN_POINT ( 'NONE',  ( 3.659336059698193644, -5.644400730121160947, -4.500000000000009770 ) ) ;
#4986 = ORIENTED_EDGE ( 'NONE', *, *, #5012, .T. ) ;
#4987 = EDGE_CURVE ( 'NONE', #5063, #7001, #3025, .T. ) ;
#4988 = B_SPLINE_CURVE_WITH_KNOTS ( 'NONE', 3,
 ( #298, #723, #1289, #6002 ),
 .UNSPECIFIED., .F., .F.,
 ( 4, 4 ),
 ( 0.002075698442432846822, 0.003113607506441769604 ),
 .UNSPECIFIED. ) ;
#4989 = ORIENTED_EDGE ( 'NONE', *, *, #4694, .T. ) ;
#4990 = DIRECTION ( 'NONE',  ( 0.000000000000000000, 0.000000000000000000, 1.000000000000000000 ) ) ;
#4991 = CARTESIAN_POINT ( 'NONE',  ( 0.3142264970239179167, 1.235009061298932176, 11.19218749999999751 ) ) ;
#4992 = CARTESIAN_POINT ( 'NONE',  ( -1.226662469500796160, -0.3453764016845491946, 12.66406249999999822 ) ) ;
#4993 = CARTESIAN_POINT ( 'NONE',  ( -6.641428455355037563, -11.21498648448607405, -5.499999999998318678 ) ) ;
#4994 = VERTEX_POINT ( 'NONE', #7386 ) ;
#4995 = CARTESIAN_POINT ( 'NONE',  ( 0.000000000000000000, 0.000000000000000000, 11.87878387081807929 ) ) ;
#4996 = CARTESIAN_POINT ( 'NONE',  ( -2.893298930733076535, 6.567253710449960202, -4.500000000000006217 ) ) ;
#4997 = CARTESIAN_POINT ( 'NONE',  ( 4.043894140137889305E-16, -2.898351067159512306E-15, 13.99999999999999822 ) ) ;
#4998 = CARTESIAN_POINT ( 'NONE',  ( -0.9218726222051396579, -0.2595604389839061277, 7.981249999999998401 ) ) ;
#4999 = DIRECTION ( 'NONE',  ( -0.4991391323160949134, 0.8665218558067280252, -1.139058028647719567E-18 ) ) ;
#5000 = AXIS2_PLACEMENT_3D ( 'NONE', #5268, #5374, #7627 ) ;
#5001 = CARTESIAN_POINT ( 'NONE',  ( -7.032438206369248768, 10.14370804359027822, 16.00000000000000000 ) ) ;
#5002 = EDGE_CURVE ( 'NONE', #1188, #1188, #4883, .T. ) ;
#5003 = ORIENTED_EDGE ( 'NONE', *, *, #3352, .F. ) ;
#5004 = DIRECTION ( 'NONE',  ( 0.4991391323160825899, -0.8665218558067350196, -2.168404344971009115E-16 ) ) ;
#5005 = CARTESIAN_POINT ( 'NONE',  ( -1.071729911523480183, 0.2726829676047792805, 10.58749999999999858 ) ) ;
#5006 = CARTESIAN_POINT ( 'NONE',  ( 1.027259311016479826, 1.053590308655661500, 8.454687499999996803 ) ) ;
#5007 = CARTESIAN_POINT ( 'NONE',  ( -0.2997145786366769427, 1.064486813177378588, 11.86249999999999716 ) ) ;
#5008 = DIRECTION ( 'NONE',  ( 6.162975822039155825E-32, -3.538566068381623796E-16, -1.000000000000000000 ) ) ;
#5009 = DIRECTION ( 'NONE',  ( 1.000000000000000000, 0.000000000000000000, 0.000000000000000000 ) ) ;
#5010 = FACE_OUTER_BOUND ( 'NONE', #2540, .T. ) ;
#5011 = FACE_OUTER_BOUND ( 'NONE', #5383, .T. ) ;
#5012 = EDGE_CURVE ( 'NONE', #3558, #4223, #584, .T. ) ;
#5013 = DIRECTION ( 'NONE',  ( -2.565753199199158405E-18, -2.902514036010829075E-16, 1.000000000000000000 ) ) ;
#5014 = CARTESIAN_POINT ( 'NONE',  ( -1.071729911523480183, 0.2726829676047792250, 11.99374999999999858 ) ) ;
#5015 = B_SPLINE_CURVE_WITH_KNOTS ( 'NONE', 3,
 ( #2950, #4061, #1837, #1249, #6430, #5858, #4177, #651, #3589, #5928 ),
 .UNSPECIFIED., .F., .F.,
 ( 4, 2, 2, 2, 4 ),
 ( 0.000000000000000000, 0.0003977276999104003164, 0.0007954553998208006328, 0.001193183099731200949, 0.001590910799641601266 ),
 .UNSPECIFIED. ) ;
#5016 = CARTESIAN_POINT ( 'NONE',  ( -5.948711359192911274, 10.53747076048396458, 12.02448170976803610 ) ) ;
#5017 = CARTESIAN_POINT ( 'NONE',  ( -5.794008873021378569, 1.558672890426179292, -6.000000000000008882 ) ) ;
#5018 = ORIENTED_EDGE ( 'NONE', *, *, #2071, .T. ) ;
#5019 = DIRECTION ( 'NONE',  ( -0.4991391323160825899, 0.8665218558067350196, 2.168404344971009115E-16 ) ) ;
#5020 = CARTESIAN_POINT ( 'NONE',  ( -1.147023408217118456, 0.2918400834965766411, 13.69865381056767717 ) ) ;
#5021 = FACE_OUTER_BOUND ( 'NONE', #6949, .T. ) ;
#5022 = FACE_OUTER_BOUND ( 'NONE', #34, .T. ) ;
#5023 = ORIENTED_EDGE ( 'NONE', *, *, #2494, .F. ) ;
#5024 = CARTESIAN_POINT ( 'NONE',  ( 11.34046542128397306, 7.635131238675357146, 12.50760534207398500 ) ) ;
#5025 = CARTESIAN_POINT ( 'NONE',  ( -1.027259311016472720, -1.053590308655646623, 11.82968749999999680 ) ) ;
#5026 = CARTESIAN_POINT ( 'NONE',  ( -0.9124359724768813518, 0.8896326596143752097, 13.03906249999999822 ) ) ;
#5027 = VECTOR ( 'NONE', #2889, 999.9999999999998863 ) ;
#5028 = EDGE_LOOP ( 'NONE', ( #4379 ) ) ;
#5029 = ORIENTED_EDGE ( 'NONE', *, *, #5699, .F. ) ;
#5030 = ADVANCED_FACE ( 'NONE', ( #330 ), #5068, .F. ) ;
#5031 = DIRECTION ( 'NONE',  ( -1.092944362199429846E-17, 5.442458243416499620E-17, 1.000000000000000000 ) ) ;
#5032 = DIRECTION ( 'NONE',  ( 0.4991391323160825899, -0.8665218558067350196, -2.502285170733345177E-16 ) ) ;
#5033 = ORIENTED_EDGE ( 'NONE', *, *, #6790, .T. ) ;
#5034 = DIRECTION ( 'NONE',  ( 2.565753199199158020E-18, 2.902514036010829075E-16, -1.000000000000000000 ) ) ;
#5035 = CARTESIAN_POINT ( 'NONE',  ( 0.6857222450800849467, -0.6685848903910641683, 9.481249999999997513 ) ) ;
#5036 = CARTESIAN_POINT ( 'NONE',  ( -5.467514421272259284, -6.717514421272150038, 16.00000000000000000 ) ) ;
#5037 = CARTESIAN_POINT ( 'NONE',  ( -0.6857222450800782854, 0.6685848903910791563, 9.706249999999997158 ) ) ;
#5038 = ORIENTED_EDGE ( 'NONE', *, *, #6287, .T. ) ;
#5039 = AXIS2_PLACEMENT_3D ( 'NONE', #2029, #2640, #3629 ) ;
#5040 = DIRECTION ( 'NONE',  ( 0.000000000000000000, -0.000000000000000000, -1.000000000000000000 ) ) ;
#5041 = EDGE_CURVE ( 'NONE', #1764, #5821, #1556, .T. ) ;
#5042 = CARTESIAN_POINT ( 'NONE',  ( 0.6857222450800845026, -0.6685848903910643903, 13.92499999999999716 ) ) ;
#5043 = CARTESIAN_POINT ( 'NONE',  ( -0.9218726222051401020, -0.2595604389839064052, 12.87499999999999822 ) ) ;
#5044 = PLANE ( 'NONE',  #5681 ) ;
#5045 = CARTESIAN_POINT ( 'NONE',  ( 0.7720153328868065712, 0.7918038455726065239, 13.19374999999999787 ) ) ;
#5046 = FACE_OUTER_BOUND ( 'NONE', #2703, .T. ) ;
#5047 = AXIS2_PLACEMENT_3D ( 'NONE', #6835, #2744, #5019 ) ;
#5048 = DIRECTION ( 'NONE',  ( 1.000000000000000000, 0.000000000000000000, 0.000000000000000000 ) ) ;
#5049 = CYLINDRICAL_SURFACE ( 'NONE', #3064, 1.499999999999999112 ) ;
#5050 = ADVANCED_FACE ( 'NONE', ( #7431, #5652 ), #486, .F. ) ;
#5051 = CARTESIAN_POINT ( 'NONE',  ( 0.6857222450800846136, -0.6685848903910641683, 12.63124999999999609 ) ) ;
#5052 = VECTOR ( 'NONE', #3188, 1000.000000000000000 ) ;
#5053 = CARTESIAN_POINT ( 'NONE',  ( 0.8396352566011313634, -0.4606879517952032765, 14.00000000000000000 ) ) ;
#5054 = CARTESIAN_POINT ( 'NONE',  ( 10.14370804359019829, 7.032438206369363343, 16.00000000000000000 ) ) ;
#5055 = ORIENTED_EDGE ( 'NONE', *, *, #3345, .T. ) ;
#5056 = EDGE_CURVE ( 'NONE', #7591, #5824, #370, .T. ) ;
#5057 = DIRECTION ( 'NONE',  ( 0.9656681455035627248, -0.2597788150710332311, -7.292349956650306793E-17 ) ) ;
#5058 = ADVANCED_FACE ( 'NONE', ( #2104, #5109 ), #7610, .F. ) ;
#5059 = CARTESIAN_POINT ( 'NONE',  ( -0.7338970930875374776, 0.7155557677481522161, 12.31115381056767788 ) ) ;
#5060 = CARTESIAN_POINT ( 'NONE',  ( -0.2997145786366769982, 1.064486813177378810, 12.76249999999999751 ) ) ;
#5061 = CARTESIAN_POINT ( 'NONE',  ( 7.640372709696221065, -11.17590661562906540, 12.87350621807376250 ) ) ;
#5062 = CIRCLE ( 'NONE', #4444, 11.40000000000000036 ) ;
#5063 = VERTEX_POINT ( 'NONE', #7469 ) ;
#5064 = EDGE_CURVE ( 'NONE', #1572, #5475, #5608, .T. ) ;
#5065 = CARTESIAN_POINT ( 'NONE',  ( 1.426065627985125595, -0.3628375052865329686, 8.351562500000000000 ) ) ;
#5066 = EDGE_CURVE ( 'NONE', #4662, #2522, #5393, .T. ) ;
#5067 = ORIENTED_EDGE ( 'NONE', *, *, #4824, .T. ) ;
#5068 = CYLINDRICAL_SURFACE ( 'NONE', #6238, 0.9999999999999997780 ) ;
#5069 = CARTESIAN_POINT ( 'NONE',  ( -1.226662469500795938, -0.3453764016845491946, 12.24218749999999645 ) ) ;
#5070 = CARTESIAN_POINT ( 'NONE',  ( 0.6857222450800849467, -0.6685848903910641683, 9.931249999999996803 ) ) ;
#5071 = CARTESIAN_POINT ( 'NONE',  ( 7.004984823391956716, -11.95473229169789775, 12.00000000000000000 ) ) ;
#5072 = ORIENTED_EDGE ( 'NONE', *, *, #575, .F. ) ;
#5073 = ORIENTED_EDGE ( 'NONE', *, *, #5623, .F. ) ;
#5074 = CARTESIAN_POINT ( 'NONE',  ( -13.89952640630790803, 0.1147417986137337642, -4.500000000000007994 ) ) ;
#5075 = VECTOR ( 'NONE', #96, 1000.000000000000114 ) ;
#5076 = DIRECTION ( 'NONE',  ( 0.7071067811865491270, -0.7071067811865459074, 0.000000000000000000 ) ) ;
#5077 = ORIENTED_EDGE ( 'NONE', *, *, #4900, .F. ) ;
#5078 = CARTESIAN_POINT ( 'NONE',  ( -0.6857222450800781743, 0.6685848903910792673, 7.906249999999998224 ) ) ;
#5079 = EDGE_CURVE ( 'NONE', #4272, #6231, #7482, .T. ) ;
#5080 = VECTOR ( 'NONE', #2607, 1000.000000000000114 ) ;
#5081 = CARTESIAN_POINT ( 'NONE',  ( -12.09999999999999964, 0.000000000000000000, 10.59999999999999964 ) ) ;
#5082 = CARTESIAN_POINT ( 'NONE',  ( 0.6857222450800850577, -0.6685848903910639462, 8.131249999999997868 ) ) ;
#5083 = EDGE_LOOP ( 'NONE', ( #5856 ) ) ;
#5084 = EDGE_CURVE ( 'NONE', #1825, #7354, #785, .T. ) ;
#5085 = CARTESIAN_POINT ( 'NONE',  ( 6.899120066973364551, 10.43465397290595753, 15.69999999999700790 ) ) ;
#5086 = AXIS2_PLACEMENT_3D ( 'NONE', #6297, #3306, #7501 ) ;
#5087 = CARTESIAN_POINT ( 'NONE',  ( -0.7720153328868002429, -0.7918038455725920910, 13.36249999999999716 ) ) ;
#5088 = CARTESIAN_POINT ( 'NONE',  ( 0.6857222450800847247, -0.6685848903910641683, 11.22499999999999787 ) ) ;
#5089 = DIRECTION ( 'NONE',  ( -0.000000000000000000, 0.000000000000000000, 1.000000000000000000 ) ) ;
#5090 = CARTESIAN_POINT ( 'NONE',  ( 0.000000000000000000, 0.000000000000000000, 15.70000000000000284 ) ) ;
#5091 = CARTESIAN_POINT ( 'NONE',  ( -5.599574727274905683, -1.065252492916160199, 16.00000000000000000 ) ) ;
#5092 = DIRECTION ( 'NONE',  ( 0.4991391323161149529, -0.8665218558067163679, -3.154042683594197586E-16 ) ) ;
#5093 = DIRECTION ( 'NONE',  ( 0.2597788150710226285, 0.9656681455035653894, 0.000000000000000000 ) ) ;
#5094 = CARTESIAN_POINT ( 'NONE',  ( -0.9866380192381379866, -0.2777956425032830357, 9.370096189432318923 ) ) ;
#5095 = AXIS2_PLACEMENT_3D ( 'NONE', #6584, #6551, #6663 ) ;
#5096 = PRODUCT_DEFINITION_SHAPE ( 'NONE', 'NONE',  #3722 ) ;
#5097 = CARTESIAN_POINT ( 'NONE',  ( -0.9218726222051399910, -0.2595604389839062942, 12.48124999999999751 ) ) ;
#5099 = EDGE_CURVE ( 'NONE', #3988, #3988, #5881, .T. ) ;
#5098 = FACE_OUTER_BOUND ( 'NONE', #6315, .T. ) ;
#5100 = DIRECTION ( 'NONE',  ( 0.000000000000000000, 0.000000000000000000, 1.000000000000000000 ) ) ;
#5101 = ORIENTED_EDGE ( 'NONE', *, *, #837, .T. ) ;
#5102 = CARTESIAN_POINT ( 'NONE',  ( 1.495091218127919896, -7.859052248806898788, 15.70000000000000284 ) ) ;
#5103 = CARTESIAN_POINT ( 'NONE',  ( 1.147023408217124452, -0.2918400834965618751, 12.12365381056767610 ) ) ;
#5104 = CARTESIAN_POINT ( 'NONE',  ( 0.9218726222051464303, 0.2595604389839206716, 13.09999999999999787 ) ) ;
#5105 = LINE ( 'NONE', #2747, #1559 ) ;
#5106 = EDGE_LOOP ( 'NONE', ( #641, #6041, #2339, #4580 ) ) ;
#5107 = CARTESIAN_POINT ( 'NONE',  ( -0.3988063169686427711, 1.416427813942202407, 8.051562499999999289 ) ) ;
#5108 = ORIENTED_EDGE ( 'NONE', *, *, #1858, .T. ) ;
#5109 = FACE_OUTER_BOUND ( 'NONE', #4439, .T. ) ;
#5110 = CARTESIAN_POINT ( 'NONE',  ( 0.6857222450800846136, -0.6685848903910641683, 12.63124999999999609 ) ) ;
#5111 = CARTESIAN_POINT ( 'NONE',  ( -1.071729911523479739, 0.2726829676047793360, 7.943749999999997868 ) ) ;
#5112 = ORIENTED_EDGE ( 'NONE', *, *, #7479, .F. ) ;
#5113 = CARTESIAN_POINT ( 'NONE',  ( 7.671197568849791537, 11.19348831161486579, -3.500000000000004885 ) ) ;
#5114 = DIRECTION ( 'NONE',  ( -0.7071067811865566766, -0.7071067811865383579, 0.000000000000000000 ) ) ;
#5115 = ORIENTED_EDGE ( 'NONE', *, *, #6519, .F. ) ;
#5116 = DIRECTION ( 'NONE',  ( 1.000000000000000000, 0.000000000000000000, 0.000000000000000000 ) ) ;
#5117 = CARTESIAN_POINT ( 'NONE',  ( -0.6802113107115096424, 2.092202803931810795, 0.000000000000000000 ) ) ;
#5118 = CARTESIAN_POINT ( 'NONE',  ( -0.3835908842384451733, -0.8775413304147334781, 8.045216426222747685 ) ) ;
#5119 = AXIS2_PLACEMENT_3D ( 'NONE', #978, #863, #2701 ) ;
#5120 = CARTESIAN_POINT ( 'NONE',  ( -2.050480819890118965E-16, -8.447906342423668944E-15, -3.000000000000007994 ) ) ;
#5121 = EDGE_CURVE ( 'NONE', #747, #2522, #459, .T. ) ;
#5122 = CARTESIAN_POINT ( 'NONE',  ( 1.226662469500802821, 0.3453764016845635720, 7.967187499999996980 ) ) ;
#5123 = CARTESIAN_POINT ( 'NONE',  ( -0.2997145786366769982, 1.064486813177378588, 12.31249999999999822 ) ) ;
#5124 = CIRCLE ( 'NONE', #1552, 6.000000000000000000 ) ;
#5125 = DIRECTION ( 'NONE',  ( 2.565753199199158020E-18, 2.902514036010829075E-16, -1.000000000000000000 ) ) ;
#5126 = CARTESIAN_POINT ( 'NONE',  ( 0.2361503771250643424, 0.9281453293749929445, 14.13124999999999787 ) ) ;
#5127 = DIRECTION ( 'NONE',  ( -0.5921357866216260257, -0.3864908927801455896, 0.7071067811865434649 ) ) ;
#5128 = CARTESIAN_POINT ( 'NONE',  ( -0.5613880118888628923, 11.38616895624280367, -2.635765852298994627 ) ) ;
#5129 = DIRECTION ( 'NONE',  ( 6.162975822039155825E-32, -3.538566068381623796E-16, -1.000000000000000000 ) ) ;
#5130 = CARTESIAN_POINT ( 'NONE',  ( 0.2527409261506041172, 0.9933514102514432453, 8.770096189432319278 ) ) ;
#5131 = ORIENTED_EDGE ( 'NONE', *, *, #2954, .F. ) ;
#5132 = CARTESIAN_POINT ( 'NONE',  ( -0.9218726222051396579, -0.2595604389839061277, 7.924999999999998046 ) ) ;
#5133 =( BOUNDED_CURVE ( )  B_SPLINE_CURVE ( 3, ( #4325, #864, #1901, #4242 ),
 .UNSPECIFIED., .F., .T. ) 
 B_SPLINE_CURVE_WITH_KNOTS ( ( 4, 4 ),
 ( 4.674637054847210926, 4.713013727246650575 ),
 .UNSPECIFIED. ) 
 CURVE ( )  GEOMETRIC_REPRESENTATION_ITEM ( )  RATIONAL_B_SPLINE_CURVE ( ( 1.000000000000000000, 0.9998772730169582790, 0.9998772730169582790, 1.000000000000000000 ) ) 
 REPRESENTATION_ITEM ( '' )  );
#5134 = CIRCLE ( 'NONE', #80, 2.300000000000008704 ) ;
#5135 = AXIS2_PLACEMENT_3D ( 'NONE', #2099, #1550, #3894 ) ;
#5136 = AXIS2_PLACEMENT_3D ( 'NONE', #576, #3404, #5239 ) ;
#5137 = CARTESIAN_POINT ( 'NONE',  ( -2.909304780501067000, -6.444838686433791430, 15.70000000000000284 ) ) ;
#5138 = CARTESIAN_POINT ( 'NONE',  ( 3.659336059698193644, -5.644400730121160947, -3.500000000000010214 ) ) ;
#5139 = VERTEX_POINT ( 'NONE', #6531 ) ;
#5140 = EDGE_CURVE ( 'NONE', #5448, #4388, #2418, .T. ) ;
#5141 = CYLINDRICAL_SURFACE ( 'NONE', #3806, 1.352549999999998365 ) ;
#5142 = CARTESIAN_POINT ( 'NONE',  ( 1.147023408217124452, -0.2918400834965618751, 13.02365381056767824 ) ) ;
#5143 = CARTESIAN_POINT ( 'NONE',  ( -0.2361503771250583195, -0.9281453293749780675, 12.49999999999999645 ) ) ;
#5144 = AXIS2_PLACEMENT_3D ( 'NONE', #3875, #2197, #2465 ) ;
#5145 = VERTEX_POINT ( 'NONE', #5884 ) ;
#5146 = CARTESIAN_POINT ( 'NONE',  ( -0.9218726222051401020, -0.2595604389839063497, 13.77499999999999503 ) ) ;
#5147 = ORIENTED_EDGE ( 'NONE', *, *, #6720, .T. ) ;
#5148 = CARTESIAN_POINT ( 'NONE',  ( 11.41102384709821571, 7.603431076707863667, 12.39560631973881222 ) ) ;
#5149 = CARTESIAN_POINT ( 'NONE',  ( 1.071729911523486622, -0.2726829676047642925, 10.41874999999999929 ) ) ;
#5150 = CARTESIAN_POINT ( 'NONE',  ( -0.6857222450800781743, 0.6685848903910792673, 8.356249999999997513 ) ) ;
#5151 = LINE ( 'NONE', #7555, #861 ) ;
#5152 = ORIENTED_EDGE ( 'NONE', *, *, #2649, .T. ) ;
#5153 = EDGE_CURVE ( 'NONE', #5139, #7439, #7592, .T. ) ;
#5154 = EDGE_CURVE ( 'NONE', #7239, #1799, #1425, .T. ) ;
#5155 = ORIENTED_EDGE ( 'NONE', *, *, #6038, .T. ) ;
#5156 = LINE ( 'NONE', #1649, #4134 ) ;
#5157 = EDGE_CURVE ( 'NONE', #5319, #3837, #5134, .T. ) ;
#5158 = ORIENTED_EDGE ( 'NONE', *, *, #6389, .F. ) ;
#5159 = CIRCLE ( 'NONE', #1330, 1.499999999999999778 ) ;
#5160 = ADVANCED_FACE ( 'NONE', ( #564 ), #1176, .F. ) ;
#5161 = VERTEX_POINT ( 'NONE', #2231 ) ;
#5162 = CARTESIAN_POINT ( 'NONE',  ( 10.66511182593023577, 5.715364357624369340, 12.00000000000000000 ) ) ;
#5163 = CARTESIAN_POINT ( 'NONE',  ( 0.6857222450800849467, -0.6685848903910641683, 9.481249999999997513 ) ) ;
#5164 = CARTESIAN_POINT ( 'NONE',  ( -0.2527409261505972893, -0.9933514102514280353, 10.34509618943231679 ) ) ;
#5165 = CARTESIAN_POINT ( 'NONE',  ( -1.495091218127973853, -7.859052248806888130, 15.70000000000000284 ) ) ;
#5166 = CARTESIAN_POINT ( 'NONE',  ( -0.9218726222051401020, -0.2595604389839064052, 13.32499999999999574 ) ) ;
#5167 = CARTESIAN_POINT ( 'NONE',  ( 0.2361503771250644534, 0.9281453293749930555, 13.17499999999999538 ) ) ;
#5168 = LINE ( 'NONE', #4706, #3441 ) ;
#5169 = DIRECTION ( 'NONE',  ( 0.9804261166812019423, 0.1968873528935216055, 0.000000000000000000 ) ) ;
#5170 = DIRECTION ( 'NONE',  ( 0.000000000000000000, 0.000000000000000000, 1.000000000000000000 ) ) ;
#5171 = PLANE ( 'NONE',  #3556 ) ;
#5172 = AXIS2_PLACEMENT_3D ( 'NONE', #3158, #3264, #1424 ) ;
#5173 = CARTESIAN_POINT ( 'NONE',  ( -0.8262526302591579608, -0.8474313685031431564, 9.407596189432322120 ) ) ;
#5174 = ORIENTED_EDGE ( 'NONE', *, *, #328, .F. ) ;
#5175 = CARTESIAN_POINT ( 'NONE',  ( 1.071729911523486845, -0.2726829676047643480, 13.11874999999999858 ) ) ;
#5176 = CARTESIAN_POINT ( 'NONE',  ( 0.3622621998211823513, 12.89491241143500311, -6.000000000000004441 ) ) ;
#5177 = CARTESIAN_POINT ( 'NONE',  ( 10.18465572053226254, 7.073385883311429367, 16.00000000000000000 ) ) ;
#5178 = ORIENTED_EDGE ( 'NONE', *, *, #4671, .T. ) ;
#5179 = DIRECTION ( 'NONE',  ( 2.565753199199158405E-18, 2.902514036010829075E-16, -1.000000000000000000 ) ) ;
#5180 = CARTESIAN_POINT ( 'NONE',  ( -0.7338970930875375887, 0.7155557677481522161, 13.66115381056767752 ) ) ;
#5181 = CARTESIAN_POINT ( 'NONE',  ( 0.6857222450800845026, -0.6685848903910642793, 13.47499999999999787 ) ) ;
#5182 = CARTESIAN_POINT ( 'NONE',  ( -6.262648025456980072, -10.35366736456556858, 12.19478790094338194 ) ) ;
#5183 = ADVANCED_FACE ( 'NONE', ( #3579 ), #1792, .T. ) ;
#5184 = VECTOR ( 'NONE', #4898, 1000.000000000000000 ) ;
#5185 = ORIENTED_EDGE ( 'NONE', *, *, #6731, .F. ) ;
#5186 = CARTESIAN_POINT ( 'NONE',  ( 0.3142264970239181388, 1.235009061298932398, 9.364062499999999289 ) ) ;
#5187 = VERTEX_POINT ( 'NONE', #3432 ) ;
#5188 = CARTESIAN_POINT ( 'NONE',  ( -6.182748631948914664, -9.509949473183210600, -2.766606110804743945 ) ) ;
#5189 = CARTESIAN_POINT ( 'NONE',  ( -0.2361503771250582084, -0.9281453293749780675, 11.20624999999999716 ) ) ;
#5190 = CARTESIAN_POINT ( 'NONE',  ( -0.7720153328867996878, -0.7918038455725918690, 8.918749999999999289 ) ) ;
#5191 = CARTESIAN_POINT ( 'NONE',  ( 0.4706834469936303500, -0.8502158053265282955, 8.051346677367487104 ) ) ;
#5192 = VECTOR ( 'NONE', #228, 1000.000000000000114 ) ;
#5193 = PLANE ( 'NONE',  #6151 ) ;
#5194 = ORIENTED_EDGE ( 'NONE', *, *, #828, .T. ) ;
#5195 = CIRCLE ( 'NONE', #3320, 2.000000000000004885 ) ;
#5196 = ORIENTED_EDGE ( 'NONE', *, *, #2927, .T. ) ;
#5197 = CARTESIAN_POINT ( 'NONE',  ( -11.38616895624280012, -0.5613880118889900128, -2.500000000000007550 ) ) ;
#5198 = EDGE_LOOP ( 'NONE', ( #6886, #134, #2792, #2590 ) ) ;
#5199 = CARTESIAN_POINT ( 'NONE',  ( 1.019815740682219696, -13.53149764725408133, -3.500000000000012434 ) ) ;
#5200 =( LENGTH_UNIT ( ) NAMED_UNIT ( * ) SI_UNIT ( .MILLI., .METRE. ) );
#5201 = CARTESIAN_POINT ( 'NONE',  ( -0.3464363557219215517, -5.489078415493277241, -3.000000000000009770 ) ) ;
#5202 = CARTESIAN_POINT ( 'NONE',  ( 0.7720153328868070153, 0.7918038455726068570, 8.693749999999997868 ) ) ;
#5203 = CARTESIAN_POINT ( 'NONE',  ( -0.9866380192381379866, -0.2777956425032830357, 10.27009618943231750 ) ) ;
#5204 = CARTESIAN_POINT ( 'NONE',  ( 6.163974365719692372, -10.41301478351950749, 12.12176487116136592 ) ) ;
#5205 = CARTESIAN_POINT ( 'NONE',  ( 0.3988063169686492659, -1.416427813942187308, 10.10468749999999538 ) ) ;
#5206 = CONICAL_SURFACE ( 'NONE', #3339, 1.499999999999999778, 0.7853981633974482790 ) ;
#5207 = DIRECTION ( 'NONE',  ( 1.000000000000000000, 0.000000000000000000, 0.000000000000000000 ) ) ;
#5208 = DIRECTION ( 'NONE',  ( 0.6828304940614048357, -0.1836913617453250491, 0.7071067811865517916 ) ) ;
#5209 = CARTESIAN_POINT ( 'NONE',  ( 7.859052248806893459, 1.495091218127947430, -5.729735577732628649 ) ) ;
#5210 = CARTESIAN_POINT ( 'NONE',  ( 6.641428455355037563, 11.21498648448605628, -5.499999999998311573 ) ) ;
#5211 = CARTESIAN_POINT ( 'NONE',  ( -0.7338970930875371446, 0.7155557677481523271, 8.845096189432318567 ) ) ;
#5212 = EDGE_LOOP ( 'NONE', ( #1398, #1318, #2554, #5356 ) ) ;
#5213 = CARTESIAN_POINT ( 'NONE',  ( 0.9218726222051469854, 0.2595604389839208936, 8.149999999999996803 ) ) ;
#5214 = AXIS2_PLACEMENT_3D ( 'NONE', #5017, #2093, #5721 ) ;
#5215 = CARTESIAN_POINT ( 'NONE',  ( 0.2997145786366830489, -1.064486813177364155, 13.94374999999999964 ) ) ;
#5216 = FACE_BOUND ( 'NONE', #5963, .T. ) ;
#5217 = CARTESIAN_POINT ( 'NONE',  ( 1.990130539619583416, 4.615917544767634162, -2.883923083294268608 ) ) ;
#5218 = ORIENTED_EDGE ( 'NONE', *, *, #19, .T. ) ;
#5219 = CARTESIAN_POINT ( 'NONE',  ( -6.549630462519497875, -9.331255709366084616, -3.688856844742706809 ) ) ;
#5220 = CARTESIAN_POINT ( 'NONE',  ( 0.7338970930875439169, -0.7155557677481375611, 9.386153810567678946 ) ) ;
#5221 = AXIS2_PLACEMENT_3D ( 'NONE', #696, #5397, #1372 ) ;
#5222 = DIRECTION ( 'NONE',  ( -2.565753199199158405E-18, -2.902514036010829075E-16, 1.000000000000000000 ) ) ;
#5223 = ORIENTED_EDGE ( 'NONE', *, *, #2311, .T. ) ;
#5224 = PRODUCT_DEFINITION_FORMATION_WITH_SPECIFIED_SOURCE ( 'ANY', '', #2210, .NOT_KNOWN. ) ;
#5225 = CARTESIAN_POINT ( 'NONE',  ( 0.9124359724768875690, -0.8896326596143604437, 9.664062499999998224 ) ) ;
#5226 = ORIENTED_EDGE ( 'NONE', *, *, #2625, .T. ) ;
#5227 = CARTESIAN_POINT ( 'NONE',  ( -6.874418817138667315, -12.08107470081076684, -4.500000000000011546 ) ) ;
#5228 = CARTESIAN_POINT ( 'NONE',  ( 0.2997145786366833820, -1.064486813177363933, 10.79374999999999929 ) ) ;
#5229 = CARTESIAN_POINT ( 'NONE',  ( 1.071729911523487067, -0.2726829676047641815, 8.168749999999999289 ) ) ;
#5230 = CARTESIAN_POINT ( 'NONE',  ( 10.43465397290603214, -6.899120066973257082, 15.69999999999699725 ) ) ;
#5231 = ADVANCED_FACE ( 'NONE', ( #1139 ), #3885, .F. ) ;
#5232 = CARTESIAN_POINT ( 'NONE',  ( 6.603612861616113605, -10.13914676754894550, 13.00000000000000178 ) ) ;
#5233 = ORIENTED_EDGE ( 'NONE', *, *, #5479, .T. ) ;
#5234 = CARTESIAN_POINT ( 'NONE',  ( -1.071729911523480183, 0.2726829676047792250, 11.09374999999999822 ) ) ;
#5235 = EDGE_LOOP ( 'NONE', ( #4501 ) ) ;
#5236 = DIRECTION ( 'NONE',  ( 0.7071067811865492381, -0.7071067811865459074, 0.000000000000000000 ) ) ;
#5237 = ORIENTED_EDGE ( 'NONE', *, *, #6456, .F. ) ;
#5238 = EDGE_CURVE ( 'NONE', #5651, #1239, #6495, .T. ) ;
#5239 = DIRECTION ( 'NONE',  ( 1.000000000000000000, -4.445228907190568179E-15, 0.000000000000000000 ) ) ;
#5240 = VERTEX_POINT ( 'NONE', #4106 ) ;
#5241 = LINE ( 'NONE', #3947, #3524 ) ;
#5242 = CARTESIAN_POINT ( 'NONE',  ( -1.147023408217118456, 0.2918400834965766411, 13.83259618943231750 ) ) ;
#5243 = ORIENTED_EDGE ( 'NONE', *, *, #2262, .F. ) ;
#5244 = CARTESIAN_POINT ( 'NONE',  ( 11.35777712908896220, 0.9854161010242532548, -3.687690596025422707 ) ) ;
#5245 = CARTESIAN_POINT ( 'NONE',  ( -0.9124359724768810187, 0.8896326596143752097, 9.917187499999997158 ) ) ;
#5246 = LINE ( 'NONE', #469, #6910 ) ;
#5247 = CARTESIAN_POINT ( 'NONE',  ( 9.509949473183178625, -6.182748631948953744, -2.766606110804743945 ) ) ;
#5248 = EDGE_CURVE ( 'NONE', #4216, #47, #526, .T. ) ;
#5249 = DIRECTION ( 'NONE',  ( 1.092944362199429846E-17, -5.442458243416499620E-17, -1.000000000000000000 ) ) ;
#5250 = CARTESIAN_POINT ( 'NONE',  ( -6.722976298045485244, -11.51812188064628906, -4.370509263300311531 ) ) ;
#5251 = CARTESIAN_POINT ( 'NONE',  ( 0.3207707779579633822, -1.139271451999712692, 9.032596189432318567 ) ) ;
#5252 = ORIENTED_EDGE ( 'NONE', *, *, #4280, .F. ) ;
#5253 = CARTESIAN_POINT ( 'NONE',  ( 1.071729911523487067, -0.2726829676047641815, 8.112499999999997158 ) ) ;
#5254 = VECTOR ( 'NONE', #2384, 1000.000000000000000 ) ;
#5255 = CIRCLE ( 'NONE', #3017, 5.999999999999999112 ) ;
#5256 = CARTESIAN_POINT ( 'NONE',  ( -11.41138932068216683, 7.603224404588836194, 12.39508553045117623 ) ) ;
#5257 = EDGE_CURVE ( 'NONE', #613, #6962, #2975, .T. ) ;
#5258 = CARTESIAN_POINT ( 'NONE',  ( 0.2997145786366834930, -1.064486813177363933, 9.387499999999999289 ) ) ;
#5259 = CARTESIAN_POINT ( 'NONE',  ( 3.376133003484901529, -6.697143117985468130, -5.500000000000015987 ) ) ;
#5260 = ORIENTED_EDGE ( 'NONE', *, *, #5962, .T. ) ;
#5261 = DIRECTION ( 'NONE',  ( 2.565753199199158405E-18, 2.902514036010829075E-16, -1.000000000000000000 ) ) ;
#5262 = ADVANCED_FACE ( 'NONE', ( #3505 ), #1430, .F. ) ;
#5263 = CARTESIAN_POINT ( 'NONE',  ( -1.147023408217118012, 0.2918400834965767521, 10.99865381056767610 ) ) ;
#5264 = CIRCLE ( 'NONE', #1072, 2.199999999999999734 ) ;
#5265 = AXIS2_PLACEMENT_3D ( 'NONE', #2294, #4647, #7002 ) ;
#5266 = AXIS2_PLACEMENT_3D ( 'NONE', #985, #1982, #1509 ) ;
#5267 = EDGE_LOOP ( 'NONE', ( #2891 ) ) ;
#5268 = CARTESIAN_POINT ( 'NONE',  ( -3.376133003484854900, 6.697143117985475236, -2.500000000000006661 ) ) ;
#5269 = CARTESIAN_POINT ( 'NONE',  ( 0.7720153328868067932, 0.7918038455726066349, 11.39375000000000071 ) ) ;
#5270 = AXIS2_PLACEMENT_3D ( 'NONE', #5628, #348, #425 ) ;
#5271 = CARTESIAN_POINT ( 'NONE',  ( 0.7720153328868067932, 0.7918038455726068570, 10.94374999999999787 ) ) ;
#5272 = CARTESIAN_POINT ( 'NONE',  ( 6.959305004152999352, 9.030322999027880826, -3.500000000000006217 ) ) ;
#5273 = DIRECTION ( 'NONE',  ( -1.000000000000000000, 0.000000000000000000, 0.000000000000000000 ) ) ;
#5274 = ORIENTED_EDGE ( 'NONE', *, *, #5415, .F. ) ;
#5275 = VERTEX_POINT ( 'NONE', #3547 ) ;
#5276 = CARTESIAN_POINT ( 'NONE',  ( -11.56469559113499557, -7.495141010748651134, 12.20616082374775146 ) ) ;
#5277 = CARTESIAN_POINT ( 'NONE',  ( 1.027259311016479826, 1.053590308655661278, 10.22656249999999822 ) ) ;
#5278 = ORIENTED_EDGE ( 'NONE', *, *, #4925, .T. ) ;
#5279 = CARTESIAN_POINT ( 'NONE',  ( 5.894289186605170983, -1.121318413595959740, -5.729735577732628649 ) ) ;
#5280 = ADVANCED_FACE ( 'NONE', ( #5850 ), #4642, .F. ) ;
#5281 = CARTESIAN_POINT ( 'NONE',  ( 0.2250010684023698304, 0.8843250359555627771, 8.000000000000000000 ) ) ;
#5282 = CARTESIAN_POINT ( 'NONE',  ( -0.7444734902080447636, -4.839538808873419029, -2.800538006243838751 ) ) ;
#5283 = CARTESIAN_POINT ( 'NONE',  ( 0.9866380192381446479, 0.2777956425032975796, 12.74509618943231892 ) ) ;
#5284 = CARTESIAN_POINT ( 'NONE',  ( 0.000000000000000000, 0.000000000000000000, 12.00000000000000000 ) ) ;
#5285 = VERTEX_POINT ( 'NONE', #642 ) ;
#5286 = EDGE_CURVE ( 'NONE', #2948, #4216, #7414, .T. ) ;
#5287 = DIRECTION ( 'NONE',  ( 0.000000000000000000, 0.000000000000000000, 1.000000000000000000 ) ) ;
#5288 = ORIENTED_EDGE ( 'NONE', *, *, #6438, .T. ) ;
#5289 = CARTESIAN_POINT ( 'NONE',  ( 1.226662469500802821, 0.3453764016845636275, 9.317187499999995737 ) ) ;
#5290 = DIRECTION ( 'NONE',  ( 2.565753199199158405E-18, 2.902514036010829075E-16, -1.000000000000000000 ) ) ;
#5291 = CYLINDRICAL_SURFACE ( 'NONE', #2858, 1.025000000000000355 ) ;
#5292 = CARTESIAN_POINT ( 'NONE',  ( 5.377347161448373214, -0.3745416482459074659, -3.000000000000009770 ) ) ;
#5293 = DIRECTION ( 'NONE',  ( 0.9656681455035628359, -0.2597788150710324540, -7.292349956650283374E-17 ) ) ;
#5294 = ORIENTED_EDGE ( 'NONE', *, *, #1995, .F. ) ;
#5295 = CARTESIAN_POINT ( 'NONE',  ( -0.6857222450800781743, 0.6685848903910791563, 8.749999999999998224 ) ) ;
#5296 = DIRECTION ( 'NONE',  ( 0.4991391323160826454, -0.8665218558067351307, -4.336808689942012806E-16 ) ) ;
#5297 = CARTESIAN_POINT ( 'NONE',  ( -1.071729911523479739, 0.2726829676047793360, 8.337499999999998579 ) ) ;
#5298 = ORIENTED_EDGE ( 'NONE', *, *, #4100, .F. ) ;
#5299 = CARTESIAN_POINT ( 'NONE',  ( -6.697143117985448590, -3.376133003484933948, -2.500000000000009326 ) ) ;
#5300 = CARTESIAN_POINT ( 'NONE',  ( 0.8262526302591651772, 0.8474313685031581445, 10.39865381056767824 ) ) ;
#5301 = EDGE_LOOP ( 'NONE', ( #6263, #5794, #5373, #5370 ) ) ;
#5302 = EDGE_CURVE ( 'NONE', #5818, #5612, #6027, .T. ) ;
#5303 = CARTESIAN_POINT ( 'NONE',  ( -0.2997145786366769427, 1.064486813177378810, 11.46874999999999822 ) ) ;
#5304 = EDGE_LOOP ( 'NONE', ( #6214 ) ) ;
#5305 = ADVANCED_FACE ( 'NONE', ( #4756, #57 ), #4764, .F. ) ;
#5306 = ADVANCED_FACE ( 'NONE', ( #91 ), #1979, .T. ) ;
#5307 = DIRECTION ( 'NONE',  ( 0.000000000000000000, 0.000000000000000000, 1.000000000000000000 ) ) ;
#5308 = ORIENTED_EDGE ( 'NONE', *, *, #4933, .T. ) ;
#5309 = CARTESIAN_POINT ( 'NONE',  ( 6.874418817138667315, 12.08107470081074908, -4.500000000000004441 ) ) ;
#5310 = CARTESIAN_POINT ( 'NONE',  ( -0.6857222450800786184, 0.6685848903910790453, 12.85624999999999751 ) ) ;
#5311 = CARTESIAN_POINT ( 'NONE',  ( 0.2997145786366833264, -1.064486813177364155, 11.24374999999999858 ) ) ;
#5312 = CARTESIAN_POINT ( 'NONE',  ( -2.050480819890118965E-16, -8.447906342423668944E-15, -3.000000000000007994 ) ) ;
#5313 = LINE ( 'NONE', #1107, #7563 ) ;
#5314 = AXIS2_PLACEMENT_3D ( 'NONE', #1895, #1971, #2509 ) ;
#5315 = VERTEX_POINT ( 'NONE', #2518 ) ;
#5316 = ORIENTED_EDGE ( 'NONE', *, *, #7467, .T. ) ;
#5317 = CARTESIAN_POINT ( 'NONE',  ( -11.41102384709821571, -7.603431076707863667, 12.39560631973881222 ) ) ;
#5318 = CARTESIAN_POINT ( 'NONE',  ( 0.3142264970239178612, 1.235009061298932176, 11.61406249999999751 ) ) ;
#5319 = VERTEX_POINT ( 'NONE', #4327 ) ;
#5320 = CARTESIAN_POINT ( 'NONE',  ( -10.81140525586959811, 1.885847628875588988, -3.000000000000184741 ) ) ;
#5321 = CARTESIAN_POINT ( 'NONE',  ( 4.000000000000000000, 0.000000000000000000, 15.50000000000000000 ) ) ;
#5322 = CARTESIAN_POINT ( 'NONE',  ( -0.3207707779579568319, 1.139271451999727347, 13.30759618943232070 ) ) ;
#5323 = CIRCLE ( 'NONE', #887, 13.85588093706481416 ) ;
#5324 = CARTESIAN_POINT ( 'NONE',  ( 11.34730797334408514, 1.102243908340289957, -3.617690535558246712 ) ) ;
#5325 = FACE_OUTER_BOUND ( 'NONE', #4082, .T. ) ;
#5326 = CARTESIAN_POINT ( 'NONE',  ( 0.000000000000000000, 0.000000000000000000, 12.00000000000000000 ) ) ;
#5327 = DIRECTION ( 'NONE',  ( 1.000000000000000000, 0.000000000000000000, 0.000000000000000000 ) ) ;
#5328 = ORIENTED_EDGE ( 'NONE', *, *, #6455, .T. ) ;
#5329 = CARTESIAN_POINT ( 'NONE',  ( -0.6857222450800785074, 0.6685848903910791563, 10.54999999999999716 ) ) ;
#5330 = PLANE ( 'NONE',  #904 ) ;
#5331 = ORIENTED_EDGE ( 'NONE', *, *, #2635, .T. ) ;
#5332 = CARTESIAN_POINT ( 'NONE',  ( -6.198289006635946841, -9.567717250745664259, -4.363160845036046176 ) ) ;
#5333 = AXIS2_PLACEMENT_3D ( 'NONE', #7097, #5208, #4152 ) ;
#5334 = CARTESIAN_POINT ( 'NONE',  ( -0.9866380192381382086, -0.2777956425032831467, 10.58615381056767646 ) ) ;
#5335 = CARTESIAN_POINT ( 'NONE',  ( -0.9218726222051401020, -0.2595604389839063497, 13.77499999999999503 ) ) ;
#5336 = ORIENTED_EDGE ( 'NONE', *, *, #3773, .F. ) ;
#5337 = VECTOR ( 'NONE', #4795, 1000.000000000000000 ) ;
#5338 = EDGE_LOOP ( 'NONE', ( #5226, #5914, #6802, #7141 ) ) ;
#5339 = EDGE_CURVE ( 'NONE', #4121, #1827, #1302, .T. ) ;
#5340 = ORIENTED_EDGE ( 'NONE', *, *, #5428, .T. ) ;
#5341 = DIRECTION ( 'NONE',  ( 2.565753199199158405E-18, 2.902514036010829075E-16, -1.000000000000000000 ) ) ;
#5342 = CARTESIAN_POINT ( 'NONE',  ( -1.071729911523480405, 0.2726829676047791140, 13.34374999999999822 ) ) ;
#5343 = CARTESIAN_POINT ( 'NONE',  ( 0.9218726222051467634, 0.2595604389839208381, 10.45624999999999893 ) ) ;
#5344 = CARTESIAN_POINT ( 'NONE',  ( -3.006193642668453236, 4.605735531137202798, -6.000000000000006217 ) ) ;
#5345 = DIRECTION ( 'NONE',  ( 0.4991391323160827009, -0.8665218558067350196, -2.891205793294678819E-16 ) ) ;
#5346 = EDGE_CURVE ( 'NONE', #4638, #7439, #620, .T. ) ;
#5347 = ORIENTED_EDGE ( 'NONE', *, *, #7571, .F. ) ;
#5348 = AXIS2_PLACEMENT_3D ( 'NONE', #2166, #2242, #1538 ) ;
#5349 = APPROVAL ( #2488, 'UNSPECIFIED' ) ;
#5350 = EDGE_LOOP ( 'NONE', ( #6913 ) ) ;
#5351 = CARTESIAN_POINT ( 'NONE',  ( -2.050480819890118965E-16, -8.447906342423668944E-15, -3.000000000000007994 ) ) ;
#5352 = CARTESIAN_POINT ( 'NONE',  ( -0.9124359724768810187, 0.8896326596143752097, 10.33906249999999716 ) ) ;
#5353 = ORIENTED_EDGE ( 'NONE', *, *, #1042, .T. ) ;
#5354 = CARTESIAN_POINT ( 'NONE',  ( -10.62254006404768880, 3.549642655846228845, -2.903486573560921880 ) ) ;
#5355 = CARTESIAN_POINT ( 'NONE',  ( -0.3207707779579566654, 1.139271451999727347, 11.95759618943231928 ) ) ;
#5356 = ORIENTED_EDGE ( 'NONE', *, *, #2836, .T. ) ;
#5357 = CARTESIAN_POINT ( 'NONE',  ( -2.050480819890118965E-16, -8.447906342423668944E-15, -3.000000000000007994 ) ) ;
#5358 = CARTESIAN_POINT ( 'NONE',  ( -6.899120066973291721, -10.43465397290600727, 15.69999999999700790 ) ) ;
#5359 = DIRECTION ( 'NONE',  ( 0.4991391323160827009, -0.8665218558067350196, -2.387234141252486967E-16 ) ) ;
#5360 = CARTESIAN_POINT ( 'NONE',  ( 11.44838830364336957, -7.225053840674814154, -3.622477049783460856 ) ) ;
#5361 = EDGE_LOOP ( 'NONE', ( #3256 ) ) ;
#5362 = EDGE_CURVE ( 'NONE', #3104, #1357, #4175, .T. ) ;
#5363 = CARTESIAN_POINT ( 'NONE',  ( -0.2361503771250579586, -0.9281453293749779565, 8.899999999999998579 ) ) ;
#5364 = CARTESIAN_POINT ( 'NONE',  ( 1.121684301931381356, 4.617205249107730225, -2.661549329924384644 ) ) ;
#5365 = CARTESIAN_POINT ( 'NONE',  ( -4.489023189881713449, 4.832046233295392845, -2.500000000000006661 ) ) ;
#5366 = CARTESIAN_POINT ( 'NONE',  ( -1.147023408217118012, 0.2918400834965768631, 9.648653810567676459 ) ) ;
#5367 = CARTESIAN_POINT ( 'NONE',  ( 1.071729911523486400, -0.2726829676047643480, 13.96249999999999858 ) ) ;
#5368 = ORIENTED_EDGE ( 'NONE', *, *, #2833, .T. ) ;
#5369 = CIRCLE ( 'NONE', #7102, 4.000000000000000000 ) ;
#5370 = ORIENTED_EDGE ( 'NONE', *, *, #1108, .F. ) ;
#5371 = ADVANCED_FACE ( 'NONE', ( #3732, #5986 ), #5566, .T. ) ;
#5372 = CARTESIAN_POINT ( 'NONE',  ( -1.426065627985119155, 0.3628375052865480122, 14.00468749999999929 ) ) ;
#5373 = ORIENTED_EDGE ( 'NONE', *, *, #4629, .F. ) ;
#5374 = DIRECTION ( 'NONE',  ( 2.565753199199158405E-18, 2.902514036010829075E-16, -1.000000000000000000 ) ) ;
#5375 = CARTESIAN_POINT ( 'NONE',  ( 1.071729911523486400, -0.2726829676047644035, 13.56874999999999787 ) ) ;
#5376 = CARTESIAN_POINT ( 'NONE',  ( 0.2997145786366832154, -1.064486813177364155, 11.69374999999999787 ) ) ;
#5377 = DIRECTION ( 'NONE',  ( 2.565753199199158405E-18, 2.902514036010829075E-16, -1.000000000000000000 ) ) ;
#5378 = AXIS2_PLACEMENT_3D ( 'NONE', #4488, #2828, #6226 ) ;
#5379 = FACE_OUTER_BOUND ( 'NONE', #6298, .T. ) ;
#5380 = EDGE_LOOP ( 'NONE', ( #4136 ) ) ;
#5381 = AXIS2_PLACEMENT_3D ( 'NONE', #5284, #1223, #3562 ) ;
#5382 = CIRCLE ( 'NONE', #6114, 5.999999999999999112 ) ;
#5383 = EDGE_LOOP ( 'NONE', ( #1247, #2016, #6472, #2150 ) ) ;
#5384 = CARTESIAN_POINT ( 'NONE',  ( -11.64807910107603739, -7.417848927601568221, 12.12890497068127971 ) ) ;
#5385 = CARTESIAN_POINT ( 'NONE',  ( 1.426065627985125372, -0.3628375052865330797, 10.60156250000000000 ) ) ;
#5386 = EDGE_CURVE ( 'NONE', #1861, #7354, #7050, .T. ) ;
#5387 = CARTESIAN_POINT ( 'NONE',  ( -10.55125424267066414, 3.617369471206626219, -2.935182483687549304 ) ) ;
#5388 = CARTESIAN_POINT ( 'NONE',  ( 0.000000000000000000, 0.000000000000000000, 16.00000000000000000 ) ) ;
#5389 = SECURITY_CLASSIFICATION_LEVEL ( 'unclassified' ) ;
#5390 = CARTESIAN_POINT ( 'NONE',  ( -0.8262526302591585159, -0.8474313685031433785, 13.90759618943231857 ) ) ;
#5391 = AXIS2_PLACEMENT_3D ( 'NONE', #5744, #4065, #4660 ) ;
#5392 = VERTEX_POINT ( 'NONE', #2630 ) ;
#5393 = B_SPLINE_CURVE_WITH_KNOTS ( 'NONE', 3,
 ( #6842, #1027, #6264, #5188, #3977, #1595 ),
 .UNSPECIFIED., .F., .F.,
 ( 4, 2, 4 ),
 ( 0.0008049385535018089991, 0.001206418312646971580, 0.001607898071792134053 ),
 .UNSPECIFIED. ) ;
#5394 = ADVANCED_FACE ( 'NONE', ( #7222, #5409 ), #208, .F. ) ;
#5395 = CARTESIAN_POINT ( 'NONE',  ( 0.9558469475201839538, -0.3098412080231395804, 8.084826742222281482 ) ) ;
#5396 = CARTESIAN_POINT ( 'NONE',  ( -3.379838509262460988, 0.9092258527486054565, -3.000000000000007994 ) ) ;
#5397 = DIRECTION ( 'NONE',  ( 0.000000000000000000, 0.000000000000000000, -1.000000000000000000 ) ) ;
#5398 = CARTESIAN_POINT ( 'NONE',  ( -7.560375461729541335, -11.26943767208667602, -3.500000000000012434 ) ) ;
#5399 = ORIENTED_EDGE ( 'NONE', *, *, #7587, .F. ) ;
#5400 = EDGE_CURVE ( 'NONE', #1390, #5187, #4260, .T. ) ;
#5401 = CARTESIAN_POINT ( 'NONE',  ( 0.6857222450800849467, -0.6685848903910641683, 9.424999999999997158 ) ) ;
#5402 = CARTESIAN_POINT ( 'NONE',  ( -0.6857222450800782854, 0.6685848903910791563, 9.199999999999995737 ) ) ;
#5403 = DIRECTION ( 'NONE',  ( 0.000000000000000000, 0.000000000000000000, 1.000000000000000000 ) ) ;
#5404 = CARTESIAN_POINT ( 'NONE',  ( 1.147023408217124896, -0.2918400834965618196, 8.973653810567679301 ) ) ;
#5405 = AXIS2_PLACEMENT_3D ( 'NONE', #3493, #5870, #2963 ) ;
#5406 = ORIENTED_EDGE ( 'NONE', *, *, #1225, .F. ) ;
#5407 = CYLINDRICAL_SURFACE ( 'NONE', #728, 1.499999999999999778 ) ;
#5408 = ORIENTED_EDGE ( 'NONE', *, *, #5286, .T. ) ;
#5409 = FACE_OUTER_BOUND ( 'NONE', #1564, .T. ) ;
#5410 = CARTESIAN_POINT ( 'NONE',  ( -0.9218726222051401020, -0.2595604389839064052, 13.38124999999999787 ) ) ;
#5411 = CARTESIAN_POINT ( 'NONE',  ( 0.6857222450800848357, -0.6685848903910641683, 10.38124999999999787 ) ) ;
#5412 = ADVANCED_FACE ( 'NONE', ( #5521 ), #2555, .F. ) ;
#5413 = DIRECTION ( 'NONE',  ( -0.4991391323160826454, 0.8665218558067350196, 2.662952704350361526E-16 ) ) ;
#5414 = FACE_OUTER_BOUND ( 'NONE', #5781, .T. ) ;
#5415 = EDGE_CURVE ( 'NONE', #1390, #5187, #3528, .T. ) ;
#5416 = AXIS2_PLACEMENT_3D ( 'NONE', #4945, #5013, #3194 ) ;
#5417 = ORIENTED_EDGE ( 'NONE', *, *, #755, .T. ) ;
#5418 = ORIENTED_EDGE ( 'NONE', *, *, #3771, .T. ) ;
#5419 = CARTESIAN_POINT ( 'NONE',  ( 0.5912326089811082985, -11.38479547291872862, -4.227753198021838799 ) ) ;
#5420 = CARTESIAN_POINT ( 'NONE',  ( -0.3142264970239113109, -1.235009061298917077, 10.51718749999999680 ) ) ;
#5421 = CARTESIAN_POINT ( 'NONE',  ( -1.226662469500795938, -0.3453764016845490836, 10.41406249999999822 ) ) ;
#5422 = CIRCLE ( 'NONE', #1732, 12.90000000000000036 ) ;
#5423 = DIRECTION ( 'NONE',  ( 0.7071067811865415775, -0.7071067811865536790, 0.000000000000000000 ) ) ;
#5424 = APPROVAL_STATUS ( 'not_yet_approved' ) ;
#5425 = CARTESIAN_POINT ( 'NONE',  ( 0.4991629891265663144, -0.8952437155804198188, 13.99999999999999822 ) ) ;
#5426 = ORIENTED_EDGE ( 'NONE', *, *, #259, .F. ) ;
#5427 = VECTOR ( 'NONE', #1086, 1000.000000000000000 ) ;
#5428 = EDGE_CURVE ( 'NONE', #2596, #143, #7274, .T. ) ;
#5429 = DIRECTION ( 'NONE',  ( -0.7071067811865491270, 0.7071067811865459074, 0.000000000000000000 ) ) ;
#5430 = ORIENTED_EDGE ( 'NONE', *, *, #2326, .T. ) ;
#5431 = CARTESIAN_POINT ( 'NONE',  ( 4.043894140137889305E-16, -2.367566156902268490E-15, 15.49999999999999645 ) ) ;
#5432 = CARTESIAN_POINT ( 'NONE',  ( 10.67100906761327472, -7.135475161680497891, 14.80016474488665779 ) ) ;
#5433 = DIRECTION ( 'NONE',  ( -0.4991391323160829230, 0.8665218558067349086, 0.000000000000000000 ) ) ;
#5434 = CARTESIAN_POINT ( 'NONE',  ( -10.13914676754892419, -6.603612861616150020, 12.73116666813528219 ) ) ;
#5435 = CIRCLE ( 'NONE', #4323, 1.499999999999999778 ) ;
#5436 = CARTESIAN_POINT ( 'NONE',  ( 1.495091218128028698, 7.859052248806878360, 12.00000000000000000 ) ) ;
#5437 = ORIENTED_EDGE ( 'NONE', *, *, #3771, .F. ) ;
#5438 = CARTESIAN_POINT ( 'NONE',  ( -0.9218726222051397690, -0.2595604389839061832, 9.724999999999997868 ) ) ;
#5439 = VECTOR ( 'NONE', #817, 1000.000000000000114 ) ;
#5440 = CARTESIAN_POINT ( 'NONE',  ( -0.9218726222051398800, -0.2595604389839062942, 10.62499999999999645 ) ) ;
#5441 = CARTESIAN_POINT ( 'NONE',  ( 0.9218726222051467634, 0.2595604389839208381, 10.39999999999999858 ) ) ;
#5442 = DIRECTION ( 'NONE',  ( 0.000000000000000000, 0.000000000000000000, 1.000000000000000000 ) ) ;
#5443 = CARTESIAN_POINT ( 'NONE',  ( -7.607243831355219754, -11.14277773728793264, 13.00000000000000355 ) ) ;
#5444 = DIRECTION ( 'NONE',  ( 0.2597788150710264032, 0.9656681455035646122, 2.809530629711170023E-16 ) ) ;
#5445 = EDGE_LOOP ( 'NONE', ( #5194, #7356, #7544, #6574, #4796, #2787, #4104 ) ) ;
#5446 = VECTOR ( 'NONE', #3108, 1000.000000000000000 ) ;
#5447 = CARTESIAN_POINT ( 'NONE',  ( 10.25314996727275307, -6.425893240277583018, 12.37784182699226321 ) ) ;
#5448 = VERTEX_POINT ( 'NONE', #2667 ) ;
#5449 = CARTESIAN_POINT ( 'NONE',  ( -4.617205249107727560, 1.121684301931419547, -2.661549329924385976 ) ) ;
#5450 = CARTESIAN_POINT ( 'NONE',  ( 0.2997145786366830489, -1.064486813177364155, 13.94374999999999964 ) ) ;
#5451 = CARTESIAN_POINT ( 'NONE',  ( 0.7720153328868065712, 0.7918038455726065239, 14.09374999999999822 ) ) ;
#5452 = AXIS2_PLACEMENT_3D ( 'NONE', #3986, #2370, #3551 ) ;
#5453 = DIRECTION ( 'NONE',  ( 0.4991391323160825899, -0.8665218558067351307, -3.469446951953647715E-16 ) ) ;
#5454 = CARTESIAN_POINT ( 'NONE',  ( -13.03343818998276049, -0.1182485631700205542, -5.500000000000007105 ) ) ;
#5455 = ORIENTED_EDGE ( 'NONE', *, *, #2117, .F. ) ;
#5456 = AXIS2_PLACEMENT_3D ( 'NONE', #2742, #5100, #1628 ) ;
#5457 = ORIENTED_EDGE ( 'NONE', *, *, #3681, .F. ) ;
#5458 = CARTESIAN_POINT ( 'NONE',  ( 0.000000000000000000, 0.000000000000000000, 16.00000000000000000 ) ) ;
#5459 = EDGE_CURVE ( 'NONE', #3203, #3976, #7462, .T. ) ;
#5460 = CARTESIAN_POINT ( 'NONE',  ( -0.3142264970239115884, -1.235009061298917077, 13.18906249999999680 ) ) ;
#5461 = DIRECTION ( 'NONE',  ( 1.000000000000000000, 0.000000000000000000, 0.000000000000000000 ) ) ;
#5462 = PERSON_AND_ORGANIZATION ( #6722, #7448 ) ;
#5463 = CARTESIAN_POINT ( 'NONE',  ( 7.151945467620347330, 2.202197999314496890, 13.00000000000000178 ) ) ;
#5464 = AXIS2_PLACEMENT_3D ( 'NONE', #974, #2735, #5092 ) ;
#5465 = EDGE_LOOP ( 'NONE', ( #5029, #6037, #1293, #5763 ) ) ;
#5466 = ORIENTED_EDGE ( 'NONE', *, *, #1347, .T. ) ;
#5467 = ADVANCED_FACE ( 'NONE', ( #3889 ), #5724, .F. ) ;
#5468 = FACE_OUTER_BOUND ( 'NONE', #3173, .T. ) ;
#5469 = EDGE_LOOP ( 'NONE', ( #5723 ) ) ;
#5470 = DIRECTION ( 'NONE',  ( -2.565753199199158405E-18, -2.902514036010829075E-16, 1.000000000000000000 ) ) ;
#5471 = CARTESIAN_POINT ( 'NONE',  ( -11.30314025291770008, -1.489198186923009093, -3.500000000000008438 ) ) ;
#5472 = CARTESIAN_POINT ( 'NONE',  ( 0.000000000000000000, 0.000000000000000000, 12.00000000000000000 ) ) ;
#5473 = DIRECTION ( 'NONE',  ( -0.4991391323160822013, 0.8665218558067353527, 0.000000000000000000 ) ) ;
#5474 = FACE_OUTER_BOUND ( 'NONE', #532, .T. ) ;
#5475 = VERTEX_POINT ( 'NONE', #1505 ) ;
#5476 = CARTESIAN_POINT ( 'NONE',  ( -0.2997145786366768316, 1.064486813177379032, 10.06249999999999645 ) ) ;
#5477 = CARTESIAN_POINT ( 'NONE',  ( -0.2361503771250583472, -0.9281453293749780675, 12.94999999999999574 ) ) ;
#5478 = CARTESIAN_POINT ( 'NONE',  ( 0.9218726222051469854, 0.2595604389839208936, 9.049999999999997158 ) ) ;
#5479 = EDGE_CURVE ( 'NONE', #5779, #4525, #3384, .T. ) ;
#5480 = FACE_OUTER_BOUND ( 'NONE', #5771, .T. ) ;
#5481 = CARTESIAN_POINT ( 'NONE',  ( -0.9866380192381377645, -0.2777956425032830357, 8.786153810567677525 ) ) ;
#5482 = CARTESIAN_POINT ( 'NONE',  ( -3.279483973820132459, 5.024438761240585194, -2.500000000000006661 ) ) ;
#5483 = FACE_BOUND ( 'NONE', #3291, .T. ) ;
#5484 = FACE_BOUND ( 'NONE', #1026, .T. ) ;
#5485 = CARTESIAN_POINT ( 'NONE',  ( 10.20284345136207982, 6.507611580905976467, 12.46917019741645305 ) ) ;
#5486 = EDGE_CURVE ( 'NONE', #2918, #2918, #1348, .T. ) ;
#5487 = ADVANCED_FACE ( 'NONE', ( #6337 ), #903, .F. ) ;
#5488 = ORIENTED_EDGE ( 'NONE', *, *, #4343, .T. ) ;
#5489 = CARTESIAN_POINT ( 'NONE',  ( -11.32748234310512636, -0.5771755667466548223, -2.767425090738329985 ) ) ;
#5490 = CARTESIAN_POINT ( 'NONE',  ( -0.6857222450800786184, 0.6685848903910790453, 13.30624999999999858 ) ) ;
#5491 = FACE_OUTER_BOUND ( 'NONE', #5926, .T. ) ;
#5492 = CARTESIAN_POINT ( 'NONE',  ( 6.717514421272213099, 6.717514421272197112, 8.464466094067258695 ) ) ;
#5493 = VERTEX_POINT ( 'NONE', #2136 ) ;
#5494 = ORIENTED_EDGE ( 'NONE', *, *, #5722, .F. ) ;
#5495 = CIRCLE ( 'NONE', #450, 12.40000000000000036 ) ;
#5496 = CARTESIAN_POINT ( 'NONE',  ( 1.489198186922960243, -11.30314025291771252, -3.500000000000011102 ) ) ;
#5497 = CARTESIAN_POINT ( 'NONE',  ( 0.3988063169686491549, -1.416427813942187308, 11.45468749999999680 ) ) ;
#5498 = CARTESIAN_POINT ( 'NONE',  ( 0.3142264970239178057, 1.235009061298932176, 12.51406249999999964 ) ) ;
#5499 = CARTESIAN_POINT ( 'NONE',  ( 1.121318413596021690, 5.894289186605158548, -5.729735577732635754 ) ) ;
#5500 = EDGE_LOOP ( 'NONE', ( #6446 ) ) ;
#5501 = CONICAL_SURFACE ( 'NONE', #5760, 6.000000000000000000, 0.7853981633974497223 ) ;
#5502 = VERTEX_POINT ( 'NONE', #2058 ) ;
#5503 = DIRECTION ( 'NONE',  ( 1.000000000000000000, 0.000000000000000000, 0.000000000000000000 ) ) ;
#5504 = ORIENTED_EDGE ( 'NONE', *, *, #5459, .F. ) ;
#5505 = CARTESIAN_POINT ( 'NONE',  ( 9.331255709366054418, -6.549630462519534291, -3.688856844742707253 ) ) ;
#5506 = CARTESIAN_POINT ( 'NONE',  ( -0.9218726222051396579, -0.2595604389839061832, 8.881249999999996092 ) ) ;
#5507 = CIRCLE ( 'NONE', #2921, 5.499999999999999112 ) ;
#5508 = LINE ( 'NONE', #113, #547 ) ;
#5509 = CARTESIAN_POINT ( 'NONE',  ( -7.073385883311314792, 10.18465572053234425, 16.00000000000000000 ) ) ;
#5510 = VERTEX_POINT ( 'NONE', #2214 ) ;
#5511 = CARTESIAN_POINT ( 'NONE',  ( 1.071729911523486845, -0.2726829676047642370, 9.968749999999998224 ) ) ;
#5512 = FACE_OUTER_BOUND ( 'NONE', #7108, .T. ) ;
#5513 = CARTESIAN_POINT ( 'NONE',  ( 0.9218726222051467634, 0.2595604389839207826, 10.84999999999999609 ) ) ;
#5514 = CARTESIAN_POINT ( 'NONE',  ( -0.2997145786366766096, 1.064486813177378810, 8.712499999999998579 ) ) ;
#5515 = CARTESIAN_POINT ( 'NONE',  ( 2.360797993348526358, -6.056123581516609455, 12.00000000000000000 ) ) ;
#5516 = CARTESIAN_POINT ( 'NONE',  ( 0.7338970930875439169, -0.7155557677481374501, 8.936153810567676103 ) ) ;
#5517 = CARTESIAN_POINT ( 'NONE',  ( -7.371492864448963900, -10.90702677038167678, 13.90015215998917064 ) ) ;
#5518 = CARTESIAN_POINT ( 'NONE',  ( 0.8262526302591653993, 0.8474313685031581445, 8.282596189432318567 ) ) ;
#5519 = DIRECTION ( 'NONE',  ( 1.000000000000000000, 0.000000000000000000, 0.000000000000000000 ) ) ;
#5520 = ORIENTED_EDGE ( 'NONE', *, *, #6594, .T. ) ;
#5521 = FACE_OUTER_BOUND ( 'NONE', #6390, .T. ) ;
#5522 = AXIS2_PLACEMENT_3D ( 'NONE', #1753, #3471, #1712 ) ;
#5523 = CARTESIAN_POINT ( 'NONE',  ( -0.7720153328868002429, -0.7918038455725920910, 13.86874999999999858 ) ) ;
#5524 = DIRECTION ( 'NONE',  ( 0.000000000000000000, 0.000000000000000000, 1.000000000000000000 ) ) ;
#5525 = CARTESIAN_POINT ( 'NONE',  ( 0.000000000000000000, 0.000000000000000000, 11.00000000000000000 ) ) ;
#5526 = CARTESIAN_POINT ( 'NONE',  ( 7.073385883311527067, 10.18465572053219681, 16.00000000000000000 ) ) ;
#5527 = VERTEX_POINT ( 'NONE', #4517 ) ;
#5528 = EDGE_CURVE ( 'NONE', #3204, #7478, #7150, .T. ) ;
#5529 = ORIENTED_EDGE ( 'NONE', *, *, #4835, .T. ) ;
#5530 = CARTESIAN_POINT ( 'NONE',  ( 1.624517322911270156, -11.28365824843881882, -3.500000000000011990 ) ) ;
#5531 = CARTESIAN_POINT ( 'NONE',  ( -1.226662469500796160, -0.3453764016845493057, 13.14218749999999503 ) ) ;
#5532 = CARTESIAN_POINT ( 'NONE',  ( -0.3142264970239114774, -1.235009061298917077, 12.28906249999999822 ) ) ;
#5533 = CIRCLE ( 'NONE', #3798, 6.000000000000000000 ) ;
#5534 = AXIS2_PLACEMENT_3D ( 'NONE', #6173, #3728, #2050 ) ;
#5535 = ADVANCED_FACE ( 'NONE', ( #5644 ), #1467, .F. ) ;
#5536 = DIRECTION ( 'NONE',  ( -2.565753199199158405E-18, -2.902514036010829075E-16, 1.000000000000000000 ) ) ;
#5537 = EDGE_LOOP ( 'NONE', ( #838 ) ) ;
#5538 = AXIS2_PLACEMENT_3D ( 'NONE', #7296, #6746, #7256 ) ;
#5539 = ORIENTED_EDGE ( 'NONE', *, *, #4922, .T. ) ;
#5540 = CARTESIAN_POINT ( 'NONE',  ( 0.000000000000000000, 0.000000000000000000, 12.00000000000000000 ) ) ;
#5541 = CARTESIAN_POINT ( 'NONE',  ( -6.444838686433802089, 2.909304780501044796, 12.00000000000000000 ) ) ;
#5542 = VERTEX_POINT ( 'NONE', #441 ) ;
#5543 = DIRECTION ( 'NONE',  ( -0.000000000000000000, -0.000000000000000000, -1.000000000000000000 ) ) ;
#5544 = CARTESIAN_POINT ( 'NONE',  ( -0.6857222450800781743, 0.6685848903910791563, 8.806249999999998579 ) ) ;
#5545 = LINE ( 'NONE', #4890, #1774 ) ;
#5546 = CARTESIAN_POINT ( 'NONE',  ( 0.000000000000000000, 0.000000000000000000, 9.866025403784400183 ) ) ;
#5547 = VECTOR ( 'NONE', #4046, 1000.000000000000000 ) ;
#5548 = ORIENTED_EDGE ( 'NONE', *, *, #420, .F. ) ;
#5549 = LINE ( 'NONE', #4817, #3893 ) ;
#5550 = CARTESIAN_POINT ( 'NONE',  ( 0.7720153328868067932, 0.7918038455726068570, 10.88749999999999574 ) ) ;
#5551 = B_SPLINE_CURVE_WITH_KNOTS ( 'NONE', 3,
 ( #6514, #1886, #151, #6008 ),
 .UNSPECIFIED., .F., .F.,
 ( 4, 4 ),
 ( 0.002280569534189118806, 0.002816281159786758383 ),
 .UNSPECIFIED. ) ;
#5552 = CARTESIAN_POINT ( 'NONE',  ( 1.071729911523486845, -0.2726829676047643480, 12.61249999999999716 ) ) ;
#5553 = CARTESIAN_POINT ( 'NONE',  ( 0.6857222450800850577, -0.6685848903910640573, 8.974999999999996092 ) ) ;
#5554 = AXIS2_PLACEMENT_3D ( 'NONE', #1845, #6661, #1226 ) ;
#5555 = CARTESIAN_POINT ( 'NONE',  ( 7.607243831355297026, 11.14277773728788112, 13.00000000000000178 ) ) ;
#5556 = EDGE_CURVE ( 'NONE', #3903, #1109, #4310, .T. ) ;
#5557 = CARTESIAN_POINT ( 'NONE',  ( -2.909304780501066556, -6.444838686433791430, 15.70000000000000284 ) ) ;
#5558 = CARTESIAN_POINT ( 'NONE',  ( -5.794008873021378569, 1.558672890426179292, -6.000000000000007105 ) ) ;
#5559 = FACE_OUTER_BOUND ( 'NONE', #6368, .T. ) ;
#5560 =( BOUNDED_CURVE ( )  B_SPLINE_CURVE ( 3, ( #1243, #4723, #3582, #60 ),
 .UNSPECIFIED., .F., .T. ) 
 B_SPLINE_CURVE_WITH_KNOTS ( ( 4, 4 ),
 ( 1.748725332027748047, 1.771571594750466661 ),
 .UNSPECIFIED. ) 
 CURVE ( )  GEOMETRIC_REPRESENTATION_ITEM ( )  RATIONAL_B_SPLINE_CURVE ( ( 1.000000000000000000, 0.9999565044962732685, 0.9999565044962732685, 1.000000000000000000 ) ) 
 REPRESENTATION_ITEM ( '' )  );
#5561 = CIRCLE ( 'NONE', #7547, 2.299999999999998046 ) ;
#5562 = DIRECTION ( 'NONE',  ( -0.9656681455035648343, 0.2597788150710256816, 7.292349956650084926E-17 ) ) ;
#5563 = DIRECTION ( 'NONE',  ( 0.7071067811865483499, 0.7071067811865467956, 0.000000000000000000 ) ) ;
#5564 = VERTEX_POINT ( 'NONE', #7419 ) ;
#5565 = EDGE_CURVE ( 'NONE', #30, #3168, #2834, .T. ) ;
#5566 = CYLINDRICAL_SURFACE ( 'NONE', #948, 2.000000000000000000 ) ;
#5567 = LINE ( 'NONE', #1981, #4813 ) ;
#5568 = CARTESIAN_POINT ( 'NONE',  ( 0.000000000000000000, 0.000000000000000000, -5.729735577732628649 ) ) ;
#5569 = CARTESIAN_POINT ( 'NONE',  ( -6.603612861616044327, 10.13914676754899347, 12.00000000000000000 ) ) ;
#5570 = ORIENTED_EDGE ( 'NONE', *, *, #4445, .F. ) ;
#5571 = EDGE_CURVE ( 'NONE', #6179, #5448, #7035, .T. ) ;
#5572 = ORIENTED_EDGE ( 'NONE', *, *, #6932, .T. ) ;
#5573 = FACE_OUTER_BOUND ( 'NONE', #23, .T. ) ;
#5574 = CARTESIAN_POINT ( 'NONE',  ( -1.027259311016472720, -1.053590308655646623, 12.72968749999999716 ) ) ;
#5575 = CARTESIAN_POINT ( 'NONE',  ( -1.426065627985119155, 0.3628375052865479011, 13.52656249999999893 ) ) ;
#5576 = ADVANCED_FACE ( 'NONE', ( #7378 ), #3236, .T. ) ;
#5577 = CARTESIAN_POINT ( 'NONE',  ( -5.894289186605169206, -1.121318413595959518, 12.00000000000000000 ) ) ;
#5578 = AXIS2_PLACEMENT_3D ( 'NONE', #7382, #3273, #3857 ) ;
#5579 = CC_DESIGN_DATE_AND_TIME_ASSIGNMENT ( #1877, #4879, ( #6695 ) ) ;
#5580 = ORIENTED_EDGE ( 'NONE', *, *, #4251, .F. ) ;
#5581 = CARTESIAN_POINT ( 'NONE',  ( -0.07009473013380206063, 13.21243901664416143, -4.833351618763583879 ) ) ;
#5582 = PLANE ( 'NONE',  #7304 ) ;
#5583 = EDGE_LOOP ( 'NONE', ( #1958 ) ) ;
#5584 = CARTESIAN_POINT ( 'NONE',  ( 0.000000000000000000, 0.000000000000000000, 12.00000000000000000 ) ) ;
#5585 = CARTESIAN_POINT ( 'NONE',  ( 4.065753027381878725E-16, 1.999999999999997780, 13.99999999999999822 ) ) ;
#5586 = CARTESIAN_POINT ( 'NONE',  ( -2.063309585886114755E-16, -8.593032044224210867E-15, -2.500000000000008438 ) ) ;
#5587 = ORIENTED_EDGE ( 'NONE', *, *, #4561, .F. ) ;
#5588 = CARTESIAN_POINT ( 'NONE',  ( 0.2997145786366833820, -1.064486813177363933, 10.79374999999999929 ) ) ;
#5589 = DIRECTION ( 'NONE',  ( 2.565753199199158405E-18, 2.902514036010829075E-16, -1.000000000000000000 ) ) ;
#5590 = CARTESIAN_POINT ( 'NONE',  ( 0.9218726222051467634, 0.2595604389839207826, 11.29999999999999716 ) ) ;
#5591 = AXIS2_PLACEMENT_3D ( 'NONE', #1296, #6700, #6123 ) ;
#5592 = CARTESIAN_POINT ( 'NONE',  ( -1.071729911523480183, 0.2726829676047792805, 10.58749999999999858 ) ) ;
#5593 = CARTESIAN_POINT ( 'NONE',  ( 0.9218726222051467634, 0.2595604389839207826, 11.29999999999999716 ) ) ;
#5594 = DIRECTION ( 'NONE',  ( 0.2597788150710226840, 0.9656681455035656114, 0.000000000000000000 ) ) ;
#5595 = CARTESIAN_POINT ( 'NONE',  ( 10.13914676754892241, -6.603612861616147356, 13.00000000000000178 ) ) ;
#5596 = CARTESIAN_POINT ( 'NONE',  ( 1.885847628875483517, 10.81140525586960699, -3.000000000000181632 ) ) ;
#5597 = DIRECTION ( 'NONE',  ( 2.565753199199158405E-18, 2.902514036010829075E-16, -1.000000000000000000 ) ) ;
#5598 = CARTESIAN_POINT ( 'NONE',  ( 1.801623595685677204, 10.75007685644519206, -3.000000000000485834 ) ) ;
#5599 = CARTESIAN_POINT ( 'NONE',  ( -10.13914676754892419, -6.603612861616150020, 12.00000000000000000 ) ) ;
#5600 = EDGE_LOOP ( 'NONE', ( #673, #2797, #918, #3062, #5260, #1555 ) ) ;
#5601 = DIRECTION ( 'NONE',  ( -0.7071067811865492381, 0.7071067811865459074, 0.000000000000000000 ) ) ;
#5602 = EDGE_CURVE ( 'NONE', #1221, #1221, #3195, .T. ) ;
#5603 = CARTESIAN_POINT ( 'NONE',  ( 1.147023408217124452, -0.2918400834965618751, 12.57365381056767717 ) ) ;
#5604 = DIRECTION ( 'NONE',  ( 1.000000000000000000, -4.336808689942016947E-15, 0.000000000000000000 ) ) ;
#5605 = DIRECTION ( 'NONE',  ( 0.7071067811865491270, 0.7071067811865459074, -0.000000000000000000 ) ) ;
#5606 = ADVANCED_FACE ( 'NONE', ( #2779, #1020 ), #5141, .F. ) ;
#5607 = ORIENTED_EDGE ( 'NONE', *, *, #6137, .T. ) ;
#5608 = LINE ( 'NONE', #2674, #7349 ) ;
#5609 = CARTESIAN_POINT ( 'NONE',  ( 0.3142264970239178057, 1.235009061298932176, 12.09218749999999787 ) ) ;
#5610 = CARTESIAN_POINT ( 'NONE',  ( -0.9124359724768813518, 0.8896326596143749876, 13.93906249999999858 ) ) ;
#5611 = DIRECTION ( 'NONE',  ( 0.000000000000000000, 0.000000000000000000, 1.000000000000000000 ) ) ;
#5612 = VERTEX_POINT ( 'NONE', #1706 ) ;
#5613 = EDGE_CURVE ( 'NONE', #3008, #7288, #3240, .T. ) ;
#5614 = AXIS2_PLACEMENT_3D ( 'NONE', #108, #5798, #2893 ) ;
#5615 = EDGE_CURVE ( 'NONE', #4638, #716, #4159, .T. ) ;
#5616 = ORIENTED_EDGE ( 'NONE', *, *, #828, .F. ) ;
#5617 = CARTESIAN_POINT ( 'NONE',  ( -0.1182485631698768774, 13.03343818998275161, -5.500000000000003553 ) ) ;
#5618 = CARTESIAN_POINT ( 'NONE',  ( -10.35584007794617278, 6.820306172013396839, 15.69999999999999218 ) ) ;
#5619 = VERTEX_POINT ( 'NONE', #3464 ) ;
#5620 = DIRECTION ( 'NONE',  ( 0.000000000000000000, 0.000000000000000000, 1.000000000000000000 ) ) ;
#5621 = CARTESIAN_POINT ( 'NONE',  ( -0.9218726222051397690, -0.2595604389839061832, 9.331249999999997158 ) ) ;
#5622 = VERTEX_POINT ( 'NONE', #3872 ) ;
#5623 = EDGE_CURVE ( 'NONE', #5821, #4532, #50, .T. ) ;
#5624 = AXIS2_PLACEMENT_3D ( 'NONE', #249, #3776, #6565 ) ;
#5625 = CARTESIAN_POINT ( 'NONE',  ( 0.2361503771250647865, 0.9281453293749931666, 9.631249999999997868 ) ) ;
#5626 = VECTOR ( 'NONE', #2670, 1000.000000000000000 ) ;
#5627 = ORIENTED_EDGE ( 'NONE', *, *, #5630, .F. ) ;
#5628 = CARTESIAN_POINT ( 'NONE',  ( 0.000000000000000000, 0.000000000000000000, -5.729735577732635754 ) ) ;
#5629 = CARTESIAN_POINT ( 'NONE',  ( 0.2361503771250646755, 0.9281453293749931666, 10.92499999999999716 ) ) ;
#5630 = EDGE_CURVE ( 'NONE', #5542, #1427, #876, .T. ) ;
#5631 = EDGE_CURVE ( 'NONE', #5743, #5743, #7537, .T. ) ;
#5632 = CIRCLE ( 'NONE', #5119, 1.249999999999989120 ) ;
#5633 = CARTESIAN_POINT ( 'NONE',  ( -1.027259311016472276, -1.053590308655646179, 8.679687499999996447 ) ) ;
#5634 = CARTESIAN_POINT ( 'NONE',  ( 1.071729911523486622, -0.2726829676047643480, 11.26249999999999574 ) ) ;
#5635 = CARTESIAN_POINT ( 'NONE',  ( -0.5794548062965001467, -2.277439818625251799, 14.00000000000000000 ) ) ;
#5636 = DIRECTION ( 'NONE',  ( -1.000000000000000000, 0.000000000000000000, -0.000000000000000000 ) ) ;
#5637 = DIRECTION ( 'NONE',  ( 0.000000000000000000, 0.000000000000000000, 1.000000000000000000 ) ) ;
#5638 = CARTESIAN_POINT ( 'NONE',  ( -7.073385883311314792, 10.18465572053234425, 16.00000000000000000 ) ) ;
#5639 = CARTESIAN_POINT ( 'NONE',  ( -1.071729911523480183, 0.2726829676047792250, 11.54374999999999929 ) ) ;
#5640 = ADVANCED_FACE ( 'NONE', ( #16 ), #3573, .F. ) ;
#5641 = DIRECTION ( 'NONE',  ( 0.000000000000000000, 0.000000000000000000, 1.000000000000000000 ) ) ;
#5642 = FACE_OUTER_BOUND ( 'NONE', #3174, .T. ) ;
#5643 = VERTEX_POINT ( 'NONE', #559 ) ;
#5644 = FACE_OUTER_BOUND ( 'NONE', #7320, .T. ) ;
#5645 = CARTESIAN_POINT ( 'NONE',  ( -0.7338970930875374776, 0.7155557677481522161, 11.86115381056767681 ) ) ;
#5646 = DIRECTION ( 'NONE',  ( 2.565753199199158405E-18, 2.902514036010829075E-16, -1.000000000000000000 ) ) ;
#5647 = CARTESIAN_POINT ( 'NONE',  ( 7.417848927601524700, -11.64807910107606581, 12.12890497068127971 ) ) ;
#5648 = ORIENTED_EDGE ( 'NONE', *, *, #1204, .T. ) ;
#5649 = CARTESIAN_POINT ( 'NONE',  ( 2.474873734152909233, 2.474873734152921223, 12.00000000000000000 ) ) ;
#5650 = ADVANCED_FACE ( 'NONE', ( #1669 ), #669, .T. ) ;
#5651 = VERTEX_POINT ( 'NONE', #5845 ) ;
#5652 = FACE_OUTER_BOUND ( 'NONE', #1843, .T. ) ;
#5653 = CARTESIAN_POINT ( 'NONE',  ( 1.226662469500802599, 0.3453764016845635165, 12.01718749999999503 ) ) ;
#5654 = CARTESIAN_POINT ( 'NONE',  ( -0.9218726222051397690, -0.2595604389839061832, 9.781249999999998224 ) ) ;
#5655 = EDGE_CURVE ( 'NONE', #7498, #3678, #2322, .T. ) ;
#5656 = CARTESIAN_POINT ( 'NONE',  ( 0.8396352566011313634, -0.4606879517952032765, 14.00000000000000000 ) ) ;
#5657 = CIRCLE ( 'NONE', #1452, 1.999999999999999556 ) ;
#5658 = ORIENTED_EDGE ( 'NONE', *, *, #3154, .F. ) ;
#5659 = CARTESIAN_POINT ( 'NONE',  ( 0.1092889620520968857, -0.9597692554024370715, 8.045216426222747685 ) ) ;
#5660 = DIRECTION ( 'NONE',  ( 0.7071067811865483499, 0.7071067811865467956, 0.000000000000000000 ) ) ;
#5661 = VERTEX_POINT ( 'NONE', #1132 ) ;
#5662 = CARTESIAN_POINT ( 'NONE',  ( 2.156937456698643896, 0.4331521763657476543, 13.99999999999999822 ) ) ;
#5663 = CARTESIAN_POINT ( 'NONE',  ( 0.2361503771250647588, 0.9281453293749931666, 10.08124999999999893 ) ) ;
#5664 = CARTESIAN_POINT ( 'NONE',  ( -0.3207707779579566099, 1.139271451999727569, 11.05759618943232070 ) ) ;
#5665 = EDGE_LOOP ( 'NONE', ( #6233, #1899, #1375, #6241 ) ) ;
#5666 = ADVANCED_FACE ( 'NONE', ( #3004 ), #7545, .F. ) ;
#5667 = CLOSED_SHELL ( 'NONE', ( #2398, #2885, #377, #968, #1496, #5931, #7601, #2662 ) ) ;
#5668 = CARTESIAN_POINT ( 'NONE',  ( 7.073385883311527067, 10.18465572053219681, 16.00000000000000000 ) ) ;
#5669 = ADVANCED_FACE ( 'NONE', ( #7069, #7106 ), #4640, .F. ) ;
#5670 = CARTESIAN_POINT ( 'NONE',  ( 0.9218726222051465413, 0.2595604389839207271, 11.74999999999999645 ) ) ;
#5671 = CARTESIAN_POINT ( 'NONE',  ( 0.2361503771250643424, 0.9281453293749929445, 14.07499999999999751 ) ) ;
#5672 = CARTESIAN_POINT ( 'NONE',  ( 1.071729911523486622, -0.2726829676047643480, 12.61249999999999893 ) ) ;
#5673 = CARTESIAN_POINT ( 'NONE',  ( 3.121436814857073916, 6.232706652077807163, 16.00000000000000000 ) ) ;
#5674 = CARTESIAN_POINT ( 'NONE',  ( 0.9218726222051464303, 0.2595604389839206716, 13.15624999999999822 ) ) ;
#5675 = CARTESIAN_POINT ( 'NONE',  ( -4.099354967275164796, 6.280548451550735045, -2.500000000000006661 ) ) ;
#5676 = FACE_BOUND ( 'NONE', #5267, .T. ) ;
#5677 = AXIS2_PLACEMENT_3D ( 'NONE', #322, #3813, #479 ) ;
#5678 = DIRECTION ( 'NONE',  ( 0.5000000000000065503, 0.4999999999999935607, 0.7071067811865474617 ) ) ;
#5679 = CARTESIAN_POINT ( 'NONE',  ( 0.8262526302591651772, 0.8474313685031581445, 9.182596189432318923 ) ) ;
#5680 = CARTESIAN_POINT ( 'NONE',  ( 0.7720153328868065712, 0.7918038455726065239, 14.09374999999999822 ) ) ;
#5681 = AXIS2_PLACEMENT_3D ( 'NONE', #1616, #2084, #1455 ) ;
#5682 = CARTESIAN_POINT ( 'NONE',  ( 12.08107470081073309, -6.874418817138717941, -2.500000000000010214 ) ) ;
#5683 = DIRECTION ( 'NONE',  ( -0.7071067811865491270, -0.7071067811865459074, 0.000000000000000000 ) ) ;
#5684 = EDGE_LOOP ( 'NONE', ( #1165, #2760, #4968, #3276 ) ) ;
#5685 = CARTESIAN_POINT ( 'NONE',  ( -7.859052248806893459, 1.495091218127946320, 16.00000000000000000 ) ) ;
#5686 = CARTESIAN_POINT ( 'NONE',  ( -1.147023408217118456, 0.2918400834965766411, 13.24865381056767610 ) ) ;
#5687 = DIRECTION ( 'NONE',  ( -0.000000000000000000, -0.000000000000000000, 1.000000000000000000 ) ) ;
#5688 = CARTESIAN_POINT ( 'NONE',  ( 3.379838509262465429, -0.9092258527485981290, -3.000000000000007994 ) ) ;
#5689 = CIRCLE ( 'NONE', #2966, 12.09999999999999964 ) ;
#5690 = ORIENTED_EDGE ( 'NONE', *, *, #7571, .T. ) ;
#5691 = CARTESIAN_POINT ( 'NONE',  ( 1.027259311016479826, 1.053590308655661500, 8.426562499999999289 ) ) ;
#5692 = ORIENTED_EDGE ( 'NONE', *, *, #2186, .T. ) ;
#5693 = CARTESIAN_POINT ( 'NONE',  ( 7.859052248806893459, 1.495091218127947430, 16.00000000000000000 ) ) ;
#5694 = CARTESIAN_POINT ( 'NONE',  ( -0.6857222450800785074, 0.6685848903910791563, 11.50624999999999787 ) ) ;
#5695 = CARTESIAN_POINT ( 'NONE',  ( -0.2361503771250580141, -0.9281453293749779565, 9.406249999999998224 ) ) ;
#5696 = CARTESIAN_POINT ( 'NONE',  ( 7.121572556203317639, -11.88641664237930939, 12.00000000000000000 ) ) ;
#5697 = EDGE_CURVE ( 'NONE', #4790, #4457, #6486, .T. ) ;
#5698 = ORIENTED_EDGE ( 'NONE', *, *, #1590, .T. ) ;
#5699 = EDGE_CURVE ( 'NONE', #47, #6061, #607, .T. ) ;
#5700 = ORIENTED_EDGE ( 'NONE', *, *, #1868, .F. ) ;
#5701 = DIRECTION ( 'NONE',  ( 0.000000000000000000, 0.000000000000000000, 1.000000000000000000 ) ) ;
#5702 = VECTOR ( 'NONE', #5127, 1000.000000000000000 ) ;
#5703 = ORIENTED_EDGE ( 'NONE', *, *, #671, .F. ) ;
#5704 = DIRECTION ( 'NONE',  ( -0.000000000000000000, -0.000000000000000000, -1.000000000000000000 ) ) ;
#5705 = VECTOR ( 'NONE', #6118, 1000.000000000000000 ) ;
#5706 = DIRECTION ( 'NONE',  ( 1.174496421065116255E-16, 1.077574633362512809E-16, -1.000000000000000000 ) ) ;
#5707 = DIRECTION ( 'NONE',  ( 1.000000000000000000, 0.000000000000000000, 0.000000000000000000 ) ) ;
#5708 = CARTESIAN_POINT ( 'NONE',  ( 0.6857222450800850577, -0.6685848903910640573, 8.581249999999998934 ) ) ;
#5709 = EDGE_CURVE ( 'NONE', #1264, #6561, #5979, .T. ) ;
#5710 = CARTESIAN_POINT ( 'NONE',  ( -1.071729911523480405, 0.2726829676047791140, 14.18749999999999645 ) ) ;
#5711 = CARTESIAN_POINT ( 'NONE',  ( 0.2997145786366832154, -1.064486813177364155, 12.53749999999999609 ) ) ;
#5712 = CARTESIAN_POINT ( 'NONE',  ( 4.911238286522657148, 2.475830869222267694, -6.000000000000007105 ) ) ;
#5713 = CARTESIAN_POINT ( 'NONE',  ( 0.2997145786366830489, -1.064486813177364155, 13.94374999999999964 ) ) ;
#5714 = DIRECTION ( 'NONE',  ( 1.000000000000000000, 0.000000000000000000, 0.000000000000000000 ) ) ;
#5715 = DIRECTION ( 'NONE',  ( -0.000000000000000000, 0.000000000000000000, 1.000000000000000000 ) ) ;
#5716 = CARTESIAN_POINT ( 'NONE',  ( 1.147023408217124896, -0.2918400834965618196, 9.557596189432320699 ) ) ;
#5717 = VERTEX_POINT ( 'NONE', #5515 ) ;
#5718 = CIRCLE ( 'NONE', #1270, 12.09999999999999964 ) ;
#5719 = CARTESIAN_POINT ( 'NONE',  ( 0.2997145786366831599, -1.064486813177364155, 12.14374999999999716 ) ) ;
#5720 = DIRECTION ( 'NONE',  ( 2.565753199199158405E-18, 2.902514036010829075E-16, -1.000000000000000000 ) ) ;
#5721 = DIRECTION ( 'NONE',  ( -0.4991391323160825344, 0.8665218558067350196, 0.000000000000000000 ) ) ;
#5722 = EDGE_CURVE ( 'NONE', #3100, #4532, #2433, .T. ) ;
#5723 = ORIENTED_EDGE ( 'NONE', *, *, #1283, .T. ) ;
#5724 = CYLINDRICAL_SURFACE ( 'NONE', #4057, 1.000000000000000000 ) ;
#5725 = CARTESIAN_POINT ( 'NONE',  ( -0.3207707779579567764, 1.139271451999727347, 12.72365381056767930 ) ) ;
#5726 = EDGE_CURVE ( 'NONE', #1602, #3504, #4200, .T. ) ;
#5727 = VERTEX_POINT ( 'NONE', #4358 ) ;
#5728 = EDGE_CURVE ( 'NONE', #5717, #170, #125, .T. ) ;
#5729 = EDGE_CURVE ( 'NONE', #707, #947, #6557, .T. ) ;
#5730 = CARTESIAN_POINT ( 'NONE',  ( 0.6857222450800845026, -0.6685848903910643903, 13.92499999999999716 ) ) ;
#5731 = ORIENTED_EDGE ( 'NONE', *, *, #1763, .T. ) ;
#5732 = CARTESIAN_POINT ( 'NONE',  ( 12.99022585431650434, -0.04276965762773827368, -5.666715816025878816 ) ) ;
#5733 = CARTESIAN_POINT ( 'NONE',  ( 0.9218726222051467634, 0.2595604389839207826, 11.35624999999999751 ) ) ;
#5734 = CARTESIAN_POINT ( 'NONE',  ( 0.7720153328868070153, 0.7918038455726068570, 8.693749999999997868 ) ) ;
#5735 = DIRECTION ( 'NONE',  ( 1.000000000000000000, 0.000000000000000000, 0.000000000000000000 ) ) ;
#5736 = VERTEX_POINT ( 'NONE', #162 ) ;
#5737 = B_SPLINE_CURVE_WITH_KNOTS ( 'NONE', 3,
 ( #2316, #2461, #4154, #5360, #3569, #4814, #1778, #5940, #7169, #4229 ),
 .UNSPECIFIED., .F., .F.,
 ( 4, 2, 2, 2, 4 ),
 ( 0.000000000000000000, 0.0003977742189626842372, 0.0007955484379253684743, 0.001193322656888052766, 0.001591096875850736949 ),
 .UNSPECIFIED. ) ;
#5738 = EDGE_CURVE ( 'NONE', #4346, #6340, #5422, .T. ) ;
#5739 = ORIENTED_EDGE ( 'NONE', *, *, #7092, .T. ) ;
#5740 = DIRECTION ( 'NONE',  ( -1.092944362199429846E-17, 5.442458243416499620E-17, 1.000000000000000000 ) ) ;
#5741 = ORIENTED_EDGE ( 'NONE', *, *, #3042, .T. ) ;
#5742 = CARTESIAN_POINT ( 'NONE',  ( -0.1334385945738827961, -1.002640791400109199, 8.089710168616546682 ) ) ;
#5743 = VERTEX_POINT ( 'NONE', #5321 ) ;
#5744 = CARTESIAN_POINT ( 'NONE',  ( 6.717514421272220204, -6.717514421272190006, 12.00000000000000000 ) ) ;
#5745 = CARTESIAN_POINT ( 'NONE',  ( 0.9218726222051469854, 0.2595604389839208936, 9.106249999999997513 ) ) ;
#5746 = AXIS2_PLACEMENT_3D ( 'NONE', #6614, #1475, #4297 ) ;
#5747 = CARTESIAN_POINT ( 'NONE',  ( 11.37845085541351331, 0.7028371710806780026, -3.981286105533864195 ) ) ;
#5748 = AXIS2_PLACEMENT_3D ( 'NONE', #731, #5937, #6084 ) ;
#5749 = CARTESIAN_POINT ( 'NONE',  ( 0.9218726222051464303, 0.2595604389839206716, 13.99999999999999645 ) ) ;
#5750 = CARTESIAN_POINT ( 'NONE',  ( 0.9218726222051464303, 0.2595604389839206716, 13.09999999999999787 ) ) ;
#5751 = EDGE_CURVE ( 'NONE', #3678, #6739, #15, .T. ) ;
#5752 = DIRECTION ( 'NONE',  ( 0.000000000000000000, 0.000000000000000000, 1.000000000000000000 ) ) ;
#5753 = PLANE ( 'NONE',  #1511 ) ;
#5754 = LINE ( 'NONE', #3920, #4178 ) ;
#5755 = CARTESIAN_POINT ( 'NONE',  ( 0.7338970930875439169, -0.7155557677481373391, 9.070096189432316436 ) ) ;
#5756 = ORIENTED_EDGE ( 'NONE', *, *, #6519, .T. ) ;
#5757 = CARTESIAN_POINT ( 'NONE',  ( 0.2997145786366835485, -1.064486813177363933, 8.937499999999998224 ) ) ;
#5758 = CARTESIAN_POINT ( 'NONE',  ( 0.6857222450800846136, -0.6685848903910641683, 12.18124999999999680 ) ) ;
#5759 = AXIS2_PLACEMENT_3D ( 'NONE', #5120, #5589, #5004 ) ;
#5760 = AXIS2_PLACEMENT_3D ( 'NONE', #3972, #6339, #3387 ) ;
#5761 = PLANE ( 'NONE',  #7345 ) ;
#5762 = FACE_BOUND ( 'NONE', #965, .T. ) ;
#5763 = ORIENTED_EDGE ( 'NONE', *, *, #6657, .F. ) ;
#5764 = CARTESIAN_POINT ( 'NONE',  ( -1.495091218127973853, -7.859052248806888130, 12.00000000000000000 ) ) ;
#5765 = CARTESIAN_POINT ( 'NONE',  ( 0.2527409261506037286, 0.9933514102514432453, 12.68615381056767788 ) ) ;
#5766 = CARTESIAN_POINT ( 'NONE',  ( -0.9218726222051401020, -0.2595604389839064052, 13.32499999999999574 ) ) ;
#5767 = CONICAL_SURFACE ( 'NONE', #216, 1.499999999999999778, 0.7853981633974530530 ) ;
#5768 = CARTESIAN_POINT ( 'NONE',  ( -6.491769790504251070, -10.21125388041170012, 12.48930062949864883 ) ) ;
#5769 = VERTEX_POINT ( 'NONE', #6015 ) ;
#5770 = CARTESIAN_POINT ( 'NONE',  ( -1.426065627985118267, 0.3628375052865481232, 8.126562500000000355 ) ) ;
#5771 = EDGE_LOOP ( 'NONE', ( #1520, #3251, #2759, #2720, #7519, #657 ) ) ;
#5772 = DIRECTION ( 'NONE',  ( -0.000000000000000000, 0.000000000000000000, -1.000000000000000000 ) ) ;
#5773 = CARTESIAN_POINT ( 'NONE',  ( -1.071729911523480183, 0.2726829676047792250, 11.09374999999999822 ) ) ;
#5774 = CARTESIAN_POINT ( 'NONE',  ( 0.2361503771250647865, 0.9281453293749931666, 9.631249999999997868 ) ) ;
#5775 = CARTESIAN_POINT ( 'NONE',  ( 0.6498771564287572078, -0.7850564987136735562, 14.00000000000000178 ) ) ;
#5776 = DIRECTION ( 'NONE',  ( 0.4991391323160826454, -0.8665218558067351307, -3.154042683594191669E-16 ) ) ;
#5777 = EDGE_CURVE ( 'NONE', #3738, #40, #2101, .T. ) ;
#5778 = ORIENTED_EDGE ( 'NONE', *, *, #816, .F. ) ;
#5779 = VERTEX_POINT ( 'NONE', #3117 ) ;
#5780 = CARTESIAN_POINT ( 'NONE',  ( 0.3530304946160316981, -0.8902753635409990096, 8.045216426222769002 ) ) ;
#5781 = EDGE_LOOP ( 'NONE', ( #1760 ) ) ;
#5782 = DIRECTION ( 'NONE',  ( -0.000000000000000000, 0.000000000000000000, 1.000000000000000000 ) ) ;
#5783 = AXIS2_PLACEMENT_3D ( 'NONE', #3197, #3774, #746 ) ;
#5784 = CARTESIAN_POINT ( 'NONE',  ( -0.5941926450286110217, -4.991692462302983913, -2.884042928819738449 ) ) ;
#5785 = CARTESIAN_POINT ( 'NONE',  ( 0.9218726222051469854, 0.2595604389839208936, 8.206249999999998934 ) ) ;
#5786 = CARTESIAN_POINT ( 'NONE',  ( 0.3207707779579630492, -1.139271451999712914, 11.28259618943231857 ) ) ;
#5787 = CARTESIAN_POINT ( 'NONE',  ( 11.31973925390764357, 1.356408160891873660, -3.523188519257431484 ) ) ;
#5788 = CARTESIAN_POINT ( 'NONE',  ( -0.9218726222051402130, -0.2595604389839063497, 14.22499999999999609 ) ) ;
#5789 = FACE_OUTER_BOUND ( 'NONE', #4125, .T. ) ;
#5790 = CARTESIAN_POINT ( 'NONE',  ( 11.95473229169787288, -7.004984823391997573, 12.00000000000000000 ) ) ;
#5791 = LINE ( 'NONE', #7061, #2873 ) ;
#5792 = DIRECTION ( 'NONE',  ( 1.000000000000000000, 8.673617379884037444E-16, 0.000000000000000000 ) ) ;
#5793 = CARTESIAN_POINT ( 'NONE',  ( -0.3207707779579565543, 1.139271451999727569, 10.15759618943232034 ) ) ;
#5794 = ORIENTED_EDGE ( 'NONE', *, *, #1136, .F. ) ;
#5795 = CARTESIAN_POINT ( 'NONE',  ( -0.2997145786366766096, 1.064486813177379032, 8.262499999999999289 ) ) ;
#5796 = CARTESIAN_POINT ( 'NONE',  ( -0.2997145786366772202, 1.064486813177378810, 13.71874999999999645 ) ) ;
#5797 = ADVANCED_FACE ( 'NONE', ( #4279, #5480 ), #2581, .F. ) ;
#5798 = DIRECTION ( 'NONE',  ( -0.000000000000000000, -0.000000000000000000, -1.000000000000000000 ) ) ;
#5799 = FACE_BOUND ( 'NONE', #6888, .T. ) ;
#5800 = ORIENTED_EDGE ( 'NONE', *, *, #7390, .F. ) ;
#5801 = AXIS2_PLACEMENT_3D ( 'NONE', #5879, #2361, #2936 ) ;
#5802 = DIRECTION ( 'NONE',  ( -0.2597788150710226285, -0.9656681455035655004, 0.000000000000000000 ) ) ;
#5803 = CARTESIAN_POINT ( 'NONE',  ( -1.147023408217118012, 0.2918400834965767521, 10.09865381056767752 ) ) ;
#5804 = CARTESIAN_POINT ( 'NONE',  ( 1.071729911523486400, -0.2726829676047643480, 13.51249999999999751 ) ) ;
#5805 = AXIS2_PLACEMENT_3D ( 'NONE', #4810, #2997, #4226 ) ;
#5806 = ORIENTED_EDGE ( 'NONE', *, *, #1722, .T. ) ;
#5807 = EDGE_CURVE ( 'NONE', #2471, #78, #745, .T. ) ;
#5808 = CARTESIAN_POINT ( 'NONE',  ( 0.3988063169686495435, -1.416427813942187308, 8.276562500000000711 ) ) ;
#5809 = ORIENTED_EDGE ( 'NONE', *, *, #1283, .F. ) ;
#5810 = CARTESIAN_POINT ( 'NONE',  ( -2.063309585886114755E-16, -8.593032044224210867E-15, -2.500000000000008438 ) ) ;
#5811 = CARTESIAN_POINT ( 'NONE',  ( -0.2997145786366768871, 1.064486813177378810, 11.01874999999999893 ) ) ;
#5812 = CARTESIAN_POINT ( 'NONE',  ( -1.071729911523479961, 0.2726829676047792805, 9.743750000000000355 ) ) ;
#5813 = DIRECTION ( 'NONE',  ( 1.000000000000000000, -7.105427357601001859E-15, 0.000000000000000000 ) ) ;
#5814 = AXIS2_PLACEMENT_3D ( 'NONE', #290, #7190, #7342 ) ;
#5816 = EDGE_CURVE ( 'NONE', #6935, #6935, #6035, .T. ) ;
#5815 = LINE ( 'NONE', #97, #4341 ) ;
#5817 = CARTESIAN_POINT ( 'NONE',  ( 3.376133003484901529, -6.697143117985467242, -6.000000000000009770 ) ) ;
#5818 = VERTEX_POINT ( 'NONE', #1419 ) ;
#5819 = AXIS2_PLACEMENT_3D ( 'NONE', #704, #1307, #4319 ) ;
#5820 = EDGE_CURVE ( 'NONE', #2291, #757, #3677, .T. ) ;
#5821 = VERTEX_POINT ( 'NONE', #3079 ) ;
#5822 = CARTESIAN_POINT ( 'NONE',  ( 6.713633559939369277, 11.48339239518659483, -4.499999999998761879 ) ) ;
#5823 = FACE_OUTER_BOUND ( 'NONE', #1355, .T. ) ;
#5824 = VERTEX_POINT ( 'NONE', #7253 ) ;
#5825 = DIRECTION ( 'NONE',  ( 1.000000000000000000, 0.000000000000000000, 0.000000000000000000 ) ) ;
#5826 = VERTEX_POINT ( 'NONE', #1654 ) ;
#5827 = DIRECTION ( 'NONE',  ( 1.000000000000000000, 0.000000000000000000, 0.000000000000000000 ) ) ;
#5828 = CARTESIAN_POINT ( 'NONE',  ( -0.9866380192381382086, -0.2777956425032831467, 12.07009618943231821 ) ) ;
#5829 = EDGE_CURVE ( 'NONE', #38, #38, #378, .T. ) ;
#5830 = EDGE_CURVE ( 'NONE', #5475, #205, #6633, .T. ) ;
#5831 = CIRCLE ( 'NONE', #1145, 2.000000000000004885 ) ;
#5832 = CARTESIAN_POINT ( 'NONE',  ( -1.226662469500795938, -0.3453764016845491946, 10.89218749999999503 ) ) ;
#5833 = AXIS2_PLACEMENT_3D ( 'NONE', #4529, #6267, #6230 ) ;
#5834 = LINE ( 'NONE', #1813, #5427 ) ;
#5835 = CARTESIAN_POINT ( 'NONE',  ( 9.567717250745632285, -6.198289006635990361, -2.500000000000010214 ) ) ;
#5836 = CARTESIAN_POINT ( 'NONE',  ( 0.000000000000000000, 0.000000000000000000, 11.00000000000000000 ) ) ;
#5837 = DIRECTION ( 'NONE',  ( 0.1836913617453285186, 0.6828304940614087215, 0.7071067811865472397 ) ) ;
#5838 = ORIENTED_EDGE ( 'NONE', *, *, #2102, .F. ) ;
#5839 = CIRCLE ( 'NONE', #3840, 13.56987298107781648 ) ;
#5840 = CARTESIAN_POINT ( 'NONE',  ( 1.071729911523486845, -0.2726829676047643480, 12.21874999999999822 ) ) ;
#5841 = DIRECTION ( 'NONE',  ( 1.000000000000000000, 0.000000000000000000, 0.000000000000000000 ) ) ;
#5842 = CARTESIAN_POINT ( 'NONE',  ( -0.6857222450800782854, 0.6685848903910791563, 9.649999999999996803 ) ) ;
#5843 = CARTESIAN_POINT ( 'NONE',  ( -0.9218726222051396579, -0.2595604389839062387, 8.374999999999996447 ) ) ;
#5844 = ORIENTED_EDGE ( 'NONE', *, *, #2326, .F. ) ;
#5845 = CARTESIAN_POINT ( 'NONE',  ( 0.5613880118889413851, -11.38616895624281611, -4.500000000000011546 ) ) ;
#5846 = CARTESIAN_POINT ( 'NONE',  ( -1.147023408217118012, 0.2918400834965767521, 10.54865381056767859 ) ) ;
#5847 = CIRCLE ( 'NONE', #2382, 2.000000000000000444 ) ;
#5848 = LOCAL_TIME ( 21, 43, 29.00000000000000000, #7125 ) ;
#5849 = ORIENTED_EDGE ( 'NONE', *, *, #3042, .F. ) ;
#5850 = FACE_OUTER_BOUND ( 'NONE', #3984, .T. ) ;
#5851 = CARTESIAN_POINT ( 'NONE',  ( -0.2997145786366769982, 1.064486813177378588, 12.36874999999999858 ) ) ;
#5852 = CARTESIAN_POINT ( 'NONE',  ( -0.7720153328867999099, -0.7918038455725919800, 11.16874999999999929 ) ) ;
#5853 = CARTESIAN_POINT ( 'NONE',  ( 6.223179672431625953, 9.551709196673781932, -4.228682052814044745 ) ) ;
#5854 = CARTESIAN_POINT ( 'NONE',  ( 0.000000000000000000, 0.000000000000000000, 15.69999999999999218 ) ) ;
#5855 = EDGE_CURVE ( 'NONE', #4223, #1672, #815, .T. ) ;
#5856 = ORIENTED_EDGE ( 'NONE', *, *, #1800, .T. ) ;
#5857 = EDGE_LOOP ( 'NONE', ( #2343, #2681, #4258, #7476 ) ) ;
#5858 = CARTESIAN_POINT ( 'NONE',  ( 13.51156246699913765, 0.3922397125332059975, -3.697507468016389964 ) ) ;
#5859 = ORIENTED_EDGE ( 'NONE', *, *, #1347, .F. ) ;
#5860 = DIRECTION ( 'NONE',  ( -0.1836913617453327097, -0.6828304940614055019, 0.7071067811865492381 ) ) ;
#5861 = VERTEX_POINT ( 'NONE', #1729 ) ;
#5862 = FACE_OUTER_BOUND ( 'NONE', #3656, .T. ) ;
#5863 = CARTESIAN_POINT ( 'NONE',  ( 0.8262526302591647331, 0.8474313685031579224, 13.68259618943231715 ) ) ;
#5864 = DIRECTION ( 'NONE',  ( 0.4991391323160827009, -0.8665218558067349086, -2.891205793294678819E-16 ) ) ;
#5865 = DIRECTION ( 'NONE',  ( 2.565753199199158405E-18, 2.902514036010829075E-16, -1.000000000000000000 ) ) ;
#5866 = CARTESIAN_POINT ( 'NONE',  ( -1.027259311016472276, -1.053590308655646179, 9.579687499999996803 ) ) ;
#5867 = CARTESIAN_POINT ( 'NONE',  ( -10.35192058128950165, 6.958114565250468786, 15.80021675202711684 ) ) ;
#5868 = CARTESIAN_POINT ( 'NONE',  ( -7.371492864448550897, 10.90702677038151869, 13.90015215999016718 ) ) ;
#5869 = CARTESIAN_POINT ( 'NONE',  ( 4.544886859514466693, -1.677930041855391741, -2.756142963053594741 ) ) ;
#5870 = DIRECTION ( 'NONE',  ( 0.000000000000000000, 0.000000000000000000, 1.000000000000000000 ) ) ;
#5871 = ADVANCED_FACE ( 'NONE', ( #3725 ), #3685, .F. ) ;
#5872 = EDGE_CURVE ( 'NONE', #4638, #5619, #2354, .T. ) ;
#5873 = VERTEX_POINT ( 'NONE', #6743 ) ;
#5874 = VECTOR ( 'NONE', #3284, 1000.000000000000114 ) ;
#5875 = CARTESIAN_POINT ( 'NONE',  ( 5.024438761240560325, 3.279483973820176423, -2.500000000000007550 ) ) ;
#5876 = CARTESIAN_POINT ( 'NONE',  ( 0.2361503771250647588, 0.9281453293749931666, 10.02499999999999680 ) ) ;
#5877 = CARTESIAN_POINT ( 'NONE',  ( -2.909304780501067000, -6.444838686433791430, 12.00000000000000000 ) ) ;
#5878 = ORIENTED_EDGE ( 'NONE', *, *, #4671, .F. ) ;
#5879 = CARTESIAN_POINT ( 'NONE',  ( 0.000000000000000000, 0.000000000000000000, 15.50000000000000000 ) ) ;
#5880 = CARTESIAN_POINT ( 'NONE',  ( -0.2527409261505974558, -0.9933514102514282573, 11.56115381056767788 ) ) ;
#5881 = CIRCLE ( 'NONE', #4012, 2.499999999999995559 ) ;
#5882 = CARTESIAN_POINT ( 'NONE',  ( -0.9854161010241433427, 11.35777712908896220, -3.687690596025420486 ) ) ;
#5883 = VERTEX_POINT ( 'NONE', #5673 ) ;
#5884 = CARTESIAN_POINT ( 'NONE',  ( -3.006193642668453236, 4.605735531137202798, -6.000000000000006217 ) ) ;
#5885 = CARTESIAN_POINT ( 'NONE',  ( 0.2997145786366831044, -1.064486813177364155, 13.49374999999999503 ) ) ;
#5886 = CIRCLE ( 'NONE', #956, 12.40000000000000036 ) ;
#5887 = CARTESIAN_POINT ( 'NONE',  ( -0.9218726222051399910, -0.2595604389839062942, 12.48124999999999751 ) ) ;
#5888 = CARTESIAN_POINT ( 'NONE',  ( 0.000000000000000000, 0.000000000000000000, 16.00000000000000000 ) ) ;
#5889 = CARTESIAN_POINT ( 'NONE',  ( -2.063309585886114755E-16, -8.593032044224210867E-15, -2.500000000000008438 ) ) ;
#5890 = ORIENTED_EDGE ( 'NONE', *, *, #400, .T. ) ;
#5891 = EDGE_CURVE ( 'NONE', #2440, #4223, #4974, .T. ) ;
#5892 = ORIENTED_EDGE ( 'NONE', *, *, #917, .T. ) ;
#5893 = CARTESIAN_POINT ( 'NONE',  ( -9.030322999027816877, 6.959305004153082841, -3.500000000000007105 ) ) ;
#5894 = CARTESIAN_POINT ( 'NONE',  ( 1.027259311016479826, 1.053590308655661278, 11.57656249999999964 ) ) ;
#5895 = ORIENTED_EDGE ( 'NONE', *, *, #2201, .T. ) ;
#5896 = CARTESIAN_POINT ( 'NONE',  ( -10.38813583706060228, 3.740058271346663687, -2.983771769478349878 ) ) ;
#5897 = VERTEX_POINT ( 'NONE', #7604 ) ;
#5898 = CARTESIAN_POINT ( 'NONE',  ( 1.147023408217124452, -0.2918400834965618751, 13.15759618943231501 ) ) ;
#5899 = CARTESIAN_POINT ( 'NONE',  ( 3.279483973820167542, -5.024438761240578977, -3.000000000000009770 ) ) ;
#5900 = ORIENTED_EDGE ( 'NONE', *, *, #7473, .T. ) ;
#5901 = EDGE_CURVE ( 'NONE', #4408, #4532, #3879, .T. ) ;
#5902 = AXIS2_PLACEMENT_3D ( 'NONE', #5586, #1965, #4309 ) ;
#5903 = DIRECTION ( 'NONE',  ( -0.000000000000000000, -0.000000000000000000, 1.000000000000000000 ) ) ;
#5904 = FACE_OUTER_BOUND ( 'NONE', #5301, .T. ) ;
#5905 = CARTESIAN_POINT ( 'NONE',  ( 0.5613880118889413851, -11.38616895624281611, -2.500000000000012434 ) ) ;
#5906 = ADVANCED_FACE ( 'NONE', ( #3843, #1494 ), #6825, .T. ) ;
#5907 = ORIENTED_EDGE ( 'NONE', *, *, #6524, .F. ) ;
#5908 = CARTESIAN_POINT ( 'NONE',  ( 0.2997145786366835485, -1.064486813177363933, 8.937499999999998224 ) ) ;
#5909 = FACE_BOUND ( 'NONE', #1074, .T. ) ;
#5910 = VECTOR ( 'NONE', #7480, 1000.000000000000114 ) ;
#5911 = ORIENTED_EDGE ( 'NONE', *, *, #201, .F. ) ;
#5912 = CARTESIAN_POINT ( 'NONE',  ( -5.024438761240560325, -3.279483973820193743, -2.500000000000009326 ) ) ;
#5913 = CARTESIAN_POINT ( 'NONE',  ( -0.8262526302591581828, -0.8474313685031432675, 11.07365381056767895 ) ) ;
#5914 = ORIENTED_EDGE ( 'NONE', *, *, #3865, .T. ) ;
#5915 = AXIS2_PLACEMENT_3D ( 'NONE', #4000, #5129, #2809 ) ;
#5916 = VERTEX_POINT ( 'NONE', #5712 ) ;
#5917 = CARTESIAN_POINT ( 'NONE',  ( 0.3142264970239176392, 1.235009061298932176, 13.89218749999999680 ) ) ;
#5918 = VERTEX_POINT ( 'NONE', #2657 ) ;
#5919 = CARTESIAN_POINT ( 'NONE',  ( 6.198289006635946841, 9.567717250745644719, -2.500000000000005773 ) ) ;
#5920 = CARTESIAN_POINT ( 'NONE',  ( -0.2997145786366771092, 1.064486813177378588, 12.81874999999999609 ) ) ;
#5921 = CARTESIAN_POINT ( 'NONE',  ( -0.7720153328867999099, -0.7918038455725918690, 10.71874999999999822 ) ) ;
#5922 = DIRECTION ( 'NONE',  ( 1.000000000000000000, 0.000000000000000000, 0.000000000000000000 ) ) ;
#5923 = CARTESIAN_POINT ( 'NONE',  ( -11.95473229169787110, -7.004984823391997573, 12.00000000000000000 ) ) ;
#5924 = AXIS2_PLACEMENT_3D ( 'NONE', #6876, #1055, #3269 ) ;
#5925 = ORIENTED_EDGE ( 'NONE', *, *, #1059, .F. ) ;
#5926 = EDGE_LOOP ( 'NONE', ( #2330, #4893, #6146, #66, #1405, #7425, #179, #7034, #6931, #5529, #825, #2922, #2482, #4326, #734, #5152, #691, #6609, #6841, #6205, #957, #2113, #4646, #3968 ) ) ;
#5927 = AXIS2_PLACEMENT_3D ( 'NONE', #771, #4307, #1918 ) ;
#5928 = CARTESIAN_POINT ( 'NONE',  ( 13.53149764725406889, 1.019815740682259886, -3.500000000000008438 ) ) ;
#5929 = CARTESIAN_POINT ( 'NONE',  ( -1.226662469500795938, -0.3453764016845491946, 11.31406249999999858 ) ) ;
#5930 = ORIENTED_EDGE ( 'NONE', *, *, #265, .F. ) ;
#5931 = ADVANCED_FACE ( 'NONE', ( #4429 ), #2621, .T. ) ;
#5932 = PERSON_AND_ORGANIZATION_ROLE ( 'creator' ) ;
#5933 = CARTESIAN_POINT ( 'NONE',  ( -0.2527409261505976223, -0.9933514102514282573, 13.49509618943231892 ) ) ;
#5934 = ORIENTED_EDGE ( 'NONE', *, *, #4597, .F. ) ;
#5935 = CIRCLE ( 'NONE', #6176, 5.699999999999993072 ) ;
#5936 = CARTESIAN_POINT ( 'NONE',  ( 9.444673676569662391, -6.384992674408687563, -3.870263739134641501 ) ) ;
#5937 = DIRECTION ( 'NONE',  ( 0.000000000000000000, 0.000000000000000000, 1.000000000000000000 ) ) ;
#5938 = CARTESIAN_POINT ( 'NONE',  ( -7.135475161679861067, 10.67100906761282531, 14.80016474488866152 ) ) ;
#5939 = CARTESIAN_POINT ( 'NONE',  ( 4.991692462302974143, -0.5941926450286367789, -2.884042928819737117 ) ) ;
#5940 = CARTESIAN_POINT ( 'NONE',  ( 11.53978818511491689, -6.755025116376364380, -4.240586917783589982 ) ) ;
#5941 = EDGE_CURVE ( 'NONE', #5818, #3248, #3331, .T. ) ;
#5942 = ORIENTED_EDGE ( 'NONE', *, *, #5959, .F. ) ;
#5943 = VECTOR ( 'NONE', #45, 1000.000000000000000 ) ;
#5944 = CARTESIAN_POINT ( 'NONE',  ( 0.7444734902080444305, 4.839538808873402154, -2.800538006243836531 ) ) ;
#5945 = CARTESIAN_POINT ( 'NONE',  ( -11.55226035649772243, 6.862159456424769211, -3.997397452648564276 ) ) ;
#5946 = CARTESIAN_POINT ( 'NONE',  ( -0.3207707779579566654, 1.139271451999727347, 11.37365381056767610 ) ) ;
#5947 = ORIENTED_EDGE ( 'NONE', *, *, #7075, .F. ) ;
#5948 = VECTOR ( 'NONE', #2141, 1000.000000000000114 ) ;
#5949 = ADVANCED_FACE ( 'NONE', ( #3260 ), #5044, .T. ) ;
#5950 = FACE_BOUND ( 'NONE', #2287, .T. ) ;
#5951 = ORIENTED_EDGE ( 'NONE', *, *, #2186, .F. ) ;
#5952 = CARTESIAN_POINT ( 'NONE',  ( 2.909304780501112297, 6.444838686433771002, 15.70000000000000284 ) ) ;
#5953 = CARTESIAN_POINT ( 'NONE',  ( -0.2361503771250579031, -0.9281453293749778455, 8.449999999999997513 ) ) ;
#5954 = CARTESIAN_POINT ( 'NONE',  ( -0.7720153328867999099, -0.7918038455725919800, 11.61874999999999858 ) ) ;
#5955 = CARTESIAN_POINT ( 'NONE',  ( 6.480462370377570558, 11.25839262310080713, -5.666715816025313046 ) ) ;
#5956 = ADVANCED_FACE ( 'NONE', ( #2162 ), #430, .F. ) ;
#5957 = CYLINDRICAL_SURFACE ( 'NONE', #1636, 5.999999999999999112 ) ;
#5958 = DIRECTION ( 'NONE',  ( 0.000000000000000000, 0.000000000000000000, -1.000000000000000000 ) ) ;
#5959 = EDGE_CURVE ( 'NONE', #981, #4453, #1320, .T. ) ;
#5960 = ORIENTED_EDGE ( 'NONE', *, *, #186, .T. ) ;
#5961 = AXIS2_PLACEMENT_3D ( 'NONE', #1047, #432, #7495 ) ;
#5962 = EDGE_CURVE ( 'NONE', #3481, #1857, #6210, .T. ) ;
#5963 = EDGE_LOOP ( 'NONE', ( #477 ) ) ;
#5964 = CARTESIAN_POINT ( 'NONE',  ( -11.14277773728795928, -7.607243831355182451, 13.00000000000000178 ) ) ;
#5965 = CARTESIAN_POINT ( 'NONE',  ( -1.226662469500795938, -0.3453764016845490836, 10.86406249999999929 ) ) ;
#5966 = CARTESIAN_POINT ( 'NONE',  ( 5.024438761240560325, 3.279483973820176423, -3.000000000000007105 ) ) ;
#5967 = CALENDAR_DATE ( 2026, 4, 2 ) ;
#5968 = CARTESIAN_POINT ( 'NONE',  ( -0.2527409261505975113, -0.9933514102514280353, 12.14509618943231573 ) ) ;
#5969 = ORIENTED_EDGE ( 'NONE', *, *, #2533, .F. ) ;
#5970 = DIRECTION ( 'NONE',  ( -2.565753199199158405E-18, -2.902514036010829075E-16, 1.000000000000000000 ) ) ;
#5971 = CARTESIAN_POINT ( 'NONE',  ( 0.9807050522707525531, 0.2980647588199923370, 8.112500000000105516 ) ) ;
#5972 = DIRECTION ( 'NONE',  ( -2.565753199199158405E-18, -2.902514036010829075E-16, 1.000000000000000000 ) ) ;
#5973 = CARTESIAN_POINT ( 'NONE',  ( 6.603612861616113605, -10.13914676754894550, 12.00000000000000000 ) ) ;
#5974 = CYLINDRICAL_SURFACE ( 'NONE', #7249, 1.999999999999999556 ) ;
#5975 = ORIENTED_EDGE ( 'NONE', *, *, #3020, .T. ) ;
#5976 = ADVANCED_FACE ( 'NONE', ( #931 ), #971, .T. ) ;
#5977 = CARTESIAN_POINT ( 'NONE',  ( -0.6857222450800782854, 0.6685848903910791563, 10.09999999999999609 ) ) ;
#5978 = CARTESIAN_POINT ( 'NONE',  ( 0.2361503771250647310, 0.9281453293749931666, 10.47499999999999609 ) ) ;
#5979 = LINE ( 'NONE', #5365, #5184 ) ;
#5980 = CARTESIAN_POINT ( 'NONE',  ( -0.8262526302591578498, -0.8474313685031430454, 8.373653810567679656 ) ) ;
#5981 = ORIENTED_EDGE ( 'NONE', *, *, #5257, .F. ) ;
#5982 = CONICAL_SURFACE ( 'NONE', #2656, 1.999999999999999556, 0.7853981633974482790 ) ;
#5983 = ORIENTED_EDGE ( 'NONE', *, *, #3667, .T. ) ;
#5984 = PLANE ( 'NONE',  #2209 ) ;
#5985 = ORIENTED_EDGE ( 'NONE', *, *, #2419, .F. ) ;
#5986 = FACE_OUTER_BOUND ( 'NONE', #1369, .T. ) ;
#5987 = CARTESIAN_POINT ( 'NONE',  ( -0.6857222450800780633, 0.6685848903910792673, 7.849999999999997868 ) ) ;
#5988 = CARTESIAN_POINT ( 'NONE',  ( 0.9218726222051467634, 0.2595604389839207826, 11.35624999999999751 ) ) ;
#5989 = DIRECTION ( 'NONE',  ( 2.565753199199158405E-18, 2.902514036010829075E-16, -1.000000000000000000 ) ) ;
#5990 = AXIS2_PLACEMENT_3D ( 'NONE', #4526, #992, #2180 ) ;
#5991 = CARTESIAN_POINT ( 'NONE',  ( -2.063309585886114755E-16, -8.593032044224210867E-15, -2.500000000000008438 ) ) ;
#5992 = DIRECTION ( 'NONE',  ( 0.2597788150710222954, 0.9656681455035657224, 2.809530629711173474E-16 ) ) ;
#5993 = ADVANCED_FACE ( 'NONE', ( #7333 ), #6285, .F. ) ;
#5994 = EDGE_LOOP ( 'NONE', ( #4239, #7076, #6960, #7207 ) ) ;
#5995 = ORIENTED_EDGE ( 'NONE', *, *, #6405, .F. ) ;
#5996 = CARTESIAN_POINT ( 'NONE',  ( -3.144649813896175150, -10.89770954411505954, -2.736706536256850786 ) ) ;
#5997 = CARTESIAN_POINT ( 'NONE',  ( 0.9124359724768875690, -0.8896326596143604437, 10.14218749999999680 ) ) ;
#5998 = CARTESIAN_POINT ( 'NONE',  ( 0.3142264970239178057, 1.235009061298932176, 12.06406249999999858 ) ) ;
#5999 = ADVANCED_FACE ( 'NONE', ( #7492 ), #3078, .F. ) ;
#6000 = B_SPLINE_CURVE_WITH_KNOTS ( 'NONE', 3,
 ( #1489, #1411, #308, #4271 ),
 .UNSPECIFIED., .F., .F.,
 ( 4, 4 ),
 ( 0.001066541654794261190, 0.003946277481238828072 ),
 .UNSPECIFIED. ) ;
#6001 = APPROVAL_ROLE ( '' ) ;
#6002 = CARTESIAN_POINT ( 'NONE',  ( 0.1182485631699684014, -13.03343818998276937, -5.500000000000016875 ) ) ;
#6003 = DIRECTION ( 'NONE',  ( 1.000000000000000000, 0.000000000000000000, 0.000000000000000000 ) ) ;
#6004 = ORIENTED_EDGE ( 'NONE', *, *, #1924, .T. ) ;
#6005 = CARTESIAN_POINT ( 'NONE',  ( -11.95473229169787288, 7.004984823391997573, 12.00000000000000000 ) ) ;
#6006 = FACE_OUTER_BOUND ( 'NONE', #4013, .T. ) ;
#6007 = FACE_OUTER_BOUND ( 'NONE', #7270, .T. ) ;
#6008 = CARTESIAN_POINT ( 'NONE',  ( 0.9218726222051464303, 0.2595604389839206716, 13.99999999999999645 ) ) ;
#6009 = CARTESIAN_POINT ( 'NONE',  ( -10.35416071697658502, -6.261837716857172609, 12.19403295125577813 ) ) ;
#6010 = CARTESIAN_POINT ( 'NONE',  ( 5.599574727274903907, -1.065252492916160199, 16.00000000000000000 ) ) ;
#6011 = EDGE_LOOP ( 'NONE', ( #4522 ) ) ;
#6012 = CARTESIAN_POINT ( 'NONE',  ( -0.2997145786366767761, 1.064486813177379032, 9.668749999999999289 ) ) ;
#6013 = CARTESIAN_POINT ( 'NONE',  ( 0.2361503771250645645, 0.9281453293749930555, 11.82499999999999751 ) ) ;
#6014 = CARTESIAN_POINT ( 'NONE',  ( 1.071729911523487067, -0.2726829676047642370, 8.562499999999998224 ) ) ;
#6015 = CARTESIAN_POINT ( 'NONE',  ( -4.618912597417231147, 4.349212160543609151, -6.000000000000007105 ) ) ;
#6016 = DIRECTION ( 'NONE',  ( -0.4991391323160825899, 0.8665218558067350196, 2.502285170733346656E-16 ) ) ;
#6017 = CIRCLE ( 'NONE', #5522, 1.499999999999999778 ) ;
#6018 = ORIENTED_EDGE ( 'NONE', *, *, #2173, .F. ) ;
#6019 = EDGE_CURVE ( 'NONE', #1850, #536, #5834, .T. ) ;
#6020 = CARTESIAN_POINT ( 'NONE',  ( -6.603612861616183771, -10.13914676754889932, 13.00000000000000178 ) ) ;
#6021 = ORIENTED_EDGE ( 'NONE', *, *, #6925, .T. ) ;
#6022 = CARTESIAN_POINT ( 'NONE',  ( -10.87761563792079755, -0.6981962715890503990, -3.000000000000054623 ) ) ;
#6023 = CARTESIAN_POINT ( 'NONE',  ( 0.6857222450800845026, -0.6685848903910643903, 13.98124999999999751 ) ) ;
#6024 = CARTESIAN_POINT ( 'NONE',  ( -0.2997145786366771092, 1.064486813177378810, 12.81874999999999787 ) ) ;
#6025 = LINE ( 'NONE', #6143, #1481 ) ;
#6026 = CARTESIAN_POINT ( 'NONE',  ( -11.19348831161479474, 7.671197568849899895, -3.500000000000005773 ) ) ;
#6027 = B_SPLINE_CURVE_WITH_KNOTS ( 'NONE', 3,
 ( #2331, #7043, #1755, #2366, #4720, #5919 ),
 .UNSPECIFIED., .F., .F.,
 ( 4, 2, 4 ),
 ( 0.0008049385535018052044, 0.001206418312646969412, 0.001607898071792133836 ),
 .UNSPECIFIED. ) ;
#6028 = AXIS2_PLACEMENT_3D ( 'NONE', #4880, #7198, #3787 ) ;
#6029 = ORIENTED_EDGE ( 'NONE', *, *, #6019, .T. ) ;
#6030 = EDGE_CURVE ( 'NONE', #4618, #3504, #5168, .T. ) ;
#6031 = ORIENTED_EDGE ( 'NONE', *, *, #4682, .F. ) ;
#6032 = CARTESIAN_POINT ( 'NONE',  ( 0.7793364452130643327, 2.897004436510672409, -6.000000000000007105 ) ) ;
#6033 = CARTESIAN_POINT ( 'NONE',  ( -1.027259311016472498, -1.053590308655646623, 10.47968749999999716 ) ) ;
#6034 = CARTESIAN_POINT ( 'NONE',  ( -1.426065627985118711, 0.3628375052865480677, 10.37656249999999680 ) ) ;
#6035 = CIRCLE ( 'NONE', #2708, 11.00000000000000000 ) ;
#6036 = CARTESIAN_POINT ( 'NONE',  ( -13.54302093178399424, -0.7522829410906394232, -3.524371772418393611 ) ) ;
#6037 = ORIENTED_EDGE ( 'NONE', *, *, #5248, .F. ) ;
#6038 = EDGE_CURVE ( 'NONE', #7049, #6305, #86, .T. ) ;
#6039 = AXIS2_PLACEMENT_3D ( 'NONE', #6549, #7202, #1999 ) ;
#6040 = DIRECTION ( 'NONE',  ( 0.000000000000000000, 0.000000000000000000, 1.000000000000000000 ) ) ;
#6041 = ORIENTED_EDGE ( 'NONE', *, *, #708, .F. ) ;
#6042 = CARTESIAN_POINT ( 'NONE',  ( -0.04604345858550826232, 13.30184410068341094, -4.500000000000003553 ) ) ;
#6043 = ORIENTED_EDGE ( 'NONE', *, *, #3063, .T. ) ;
#6044 = DIRECTION ( 'NONE',  ( -2.565753199199158405E-18, -2.902514036010829075E-16, 1.000000000000000000 ) ) ;
#6045 = CARTESIAN_POINT ( 'NONE',  ( -11.28365824843880283, -1.624517322911318784, -3.500000000000009326 ) ) ;
#6046 = DIRECTION ( 'NONE',  ( 0.2597788150710222954, 0.9656681455035656114, 2.809530629711172981E-16 ) ) ;
#6047 = CARTESIAN_POINT ( 'NONE',  ( 4.043894140137889305E-16, -2.818733330620924787E-15, 14.22499999999999787 ) ) ;
#6048 = AXIS2_PLACEMENT_3D ( 'NONE', #1485, #7595, #3980 ) ;
#6049 = CARTESIAN_POINT ( 'NONE',  ( 10.87761563792079933, 0.6981962715890326354, -3.000000000000007994 ) ) ;
#6050 = EDGE_CURVE ( 'NONE', #1109, #4388, #6442, .T. ) ;
#6051 = ORIENTED_EDGE ( 'NONE', *, *, #4801, .F. ) ;
#6052 = CARTESIAN_POINT ( 'NONE',  ( -0.2997145786366768871, 1.064486813177379032, 11.01874999999999893 ) ) ;
#6053 = EDGE_CURVE ( 'NONE', #847, #30, #4740, .T. ) ;
#6054 = CARTESIAN_POINT ( 'NONE',  ( 0.2997145786366834930, -1.064486813177363933, 9.837499999999998579 ) ) ;
#6055 = CARTESIAN_POINT ( 'NONE',  ( 0.2997145786366833264, -1.064486813177364155, 11.18749999999999645 ) ) ;
#6056 = CARTESIAN_POINT ( 'NONE',  ( -0.7720153328867996878, -0.7918038455725918690, 9.312499999999998224 ) ) ;
#6057 = DIRECTION ( 'NONE',  ( 0.7071067811865459074, -0.7071067811865491270, 0.000000000000000000 ) ) ;
#6058 = CARTESIAN_POINT ( 'NONE',  ( 0.2527409261506041172, 0.9933514102514432453, 9.086153810567678235 ) ) ;
#6059 = DIRECTION ( 'NONE',  ( 0.000000000000000000, 0.000000000000000000, -1.000000000000000000 ) ) ;
#6060 = DIRECTION ( 'NONE',  ( 0.000000000000000000, 0.000000000000000000, 1.000000000000000000 ) ) ;
#6061 = VERTEX_POINT ( 'NONE', #2846 ) ;
#6062 = AXIS2_PLACEMENT_3D ( 'NONE', #2959, #6940, #1657 ) ;
#6063 = CARTESIAN_POINT ( 'NONE',  ( 0.9218726222051464303, 0.2595604389839206716, 13.99999999999999645 ) ) ;
#6064 = ORIENTED_EDGE ( 'NONE', *, *, #4809, .T. ) ;
#6065 = CARTESIAN_POINT ( 'NONE',  ( 4.065753027381878725E-16, -2.024594466550937630E-15, -25.99999999999999645 ) ) ;
#6066 = CARTESIAN_POINT ( 'NONE',  ( 10.89770954411504000, -3.144649813896218671, -2.736706536256851674 ) ) ;
#6067 = AXIS2_PLACEMENT_3D ( 'NONE', #252, #1281, #753 ) ;
#6068 = DIRECTION ( 'NONE',  ( -2.565753199199158405E-18, -2.902514036010829075E-16, 1.000000000000000000 ) ) ;
#6069 = LINE ( 'NONE', #715, #6317 ) ;
#6070 = ORIENTED_EDGE ( 'NONE', *, *, #2324, .F. ) ;
#6071 = CONICAL_SURFACE ( 'NONE', #2745, 2.000000000000000444, 0.7853981633974476129 ) ;
#6072 = VERTEX_POINT ( 'NONE', #1045 ) ;
#6073 = DIRECTION ( 'NONE',  ( -0.9656681455035628359, 0.2597788150710324540, 7.292349956650283374E-17 ) ) ;
#6074 = CARTESIAN_POINT ( 'NONE',  ( -0.3988063169686430487, 1.416427813942202185, 11.67968749999999645 ) ) ;
#6075 = CARTESIAN_POINT ( 'NONE',  ( -1.426065627985118933, 0.3628375052865480122, 12.17656249999999929 ) ) ;
#6076 = FACE_OUTER_BOUND ( 'NONE', #7101, .T. ) ;
#6077 = ORIENTED_EDGE ( 'NONE', *, *, #4492, .T. ) ;
#6078 = EDGE_LOOP ( 'NONE', ( #5890 ) ) ;
#6079 = CARTESIAN_POINT ( 'NONE',  ( 11.33623952100886179, -6.156271072842459446, -6.000000000000009770 ) ) ;
#6080 = APPROVAL_PERSON_ORGANIZATION ( #4256, #6237, #6001 ) ;
#6081 = LINE ( 'NONE', #6696, #2373 ) ;
#6082 = VERTEX_POINT ( 'NONE', #3411 ) ;
#6083 = FACE_BOUND ( 'NONE', #3440, .T. ) ;
#6084 = DIRECTION ( 'NONE',  ( 1.000000000000000000, 0.000000000000000000, 0.000000000000000000 ) ) ;
#6085 = CARTESIAN_POINT ( 'NONE',  ( 11.38616895624280012, 0.5613880118889729154, -2.500000000000008438 ) ) ;
#6086 = CARTESIAN_POINT ( 'NONE',  ( 7.859052248806893459, -1.495091218127946320, -5.729735577732628649 ) ) ;
#6087 = VERTEX_POINT ( 'NONE', #7534 ) ;
#6088 = EDGE_CURVE ( 'NONE', #3100, #329, #2240, .T. ) ;
#6089 = CARTESIAN_POINT ( 'NONE',  ( -0.9218726222051399910, -0.2595604389839062942, 11.97499999999999609 ) ) ;
#6090 = CARTESIAN_POINT ( 'NONE',  ( 0.7720153328868069043, 0.7918038455726068570, 9.537499999999997868 ) ) ;
#6091 = DIRECTION ( 'NONE',  ( -0.000000000000000000, -0.000000000000000000, 1.000000000000000000 ) ) ;
#6092 = CARTESIAN_POINT ( 'NONE',  ( -1.147023408217118012, 0.2918400834965768631, 8.748653810567679656 ) ) ;
#6093 = EDGE_CURVE ( 'NONE', #3268, #3401, #2234, .T. ) ;
#6094 = CARTESIAN_POINT ( 'NONE',  ( 3.792724787553316546, 10.29894941256965346, -3.000000000000007550 ) ) ;
#6095 = CARTESIAN_POINT ( 'NONE',  ( 1.109087266652858585E-15, -2.251806287142003561E-15, 8.000000000000000000 ) ) ;
#6096 = CARTESIAN_POINT ( 'NONE',  ( 0.9866380192381450920, 0.2777956425032977461, 8.245096189432318923 ) ) ;
#6097 = CARTESIAN_POINT ( 'NONE',  ( 7.135475161679937450, -10.67100906761277557, 14.80016474488865974 ) ) ;
#6098 = ORIENTED_EDGE ( 'NONE', *, *, #5079, .F. ) ;
#6099 = EDGE_CURVE ( 'NONE', #3558, #1412, #2886, .T. ) ;
#6100 = CARTESIAN_POINT ( 'NONE',  ( -0.8858145114690277877, 13.54159679269863048, -3.500000000000003997 ) ) ;
#6101 = CARTESIAN_POINT ( 'NONE',  ( 1.071729911523486845, -0.2726829676047643480, 12.66874999999999751 ) ) ;
#6102 = CARTESIAN_POINT ( 'NONE',  ( -6.280548451550700406, -4.099354967275238515, -3.000000000000008882 ) ) ;
#6103 = DIRECTION ( 'NONE',  ( 1.000000000000000000, 0.000000000000000000, 0.000000000000000000 ) ) ;
#6104 = CARTESIAN_POINT ( 'NONE',  ( -13.21243901664417031, -0.07009473013394595942, -4.833351618763587432 ) ) ;
#6105 = AXIS2_PLACEMENT_3D ( 'NONE', #2816, #727, #5296 ) ;
#6106 = VERTEX_POINT ( 'NONE', #7095 ) ;
#6107 = EDGE_LOOP ( 'NONE', ( #2069, #3543, #2022, #843, #6537 ) ) ;
#6108 = VECTOR ( 'NONE', #7350, 1000.000000000000114 ) ;
#6109 = CARTESIAN_POINT ( 'NONE',  ( 6.177585487843401779, 1.444796712477781853, -6.000000000000007105 ) ) ;
#6110 = CARTESIAN_POINT ( 'NONE',  ( 0.9124359724768872359, -0.8896326596143605547, 11.94218749999999574 ) ) ;
#6111 = CARTESIAN_POINT ( 'NONE',  ( 0.9124359724768871249, -0.8896326596143605547, 13.26406249999999787 ) ) ;
#6112 = LINE ( 'NONE', #5499, #7138 ) ;
#6113 = VECTOR ( 'NONE', #1209, 999.9999999999998863 ) ;
#6114 = AXIS2_PLACEMENT_3D ( 'NONE', #2995, #2421, #4775 ) ;
#6115 = AXIS2_PLACEMENT_3D ( 'NONE', #4658, #1652, #7015 ) ;
#6116 = ORIENTED_EDGE ( 'NONE', *, *, #3844, .T. ) ;
#6117 = CARTESIAN_POINT ( 'NONE',  ( 6.307474895378915924, 1.927630785229571098, -5.500000000000006217 ) ) ;
#6118 = DIRECTION ( 'NONE',  ( -0.7071067811865532349, -0.7071067811865417996, 0.000000000000000000 ) ) ;
#6119 = ORIENTED_EDGE ( 'NONE', *, *, #3072, .T. ) ;
#6120 = DIRECTION ( 'NONE',  ( -0.7071067811865491270, 0.7071067811865459074, 0.000000000000000000 ) ) ;
#6121 = CARTESIAN_POINT ( 'NONE',  ( 0.7720153328868069043, 0.7918038455726068570, 9.143749999999997158 ) ) ;
#6122 = CIRCLE ( 'NONE', #4889, 2.000000000000000000 ) ;
#6123 = DIRECTION ( 'NONE',  ( -0.4991391323160825899, 0.8665218558067351307, 0.000000000000000000 ) ) ;
#6124 = DIRECTION ( 'NONE',  ( 0.000000000000000000, 0.000000000000000000, 1.000000000000000000 ) ) ;
#6125 = ORIENTED_EDGE ( 'NONE', *, *, #1543, .F. ) ;
#6126 = CARTESIAN_POINT ( 'NONE',  ( -0.2361503771250580419, -0.9281453293749779565, 9.856249999999997513 ) ) ;
#6127 = DIRECTION ( 'NONE',  ( -0.4991391323160827009, 0.8665218558067350196, 0.000000000000000000 ) ) ;
#6128 = ADVANCED_FACE ( 'NONE', ( #3527 ), #2107, .T. ) ;
#6129 = CARTESIAN_POINT ( 'NONE',  ( 0.2997145786366831599, -1.064486813177364155, 12.53749999999999609 ) ) ;
#6130 = CARTESIAN_POINT ( 'NONE',  ( -0.9218726222051397690, -0.2595604389839061832, 9.274999999999996803 ) ) ;
#6131 = DIRECTION ( 'NONE',  ( -1.000000000000000000, 0.000000000000000000, 0.000000000000000000 ) ) ;
#6132 = EDGE_CURVE ( 'NONE', #3738, #1699, #7278, .T. ) ;
#6133 = CARTESIAN_POINT ( 'NONE',  ( 0.9866380192381450920, 0.2777956425032977461, 8.561153810567676103 ) ) ;
#6134 = DIRECTION ( 'NONE',  ( -0.000000000000000000, -0.000000000000000000, -1.000000000000000000 ) ) ;
#6135 = FACE_BOUND ( 'NONE', #3639, .T. ) ;
#6136 = CARTESIAN_POINT ( 'NONE',  ( -0.7338970930875371446, 0.7155557677481524381, 8.395096189432317502 ) ) ;
#6137 = EDGE_CURVE ( 'NONE', #2794, #1064, #5246, .T. ) ;
#6138 = CARTESIAN_POINT ( 'NONE',  ( 2.700906402787920602, -5.357714494388376103, -2.500000000000010214 ) ) ;
#6139 = CYLINDRICAL_SURFACE ( 'NONE', #7639, 2.000000000000000000 ) ;
#6140 = ORIENTED_EDGE ( 'NONE', *, *, #3844, .F. ) ;
#6141 = CARTESIAN_POINT ( 'NONE',  ( -11.00737001768230883, -0.6632904510111694574, -3.000000000000015099 ) ) ;
#6142 = CIRCLE ( 'NONE', #3788, 6.500000000000000000 ) ;
#6143 = CARTESIAN_POINT ( 'NONE',  ( 2.475830869222263253, -4.911238286522682017, -6.000000000000009770 ) ) ;
#6144 = CARTESIAN_POINT ( 'NONE',  ( -5.357714494388358339, -2.700906402787947691, -3.000000000000008882 ) ) ;
#6145 = DIRECTION ( 'NONE',  ( 1.000000000000000000, 0.000000000000000000, 0.000000000000000000 ) ) ;
#6146 = ORIENTED_EDGE ( 'NONE', *, *, #135, .T. ) ;
#6147 = ORIENTED_EDGE ( 'NONE', *, *, #1473, .T. ) ;
#6148 = CYLINDRICAL_SURFACE ( 'NONE', #2053, 1.352549999999997921 ) ;
#6149 = CARTESIAN_POINT ( 'NONE',  ( -0.3142264970239114219, -1.235009061298917077, 11.86718749999999645 ) ) ;
#6150 = CARTESIAN_POINT ( 'NONE',  ( -1.426065627985119155, 0.3628375052865479011, 13.07656249999999964 ) ) ;
#6151 = AXIS2_PLACEMENT_3D ( 'NONE', #6347, #3358, #6310 ) ;
#6152 = CIRCLE ( 'NONE', #6523, 1.499999999999999778 ) ;
#6153 = CYLINDRICAL_SURFACE ( 'NONE', #7028, 1.000000000000000000 ) ;
#6154 = ORIENTED_EDGE ( 'NONE', *, *, #6192, .T. ) ;
#6155 = ORIENTED_EDGE ( 'NONE', *, *, #167, .T. ) ;
#6156 = LINE ( 'NONE', #2643, #581 ) ;
#6157 = ORIENTED_EDGE ( 'NONE', *, *, #6507, .F. ) ;
#6158 = CARTESIAN_POINT ( 'NONE',  ( 0.3530304946160316981, -0.8902753635409990096, 8.045216426222769002 ) ) ;
#6159 = CARTESIAN_POINT ( 'NONE',  ( -0.2361503771250579586, -0.9281453293749779565, 8.956249999999998934 ) ) ;
#6160 = CARTESIAN_POINT ( 'NONE',  ( 0.5195576301420458121, 1.931336291007129224, -6.500000000000004441 ) ) ;
#6161 = CARTESIAN_POINT ( 'NONE',  ( 0.000000000000000000, 0.000000000000000000, 0.000000000000000000 ) ) ;
#6162 = VECTOR ( 'NONE', #5179, 1000.000000000000000 ) ;
#6163 = VERTEX_POINT ( 'NONE', #4589 ) ;
#6164 = CARTESIAN_POINT ( 'NONE',  ( 0.2997145786366834930, -1.064486813177363933, 9.893749999999998934 ) ) ;
#6165 = CARTESIAN_POINT ( 'NONE',  ( 0.7720153328868067932, 0.7918038455726068570, 10.43749999999999645 ) ) ;
#6166 = CARTESIAN_POINT ( 'NONE',  ( 0.7720153328868066822, 0.7918038455726065239, 12.68749999999999822 ) ) ;
#6167 = CARTESIAN_POINT ( 'NONE',  ( -0.6857222450800786184, 0.6685848903910790453, 13.24999999999999822 ) ) ;
#6168 = VECTOR ( 'NONE', #4931, 999.9999999999998863 ) ;
#6169 = CARTESIAN_POINT ( 'NONE',  ( -4.099354967275164796, 6.280548451550735933, -5.500000000000005329 ) ) ;
#6170 = LINE ( 'NONE', #2405, #7300 ) ;
#6171 = FACE_OUTER_BOUND ( 'NONE', #3074, .T. ) ;
#6172 = ADVANCED_FACE ( 'NONE', ( #5789, #3998 ), #4033, .F. ) ;
#6173 = CARTESIAN_POINT ( 'NONE',  ( -2.050480819890118965E-16, -8.447906342423668944E-15, -3.000000000000007994 ) ) ;
#6174 = CARTESIAN_POINT ( 'NONE',  ( 0.000000000000000000, 0.000000000000000000, 16.00000000000000000 ) ) ;
#6175 = CARTESIAN_POINT ( 'NONE',  ( -0.9218726222051398800, -0.2595604389839062942, 11.58124999999999716 ) ) ;
#6176 = AXIS2_PLACEMENT_3D ( 'NONE', #5888, #7080, #4055 ) ;
#6177 = CARTESIAN_POINT ( 'NONE',  ( 11.80910002435088479, -7.230747688335854129, 12.02595618149639378 ) ) ;
#6178 = CARTESIAN_POINT ( 'NONE',  ( 7.607243831355142483, -11.14277773728798770, 13.00000000000000178 ) ) ;
#6179 = VERTEX_POINT ( 'NONE', #4666 ) ;
#6180 = DIRECTION ( 'NONE',  ( 0.000000000000000000, 0.000000000000000000, 1.000000000000000000 ) ) ;
#6181 = ADVANCED_FACE ( 'NONE', ( #7060 ), #7572, .T. ) ;
#6182 = DIRECTION ( 'NONE',  ( -0.000000000000000000, -0.000000000000000000, 1.000000000000000000 ) ) ;
#6183 = DIRECTION ( 'NONE',  ( 0.4999999999999999445, -0.5000000000000023315, 0.7071067811865460184 ) ) ;
#6184 = B_SPLINE_CURVE_WITH_KNOTS ( 'NONE', 3,
 ( #5162, #2308, #7526, #6959, #1752, #5485, #1859, #4098 ),
 .UNSPECIFIED., .F., .F.,
 ( 4, 2, 2, 4 ),
 ( 0.000000000000000000, 0.0003972724776191829737, 0.0007945449552383659474, 0.001589089910476734063 ),
 .UNSPECIFIED. ) ;
#6185 = AXIS2_PLACEMENT_3D ( 'NONE', #7081, #1796, #1280 ) ;
#6186 = AXIS2_PLACEMENT_3D ( 'NONE', #2869, #2979, #6501 ) ;
#6187 = ADVANCED_FACE ( 'NONE', ( #6982 ), #4940, .T. ) ;
#6188 = VERTEX_POINT ( 'NONE', #7611 ) ;
#6189 = LINE ( 'NONE', #2025, #2046 ) ;
#6190 = CARTESIAN_POINT ( 'NONE',  ( 1.027259311016479826, 1.053590308655661278, 11.15468749999999787 ) ) ;
#6191 = CARTESIAN_POINT ( 'NONE',  ( 0.3142264970239176947, 1.235009061298932176, 13.41406249999999645 ) ) ;
#6192 = EDGE_CURVE ( 'NONE', #5392, #4377, #2715, .T. ) ;
#6193 = ORIENTED_EDGE ( 'NONE', *, *, #6492, .F. ) ;
#6194 = ADVANCED_FACE ( 'NONE', ( #5325, #2383 ), #6512, .F. ) ;
#6195 = ORIENTED_EDGE ( 'NONE', *, *, #1800, .F. ) ;
#6196 = DIRECTION ( 'NONE',  ( 0.000000000000000000, 0.000000000000000000, 1.000000000000000000 ) ) ;
#6197 = LINE ( 'NONE', #3285, #158 ) ;
#6198 = ORIENTED_EDGE ( 'NONE', *, *, #2929, .F. ) ;
#6199 = PLANE ( 'NONE',  #4703 ) ;
#6200 = FACE_OUTER_BOUND ( 'NONE', #6967, .T. ) ;
#6201 = CIRCLE ( 'NONE', #5961, 1.499999999999999778 ) ;
#6202 = CARTESIAN_POINT ( 'NONE',  ( 2.246126095422371627, -3.899348351130315748, -2.000000000000010214 ) ) ;
#6203 = EDGE_CURVE ( 'NONE', #541, #541, #6415, .T. ) ;
#6204 = CARTESIAN_POINT ( 'NONE',  ( -0.9218726222051396579, -0.2595604389839061832, 8.881249999999996092 ) ) ;
#6205 = ORIENTED_EDGE ( 'NONE', *, *, #4774, .T. ) ;
#6206 = DIRECTION ( 'NONE',  ( 1.000000000000000000, 0.000000000000000000, 0.000000000000000000 ) ) ;
#6207 = CARTESIAN_POINT ( 'NONE',  ( 1.071729911523486845, -0.2726829676047643480, 11.26249999999999574 ) ) ;
#6208 = CARTESIAN_POINT ( 'NONE',  ( -0.2997145786366772202, 1.064486813177378810, 13.66249999999999787 ) ) ;
#6209 = CARTESIAN_POINT ( 'NONE',  ( 0.6857222450800846136, -0.6685848903910641683, 11.67499999999999716 ) ) ;
#6210 = LINE ( 'NONE', #1535, #5052 ) ;
#6211 = DIRECTION ( 'NONE',  ( 0.2597788150710264032, 0.9656681455035646122, 2.809530629711169530E-16 ) ) ;
#6212 = DIRECTION ( 'NONE',  ( 2.565753199199158405E-18, 2.902514036010829075E-16, -1.000000000000000000 ) ) ;
#6213 = DIRECTION ( 'NONE',  ( 2.565753199199133368E-18, 2.902514036010829568E-16, -1.000000000000000000 ) ) ;
#6214 = ORIENTED_EDGE ( 'NONE', *, *, #4827, .F. ) ;
#6215 = EDGE_CURVE ( 'NONE', #5769, #6561, #4266, .T. ) ;
#6216 = ADVANCED_FACE ( 'NONE', ( #6006 ), #6624, .F. ) ;
#6217 = CARTESIAN_POINT ( 'NONE',  ( 7.859052248806893459, -1.495091218127946320, 15.69999999999999218 ) ) ;
#6218 = FACE_OUTER_BOUND ( 'NONE', #7548, .T. ) ;
#6219 = EDGE_LOOP ( 'NONE', ( #6195 ) ) ;
#6220 = CARTESIAN_POINT ( 'NONE',  ( 6.307474895378915924, 1.927630785229570209, -2.500000000000007550 ) ) ;
#6221 = CARTESIAN_POINT ( 'NONE',  ( -0.2527409261505975113, -0.9933514102514282573, 12.01115381056767717 ) ) ;
#6222 = CARTESIAN_POINT ( 'NONE',  ( -7.004984823391872339, 11.95473229169794571, 12.00000000000000000 ) ) ;
#6223 = CARTESIAN_POINT ( 'NONE',  ( 7.603431076707821035, -11.41102384709824591, 12.39560631973881222 ) ) ;
#6224 = CARTESIAN_POINT ( 'NONE',  ( -1.226662469500795716, -0.3453764016845490281, 8.164062500000000000 ) ) ;
#6225 = ORIENTED_EDGE ( 'NONE', *, *, #2892, .T. ) ;
#6226 = DIRECTION ( 'NONE',  ( 1.000000000000000000, 0.000000000000000000, 0.000000000000000000 ) ) ;
#6227 = CARTESIAN_POINT ( 'NONE',  ( 0.9124359724768873470, -0.8896326596143605547, 11.49218749999999645 ) ) ;
#6228 = CARTESIAN_POINT ( 'NONE',  ( -0.3988063169686432152, 1.416427813942202185, 13.00156250000000036 ) ) ;
#6229 = EDGE_CURVE ( 'NONE', #6419, #3282, #7039, .T. ) ;
#6230 = DIRECTION ( 'NONE',  ( 0.4991391323160826454, -0.8665218558067350196, -2.496005001405478093E-16 ) ) ;
#6231 = VERTEX_POINT ( 'NONE', #1332 ) ;
#6232 = CIRCLE ( 'NONE', #5746, 2.000000000000000444 ) ;
#6233 = ORIENTED_EDGE ( 'NONE', *, *, #1147, .T. ) ;
#6234 = CARTESIAN_POINT ( 'NONE',  ( -10.66511182593023754, 5.715364357624368452, 12.00000000000000000 ) ) ;
#6235 = VERTEX_POINT ( 'NONE', #1370 ) ;
#6236 = VERTEX_POINT ( 'NONE', #3835 ) ;
#6237 = APPROVAL ( #4300, 'UNSPECIFIED' ) ;
#6238 = AXIS2_PLACEMENT_3D ( 'NONE', #4569, #4017, #1515 ) ;
#6239 = CARTESIAN_POINT ( 'NONE',  ( 0.2997145786366834930, -1.064486813177363933, 9.443749999999997868 ) ) ;
#6240 = AXIS2_PLACEMENT_3D ( 'NONE', #7632, #1720, #4096 ) ;
#6241 = ORIENTED_EDGE ( 'NONE', *, *, #7467, .F. ) ;
#6242 = CARTESIAN_POINT ( 'NONE',  ( -0.2361503771250580974, -0.9281453293749779565, 10.24999999999999645 ) ) ;
#6243 = VECTOR ( 'NONE', #3461, 1000.000000000000000 ) ;
#6244 = CARTESIAN_POINT ( 'NONE',  ( 0.2361503771250644534, 0.9281453293749930555, 13.17499999999999538 ) ) ;
#6245 = CARTESIAN_POINT ( 'NONE',  ( -0.6857222450800786184, 0.6685848903910791563, 12.34999999999999609 ) ) ;
#6246 = DIRECTION ( 'NONE',  ( -0.9656681455035645012, 0.2597788150710267363, 0.000000000000000000 ) ) ;
#6247 = DIRECTION ( 'NONE',  ( 1.000000000000000000, 0.000000000000000000, 0.000000000000000000 ) ) ;
#6248 = CARTESIAN_POINT ( 'NONE',  ( -10.67100906761327650, 7.135475161680498779, 14.80016474488665779 ) ) ;
#6249 = CARTESIAN_POINT ( 'NONE',  ( -2.050480819890118965E-16, -8.447906342423668944E-15, -3.000000000000007994 ) ) ;
#6250 = DIRECTION ( 'NONE',  ( -0.9656681455035628359, 0.2597788150710324540, 7.292349956650283374E-17 ) ) ;
#6251 = CARTESIAN_POINT ( 'NONE',  ( -0.7720153328868000209, -0.7918038455725919800, 12.96874999999999645 ) ) ;
#6252 = CARTESIAN_POINT ( 'NONE',  ( 11.64840287560575049, -7.417547160490084224, 12.12860694511183723 ) ) ;
#6253 = DIRECTION ( 'NONE',  ( 0.9656681455035648343, -0.2597788150710256816, -7.292349956650084926E-17 ) ) ;
#6254 = EDGE_LOOP ( 'NONE', ( #3355 ) ) ;
#6255 = CARTESIAN_POINT ( 'NONE',  ( 4.065753027381878725E-16, -2.024594466550937630E-15, -25.99999999999999645 ) ) ;
#6256 = CARTESIAN_POINT ( 'NONE',  ( 0.3207707779579628826, -1.139271451999712914, 12.04865381056767859 ) ) ;
#6257 = DIRECTION ( 'NONE',  ( 0.4991391323160826454, -0.8665218558067351307, -2.502285170733345670E-16 ) ) ;
#6258 = FACE_OUTER_BOUND ( 'NONE', #1710, .T. ) ;
#6259 = ADVANCED_FACE ( 'NONE', ( #6083, #3634 ), #7400, .T. ) ;
#6260 = ORIENTED_EDGE ( 'NONE', *, *, #6562, .T. ) ;
#6261 = VECTOR ( 'NONE', #6253, 999.9999999999998863 ) ;
#6262 = CARTESIAN_POINT ( 'NONE',  ( -1.226662469500795716, -0.3453764016845489726, 9.064062499999998579 ) ) ;
#6263 = ORIENTED_EDGE ( 'NONE', *, *, #3293, .F. ) ;
#6264 = CARTESIAN_POINT ( 'NONE',  ( -6.131101634384969579, -9.317963608805611031, -2.950330825996560602 ) ) ;
#6265 = CARTESIAN_POINT ( 'NONE',  ( -0.9218726222051399910, -0.2595604389839062942, 12.48124999999999751 ) ) ;
#6266 = CARTESIAN_POINT ( 'NONE',  ( 0.9218726222051469854, 0.2595604389839208936, 8.656249999999996447 ) ) ;
#6267 = DIRECTION ( 'NONE',  ( -2.565753199199158405E-18, -2.902514036010829075E-16, 1.000000000000000000 ) ) ;
#6268 = EDGE_CURVE ( 'NONE', #5824, #1436, #3602, .T. ) ;
#6269 = VERTEX_POINT ( 'NONE', #7165 ) ;
#6270 = VECTOR ( 'NONE', #4536, 999.9999999999998863 ) ;
#6271 = ORIENTED_EDGE ( 'NONE', *, *, #7403, .F. ) ;
#6272 = DIRECTION ( 'NONE',  ( 0.6946486423538396071, 0.1321486423538409671, -0.7071067811865504593 ) ) ;
#6273 = VERTEX_POINT ( 'NONE', #1885 ) ;
#6274 = B_SPLINE_CURVE_WITH_KNOTS ( 'NONE', 3,
 ( #5780, #958, #5659, #1075, #2795, #4579 ),
 .UNSPECIFIED., .F., .F.,
 ( 4, 2, 4 ),
 ( 2.451081871188752486E-16, 0.0003805775212855780701, 0.0007611550425709111105 ),
 .UNSPECIFIED. ) ;
#6275 = CARTESIAN_POINT ( 'NONE',  ( -0.9218726222051396579, -0.2595604389839062387, 8.431249999999998579 ) ) ;
#6276 = VERTEX_POINT ( 'NONE', #5662 ) ;
#6277 = CARTESIAN_POINT ( 'NONE',  ( 0.2997145786366835485, -1.064486813177363933, 8.993749999999998579 ) ) ;
#6278 = CARTESIAN_POINT ( 'NONE',  ( -0.9866380192381382086, -0.2777956425032831467, 10.72009618943231857 ) ) ;
#6279 = EDGE_CURVE ( 'NONE', #5643, #3066, #3684, .T. ) ;
#6280 = B_SPLINE_CURVE_WITH_KNOTS ( 'NONE', 3,
 ( #1769, #2763, #4105, #2917 ),
 .UNSPECIFIED., .F., .F.,
 ( 4, 4 ),
 ( 0.0005192062422628684329, 0.001557115306271323815 ),
 .UNSPECIFIED. ) ;
#6281 = ORIENTED_EDGE ( 'NONE', *, *, #464, .T. ) ;
#6282 = CARTESIAN_POINT ( 'NONE',  ( 0.2997145786366832154, -1.064486813177364155, 11.63749999999999574 ) ) ;
#6283 = CARTESIAN_POINT ( 'NONE',  ( 0.7720153328868066822, 0.7918038455726065239, 13.13749999999999751 ) ) ;
#6284 = CARTESIAN_POINT ( 'NONE',  ( -1.071729911523480183, 0.2726829676047791695, 12.38749999999999574 ) ) ;
#6285 = PLANE ( 'NONE',  #6539 ) ;
#6286 = DIRECTION ( 'NONE',  ( -0.000000000000000000, -0.000000000000000000, -1.000000000000000000 ) ) ;
#6287 = EDGE_CURVE ( 'NONE', #55, #5285, #4192, .T. ) ;
#6288 = FACE_OUTER_BOUND ( 'NONE', #1635, .T. ) ;
#6289 = AXIS2_PLACEMENT_3D ( 'NONE', #4236, #7212, #4941 ) ;
#6290 = CARTESIAN_POINT ( 'NONE',  ( 4.065753027381878725E-16, -2.024594466550937630E-15, 7.749999999999998224 ) ) ;
#6291 = EDGE_CURVE ( 'NONE', #6506, #7029, #879, .T. ) ;
#6292 = CARTESIAN_POINT ( 'NONE',  ( 0.9866380192381450920, 0.2777956425032976906, 10.04509618943231786 ) ) ;
#6293 = ORIENTED_EDGE ( 'NONE', *, *, #5346, .F. ) ;
#6294 = EDGE_CURVE ( 'NONE', #6303, #5727, #3673, .T. ) ;
#6295 = CARTESIAN_POINT ( 'NONE',  ( -0.6857222450800787295, 0.6685848903910789343, 14.20624999999999716 ) ) ;
#6296 = CARTESIAN_POINT ( 'NONE',  ( 11.41138932068218992, -7.603224404588819318, 12.39508553045114070 ) ) ;
#6297 = CARTESIAN_POINT ( 'NONE',  ( 0.000000000000000000, 0.000000000000000000, 8.000000000000000000 ) ) ;
#6298 = EDGE_LOOP ( 'NONE', ( #3183, #2709, #1986, #4344, #2974, #1828 ) ) ;
#6299 = DIRECTION ( 'NONE',  ( 0.000000000000000000, 0.000000000000000000, -1.000000000000000000 ) ) ;
#6300 = CARTESIAN_POINT ( 'NONE',  ( 1.147023408217124452, -0.2918400834965619306, 13.92365381056767859 ) ) ;
#6301 = CARTESIAN_POINT ( 'NONE',  ( -6.580525678976734127, -10.15428296884887871, 12.73370439062652615 ) ) ;
#6302 = AXIS2_PLACEMENT_3D ( 'NONE', #4997, #4383, #6387 ) ;
#6303 = VERTEX_POINT ( 'NONE', #72 ) ;
#6304 = CARTESIAN_POINT ( 'NONE',  ( 1.426065627985125595, -0.3628375052865329686, 9.251562500000000355 ) ) ;
#6305 = VERTEX_POINT ( 'NONE', #2425 ) ;
#6306 = DIRECTION ( 'NONE',  ( 0.2597788150710226285, 0.9656681455035655004, 0.000000000000000000 ) ) ;
#6307 = CARTESIAN_POINT ( 'NONE',  ( -0.6857222450800785074, 0.6685848903910791563, 10.60624999999999751 ) ) ;
#6308 = B_SPLINE_CURVE_WITH_KNOTS ( 'NONE', 3,
 ( #5530, #5496, #3170, #4335, #3206, #138, #257, #5419, #1359, #3822 ),
 .UNSPECIFIED., .F., .F.,
 ( 4, 2, 2, 2, 4 ),
 ( 0.000000000000000000, 0.0004045763957021411084, 0.0008091527914042822168, 0.001213729187106423434, 0.001618305582808564434 ),
 .UNSPECIFIED. ) ;
#6309 = CARTESIAN_POINT ( 'NONE',  ( -0.9218726222051397690, -0.2595604389839061832, 10.23124999999999751 ) ) ;
#6310 = DIRECTION ( 'NONE',  ( 0.9804261166812019423, 0.1968873528935215778, 1.540743955509788511E-33 ) ) ;
#6311 = ORIENTED_EDGE ( 'NONE', *, *, #5820, .T. ) ;
#6312 = CARTESIAN_POINT ( 'NONE',  ( 0.000000000000000000, 0.000000000000000000, 16.00000000000000000 ) ) ;
#6313 = AXIS2_PLACEMENT_3D ( 'NONE', #4624, #5865, #1692 ) ;
#6314 = CARTESIAN_POINT ( 'NONE',  ( -7.004984823392040205, -11.95473229169784979, 12.00000000000000000 ) ) ;
#6315 = EDGE_LOOP ( 'NONE', ( #3092 ) ) ;
#6316 = DIRECTION ( 'NONE',  ( 0.2597788150710226285, 0.9656681455035653894, 0.000000000000000000 ) ) ;
#6317 = VECTOR ( 'NONE', #3051, 1000.000000000000000 ) ;
#6318 = VERTEX_POINT ( 'NONE', #6737 ) ;
#6319 = DIRECTION ( 'NONE',  ( 0.2597788150710331756, 0.9656681455035626138, 2.809530629711164106E-16 ) ) ;
#6320 = CARTESIAN_POINT ( 'NONE',  ( -0.6857222450800781743, 0.6685848903910792673, 8.356249999999997513 ) ) ;
#6321 = CARTESIAN_POINT ( 'NONE',  ( -0.8262526302591580718, -0.8474313685031431564, 11.20759618943231928 ) ) ;
#6322 = CARTESIAN_POINT ( 'NONE',  ( 0.2997145786366831599, -1.064486813177364155, 12.08749999999999680 ) ) ;
#6323 = CARTESIAN_POINT ( 'NONE',  ( 11.30314025291770008, 1.489198186922991995, -3.500000000000007105 ) ) ;
#6324 = CARTESIAN_POINT ( 'NONE',  ( -0.2997145786366772202, 1.064486813177378810, 14.11249999999999716 ) ) ;
#6325 = CARTESIAN_POINT ( 'NONE',  ( -0.2361503771250583472, -0.9281453293749780675, 12.94999999999999574 ) ) ;
#6326 = CARTESIAN_POINT ( 'NONE',  ( 7.653416913244623032, 11.22228603804762415, 12.74822238610242486 ) ) ;
#6327 = CARTESIAN_POINT ( 'NONE',  ( 10.20304932535685793, -3.835072941201375318, -3.000000000000008882 ) ) ;
#6328 = CARTESIAN_POINT ( 'NONE',  ( -0.5613880118888628923, 11.38616895624280012, -2.500000000000004885 ) ) ;
#6329 = CARTESIAN_POINT ( 'NONE',  ( 3.376133003484901529, -6.697143117985469019, -2.500000000000010214 ) ) ;
#6330 = CARTESIAN_POINT ( 'NONE',  ( 0.2527409261506040061, 0.9933514102514432453, 10.12009618943231715 ) ) ;
#6331 = ORIENTED_EDGE ( 'NONE', *, *, #1788, .T. ) ;
#6332 = AXIS2_PLACEMENT_3D ( 'NONE', #7098, #7613, #2315 ) ;
#6333 = CARTESIAN_POINT ( 'NONE',  ( 0.9218726222051464303, 0.2595604389839206716, 13.15624999999999822 ) ) ;
#6334 = CARTESIAN_POINT ( 'NONE',  ( -6.307474895378915924, -1.927630785229586641, -5.500000000000007994 ) ) ;
#6335 = DIRECTION ( 'NONE',  ( 0.000000000000000000, 0.000000000000000000, 1.000000000000000000 ) ) ;
#6336 = VERTEX_POINT ( 'NONE', #4188 ) ;
#6337 = FACE_OUTER_BOUND ( 'NONE', #1144, .T. ) ;
#6338 = CARTESIAN_POINT ( 'NONE',  ( -0.3207707779579566654, 1.139271451999727347, 11.82365381056767717 ) ) ;
#6339 = DIRECTION ( 'NONE',  ( -0.000000000000000000, -0.000000000000000000, -1.000000000000000000 ) ) ;
#6340 = VERTEX_POINT ( 'NONE', #191 ) ;
#6341 = CARTESIAN_POINT ( 'NONE',  ( -1.426065627985118267, 0.3628375052865481232, 9.026562499999998934 ) ) ;
#6342 = ORIENTED_EDGE ( 'NONE', *, *, #5002, .F. ) ;
#6343 = DIRECTION ( 'NONE',  ( -0.9656681455035648343, 0.2597788150710256816, 7.292349956650084926E-17 ) ) ;
#6344 = CARTESIAN_POINT ( 'NONE',  ( -0.2997145786366768316, 1.064486813177378810, 10.56874999999999787 ) ) ;
#6345 = CARTESIAN_POINT ( 'NONE',  ( 0.6857222450800850577, -0.6685848903910640573, 9.031249999999998224 ) ) ;
#6346 = DIRECTION ( 'NONE',  ( 1.000000000000000000, 7.542275982507863063E-16, 0.000000000000000000 ) ) ;
#6347 = CARTESIAN_POINT ( 'NONE',  ( -1.960852233362403885, -0.3937747057870430445, 13.99999999999999822 ) ) ;
#6348 = ORIENTED_EDGE ( 'NONE', *, *, #1306, .T. ) ;
#6349 = ORIENTED_EDGE ( 'NONE', *, *, #1473, .F. ) ;
#6350 = DIRECTION ( 'NONE',  ( -0.2597788150710222954, -0.9656681455035657224, -2.809530629711173474E-16 ) ) ;
#6351 = EDGE_LOOP ( 'NONE', ( #6193 ) ) ;
#6352 = CARTESIAN_POINT ( 'NONE',  ( 0.000000000000000000, 0.000000000000000000, 16.00000000000000000 ) ) ;
#6353 = CARTESIAN_POINT ( 'NONE',  ( -2.182596805821224173, -4.710856553262992463, -6.000000000000011546 ) ) ;
#6354 = CARTESIAN_POINT ( 'NONE',  ( -2.089734771006444447, -4.656982021476149924, -2.923197837245868680 ) ) ;
#6355 = CARTESIAN_POINT ( 'NONE',  ( -1.071729911523479739, 0.2726829676047792805, 8.843750000000000000 ) ) ;
#6356 = CARTESIAN_POINT ( 'NONE',  ( 0.7338970930875435839, -0.7155557677481375611, 11.32009618943231821 ) ) ;
#6357 = CIRCLE ( 'NONE', #4005, 1.500000000000000222 ) ;
#6358 = EDGE_CURVE ( 'NONE', #5736, #3125, #1860, .T. ) ;
#6359 = CARTESIAN_POINT ( 'NONE',  ( -0.2997145786366769982, 1.064486813177378810, 12.31249999999999822 ) ) ;
#6360 = CARTESIAN_POINT ( 'NONE',  ( 0.9218726222051464303, 0.2595604389839207271, 13.54999999999999538 ) ) ;
#6361 = CARTESIAN_POINT ( 'NONE',  ( -0.9218726222051401020, -0.2595604389839064052, 13.32499999999999574 ) ) ;
#6362 = VECTOR ( 'NONE', #759, 1000.000000000000114 ) ;
#6363 = CARTESIAN_POINT ( 'NONE',  ( 0.000000000000000000, 0.000000000000000000, -5.729735577732628649 ) ) ;
#6364 = DIRECTION ( 'NONE',  ( -0.4991391323160827009, 0.8665218558067349086, 2.891205793294678819E-16 ) ) ;
#6365 = CARTESIAN_POINT ( 'NONE',  ( 0.000000000000000000, 0.000000000000000000, 12.00000000000000000 ) ) ;
#6366 = FACE_OUTER_BOUND ( 'NONE', #7441, .T. ) ;
#6367 = CARTESIAN_POINT ( 'NONE',  ( 0.3207707779579633822, -1.139271451999712692, 8.582596189432319278 ) ) ;
#6368 = EDGE_LOOP ( 'NONE', ( #5233, #525, #6140, #3897 ) ) ;
#6369 = CARTESIAN_POINT ( 'NONE',  ( 0.6857222450800850577, -0.6685848903910640573, 8.974999999999996092 ) ) ;
#6370 = CARTESIAN_POINT ( 'NONE',  ( -1.071729911523480183, 0.2726829676047792250, 12.44374999999999787 ) ) ;
#6371 = VECTOR ( 'NONE', #6779, 1000.000000000000114 ) ;
#6372 = FACE_OUTER_BOUND ( 'NONE', #1327, .T. ) ;
#6373 = CARTESIAN_POINT ( 'NONE',  ( -11.29881526289054428, 6.318723393136520095, -5.833402939700063961 ) ) ;
#6374 = ORIENTED_EDGE ( 'NONE', *, *, #3247, .T. ) ;
#6375 = CARTESIAN_POINT ( 'NONE',  ( -11.54265529284559832, 6.937986705640229346, -3.883894448163388802 ) ) ;
#6376 = CARTESIAN_POINT ( 'NONE',  ( -0.9866380192381382086, -0.2777956425032832577, 13.28615381056767752 ) ) ;
#6377 = CARTESIAN_POINT ( 'NONE',  ( -0.7720153328868000209, -0.7918038455725919800, 12.46249999999999858 ) ) ;
#6378 = AXIS2_PLACEMENT_3D ( 'NONE', #811, #4313, #1891 ) ;
#6379 = CARTESIAN_POINT ( 'NONE',  ( -6.603612861616184659, -10.13914676754890110, 12.00000000000000000 ) ) ;
#6380 = EDGE_CURVE ( 'NONE', #4699, #6596, #1231, .T. ) ;
#6381 = ORIENTED_EDGE ( 'NONE', *, *, #7578, .F. ) ;
#6382 = LINE ( 'NONE', #5649, #2863 ) ;
#6383 = EDGE_LOOP ( 'NONE', ( #5185, #5981, #5878, #1182 ) ) ;
#6384 = DIRECTION ( 'NONE',  ( -0.4999999999999960032, 0.5000000000000041078, 0.7071067811865474617 ) ) ;
#6385 = CARTESIAN_POINT ( 'NONE',  ( 1.071729911523486622, -0.2726829676047643480, 11.76874999999999716 ) ) ;
#6386 = CARTESIAN_POINT ( 'NONE',  ( 1.071729911523487067, -0.2726829676047641815, 8.618749999999998579 ) ) ;
#6387 = DIRECTION ( 'NONE',  ( -0.2465765133176615331, -0.9691233270745808204, 0.000000000000000000 ) ) ;
#6388 = EDGE_LOOP ( 'NONE', ( #3286, #3055, #5073, #1285 ) ) ;
#6389 = EDGE_CURVE ( 'NONE', #3282, #4728, #4572, .T. ) ;
#6390 = EDGE_LOOP ( 'NONE', ( #3001, #2070, #5658, #794, #1275 ) ) ;
#6391 = DIRECTION ( 'NONE',  ( -0.000000000000000000, -0.000000000000000000, -1.000000000000000000 ) ) ;
#6392 = PLANE ( 'NONE',  #42 ) ;
#6393 = ORIENTED_EDGE ( 'NONE', *, *, #6845, .T. ) ;
#6394 = VECTOR ( 'NONE', #6738, 1000.000000000000000 ) ;
#6395 = CARTESIAN_POINT ( 'NONE',  ( -0.7338970930875373666, 0.7155557677481522161, 12.44509618943231644 ) ) ;
#6396 = CARTESIAN_POINT ( 'NONE',  ( 0.2527409261506038396, 0.9933514102514430233, 11.47009618943231679 ) ) ;
#6397 = CARTESIAN_POINT ( 'NONE',  ( 10.13914676754892596, -6.603612861616150020, 12.00000000000000000 ) ) ;
#6398 = CARTESIAN_POINT ( 'NONE',  ( -1.027259311016472498, -1.053590308655646623, 10.02968749999999609 ) ) ;
#6399 = CARTESIAN_POINT ( 'NONE',  ( -1.986336989910140261E-16, -7.722277833420962489E-15, -5.500000000000007105 ) ) ;
#6400 = DIRECTION ( 'NONE',  ( -0.5000000000000033307, -0.4999999999999973910, 0.7071067811865470176 ) ) ;
#6401 = CARTESIAN_POINT ( 'NONE',  ( 6.163900371885425500, 10.41304740207325175, 12.12185917597527407 ) ) ;
#6402 = CIRCLE ( 'NONE', #5039, 11.40000000000000036 ) ;
#6403 = ORIENTED_EDGE ( 'NONE', *, *, #5286, .F. ) ;
#6404 = CARTESIAN_POINT ( 'NONE',  ( 0.2997145786366834930, -1.064486813177363933, 9.387499999999999289 ) ) ;
#6405 = EDGE_CURVE ( 'NONE', #1685, #3268, #6775, .T. ) ;
#6406 = CARTESIAN_POINT ( 'NONE',  ( 0.9218726222051464303, 0.2595604389839206716, 14.05624999999999680 ) ) ;
#6407 = DIRECTION ( 'NONE',  ( -0.000000000000000000, -0.000000000000000000, 1.000000000000000000 ) ) ;
#6408 = CARTESIAN_POINT ( 'NONE',  ( -0.2997145786366768316, 1.064486813177379032, 10.06249999999999645 ) ) ;
#6409 = CARTESIAN_POINT ( 'NONE',  ( 0.5430329456660052401, -0.8149316417899702403, 8.061137972913000382 ) ) ;
#6410 = ORIENTED_EDGE ( 'NONE', *, *, #141, .F. ) ;
#6411 = EDGE_CURVE ( 'NONE', #1783, #7461, #4696, .T. ) ;
#6412 = AXIS2_PLACEMENT_3D ( 'NONE', #3037, #4318, #779 ) ;
#6413 = CARTESIAN_POINT ( 'NONE',  ( 0.000000000000000000, 0.000000000000000000, 12.00000000000000000 ) ) ;
#6414 = CARTESIAN_POINT ( 'NONE',  ( -0.2527409261505972338, -0.9933514102514280353, 9.311153810567676103 ) ) ;
#6415 = CIRCLE ( 'NONE', #5927, 1.250000000000000222 ) ;
#6416 = ORIENTED_EDGE ( 'NONE', *, *, #7010, .F. ) ;
#6417 = CARTESIAN_POINT ( 'NONE',  ( -0.5912326089810302499, 11.38479547291871263, -4.227753198021832581 ) ) ;
#6418 = ADVANCED_FACE ( 'NONE', ( #2868 ), #6966, .T. ) ;
#6419 = VERTEX_POINT ( 'NONE', #5230 ) ;
#6420 = CARTESIAN_POINT ( 'NONE',  ( -6.689582288391089371, -11.39398731114739860, -4.833351618762199209 ) ) ;
#6421 = CARTESIAN_POINT ( 'NONE',  ( 1.071729911523486622, -0.2726829676047643480, 12.21874999999999822 ) ) ;
#6422 = CARTESIAN_POINT ( 'NONE',  ( 0.9218726222051465413, 0.2595604389839207271, 11.80624999999999680 ) ) ;
#6423 = DIRECTION ( 'NONE',  ( -0.2597788150710222954, -0.9656681455035657224, -2.809530629711173474E-16 ) ) ;
#6424 = AXIS2_PLACEMENT_3D ( 'NONE', #210, #4329, #4869 ) ;
#6425 = CARTESIAN_POINT ( 'NONE',  ( -10.13914676754892241, 6.603612861616147356, 13.00000000000000178 ) ) ;
#6426 = EDGE_LOOP ( 'NONE', ( #4206, #376, #2079, #3692 ) ) ;
#6427 = ADVANCED_FACE ( 'NONE', ( #1643 ), #884, .F. ) ;
#6428 = AXIS2_PLACEMENT_3D ( 'NONE', #6672, #2470, #780 ) ;
#6429 = ORIENTED_EDGE ( 'NONE', *, *, #6586, .F. ) ;
#6430 = CARTESIAN_POINT ( 'NONE',  ( 13.46552500117317841, 0.2099756683956040260, -3.884459722877366961 ) ) ;
#6431 = ORIENTED_EDGE ( 'NONE', *, *, #5157, .F. ) ;
#6432 = EDGE_CURVE ( 'NONE', #7474, #30, #7161, .T. ) ;
#6433 = CYLINDRICAL_SURFACE ( 'NONE', #1562, 5.999999999999999112 ) ;
#6434 = ADVANCED_FACE ( 'NONE', ( #4614 ), #6199, .T. ) ;
#6435 = CARTESIAN_POINT ( 'NONE',  ( -4.349212160543565631, -4.618912597417283550, -6.000000000000009770 ) ) ;
#6436 = CARTESIAN_POINT ( 'NONE',  ( -1.147023408217118456, 0.2918400834965766411, 13.38259618943231821 ) ) ;
#6437 = CARTESIAN_POINT ( 'NONE',  ( 11.38479547291871974, 0.5912326089811404950, -4.227753198021835246 ) ) ;
#6438 = EDGE_CURVE ( 'NONE', #4994, #6231, #489, .T. ) ;
#6439 = CARTESIAN_POINT ( 'NONE',  ( 1.226662469500802821, 0.3453764016845636275, 8.867187499999996447 ) ) ;
#6440 = AXIS2_PLACEMENT_3D ( 'NONE', #5854, #4172, #5273 ) ;
#6441 = EDGE_CURVE ( 'NONE', #616, #4788, #6735, .T. ) ;
#6442 = LINE ( 'NONE', #43, #754 ) ;
#6443 = CARTESIAN_POINT ( 'NONE',  ( -2.454303994262525990, -4.922031278217061434, -3.000000000000009770 ) ) ;
#6444 = CARTESIAN_POINT ( 'NONE',  ( 5.076717686546378339, -0.5288561568807845781, -2.923194615647154215 ) ) ;
#6445 = CARTESIAN_POINT ( 'NONE',  ( 7.859052248806893459, -1.495091218127946320, 12.00000000000000000 ) ) ;
#6446 = ORIENTED_EDGE ( 'NONE', *, *, #2164, .T. ) ;
#6447 = CARTESIAN_POINT ( 'NONE',  ( 0.2361503771250648975, 0.9281453293749931666, 8.674999999999997158 ) ) ;
#6448 = CIRCLE ( 'NONE', #5086, 11.00000000000000000 ) ;
#6449 = DIRECTION ( 'NONE',  ( 2.565753199199158405E-18, 2.902514036010829075E-16, -1.000000000000000000 ) ) ;
#6450 = FACE_BOUND ( 'NONE', #1569, .T. ) ;
#6451 = ORIENTED_EDGE ( 'NONE', *, *, #5121, .F. ) ;
#6452 = CARTESIAN_POINT ( 'NONE',  ( -11.19348831161479474, 7.671197568849899895, -3.500000000000005773 ) ) ;
#6453 = CARTESIAN_POINT ( 'NONE',  ( 0.2527409261506039506, 0.9933514102514432453, 10.43615381056767610 ) ) ;
#6454 = CIRCLE ( 'NONE', #5348, 1.352549999999998365 ) ;
#6455 = EDGE_CURVE ( 'NONE', #5883, #5275, #5561, .T. ) ;
#6456 = EDGE_CURVE ( 'NONE', #3204, #3481, #1068, .T. ) ;
#6457 = ORIENTED_EDGE ( 'NONE', *, *, #6657, .T. ) ;
#6458 = AXIS2_PLACEMENT_3D ( 'NONE', #1254, #655, #4843 ) ;
#6459 = CARTESIAN_POINT ( 'NONE',  ( -1.356408160891763970, 11.31973925390764890, -3.523188519257428819 ) ) ;
#6460 = ORIENTED_EDGE ( 'NONE', *, *, #1858, .F. ) ;
#6461 = CARTESIAN_POINT ( 'NONE',  ( -7.859052248806893459, -1.495091218127947430, 16.00000000000000000 ) ) ;
#6462 = CARTESIAN_POINT ( 'NONE',  ( -1.071729911523479739, 0.2726829676047793360, 8.337500000000000355 ) ) ;
#6463 = CARTESIAN_POINT ( 'NONE',  ( -0.6857222450800786184, 0.6685848903910791563, 12.40624999999999645 ) ) ;
#6464 = DIRECTION ( 'NONE',  ( 2.565753199199158405E-18, 2.902514036010829075E-16, -1.000000000000000000 ) ) ;
#6465 = DIRECTION ( 'NONE',  ( -0.000000000000000000, -0.000000000000000000, -1.000000000000000000 ) ) ;
#6466 = EDGE_LOOP ( 'NONE', ( #6702 ) ) ;
#6467 = CARTESIAN_POINT ( 'NONE',  ( 7.859052248806893459, 1.495091218127947430, 12.00000000000000000 ) ) ;
#6468 = ORIENTED_EDGE ( 'NONE', *, *, #963, .T. ) ;
#6469 = FACE_OUTER_BOUND ( 'NONE', #2218, .T. ) ;
#6470 = EDGE_CURVE ( 'NONE', #5475, #329, #1009, .T. ) ;
#6471 = CARTESIAN_POINT ( 'NONE',  ( 1.226662469500802599, 0.3453764016845636275, 11.08906249999999893 ) ) ;
#6472 = ORIENTED_EDGE ( 'NONE', *, *, #751, .F. ) ;
#6473 = CARTESIAN_POINT ( 'NONE',  ( -2.063309585886114755E-16, -8.593032044224210867E-15, -2.500000000000008438 ) ) ;
#6474 = VERTEX_POINT ( 'NONE', #6509 ) ;
#6475 = CARTESIAN_POINT ( 'NONE',  ( -0.9866380192381382086, -0.2777956425032831467, 11.62009618943231715 ) ) ;
#6476 = CARTESIAN_POINT ( 'NONE',  ( 11.37341638859650672, 0.7845673061111454460, -3.870146775263018757 ) ) ;
#6477 = CARTESIAN_POINT ( 'NONE',  ( 0.9124359724768874580, -0.8896326596143604437, 10.59218749999999609 ) ) ;
#6478 = CARTESIAN_POINT ( 'NONE',  ( 4.605735531137175265, 3.006193642668492316, -6.000000000000007105 ) ) ;
#6479 = CARTESIAN_POINT ( 'NONE',  ( 9.059163932423629717, -6.061480746935928643, -3.000000000000042633 ) ) ;
#6480 = CARTESIAN_POINT ( 'NONE',  ( 10.43465397290603214, -6.899120066973257082, 15.69999999999699725 ) ) ;
#6481 = DIRECTION ( 'NONE',  ( -2.565753199199158405E-18, -2.902514036010829075E-16, 1.000000000000000000 ) ) ;
#6482 = ORIENTED_EDGE ( 'NONE', *, *, #5816, .T. ) ;
#6483 = VECTOR ( 'NONE', #6694, 1000.000000000000114 ) ;
#6484 = CARTESIAN_POINT ( 'NONE',  ( 1.344592411230097762, 4.557079067350044532, -2.661327133959424884 ) ) ;
#6485 = ORIENTED_EDGE ( 'NONE', *, *, #259, .T. ) ;
#6486 = LINE ( 'NONE', #1202, #2462 ) ;
#6487 = CARTESIAN_POINT ( 'NONE',  ( 0.7338970930875436949, -0.7155557677481375611, 10.73615381056767681 ) ) ;
#6488 = ORIENTED_EDGE ( 'NONE', *, *, #5829, .T. ) ;
#6489 = AXIS2_PLACEMENT_3D ( 'NONE', #3045, #4287, #4982 ) ;
#6490 = CIRCLE ( 'NONE', #5266, 5.499999999999999112 ) ;
#6491 = CONICAL_SURFACE ( 'NONE', #7486, 2.000000000000000000, 0.7853981633974396193 ) ;
#6492 = EDGE_CURVE ( 'NONE', #7017, #7017, #2598, .T. ) ;
#6493 = CARTESIAN_POINT ( 'NONE',  ( 0.000000000000000000, 0.000000000000000000, 16.00000000000000000 ) ) ;
#6494 = ORIENTED_EDGE ( 'NONE', *, *, #5084, .F. ) ;
#6495 = LINE ( 'NONE', #677, #7226 ) ;
#6496 = DIRECTION ( 'NONE',  ( 0.9656681455035655004, -0.2597788150710230726, -7.292349956650012203E-17 ) ) ;
#6497 = CIRCLE ( 'NONE', #5391, 1.250000000000000222 ) ;
#6498 = CARTESIAN_POINT ( 'NONE',  ( -0.9218726222051398800, -0.2595604389839062942, 10.68124999999999858 ) ) ;
#6499 = B_SPLINE_CURVE_WITH_KNOTS ( 'NONE', 3,
 ( #4592, #6248, #6867, #6944 ),
 .UNSPECIFIED., .F., .F.,
 ( 4, 4 ),
 ( 0.0003202496336566720446, 0.003199985460098045409 ),
 .UNSPECIFIED. ) ;
#6500 = CARTESIAN_POINT ( 'NONE',  ( 4.922031278217045447, -2.454303994262551303, -3.000000000000008882 ) ) ;
#6501 = DIRECTION ( 'NONE',  ( 1.000000000000000000, 0.000000000000000000, 0.000000000000000000 ) ) ;
#6502 = ORIENTED_EDGE ( 'NONE', *, *, #3470, .T. ) ;
#6503 = VERTEX_POINT ( 'NONE', #7321 ) ;
#6504 = CARTESIAN_POINT ( 'NONE',  ( 0.9807050522707525531, 0.2980647588199923370, 8.112500000000105516 ) ) ;
#6505 = CARTESIAN_POINT ( 'NONE',  ( 1.226662469500802599, 0.3453764016845636275, 10.18906249999999858 ) ) ;
#6506 = VERTEX_POINT ( 'NONE', #2831 ) ;
#6507 = EDGE_CURVE ( 'NONE', #4097, #2743, #3789, .T. ) ;
#6508 = CARTESIAN_POINT ( 'NONE',  ( -10.74914874979071655, 3.401171659030431282, -2.835605357442521512 ) ) ;
#6509 = CARTESIAN_POINT ( 'NONE',  ( -0.5195576301420449239, -1.931336291007133221, -25.79999999999999716 ) ) ;
#6510 = CARTESIAN_POINT ( 'NONE',  ( -0.3207707779579568319, 1.139271451999727347, 12.85759618943231608 ) ) ;
#6511 = DIRECTION ( 'NONE',  ( -2.565753199199158405E-18, -2.902514036010829075E-16, 1.000000000000000000 ) ) ;
#6512 = CYLINDRICAL_SURFACE ( 'NONE', #6039, 1.249999999999988232 ) ;
#6513 = LINE ( 'NONE', #4741, #5254 ) ;
#6514 = CARTESIAN_POINT ( 'NONE',  ( 0.7022676317702422066, 0.7466225106189143812, 13.99999999999999822 ) ) ;
#6515 = CARTESIAN_POINT ( 'NONE',  ( 4.662485793788528454, -1.016410559504806077, -2.686249938782344859 ) ) ;
#6516 = DIRECTION ( 'NONE',  ( -0.2597788150710325095, -0.9656681455035629469, -2.809530629711165092E-16 ) ) ;
#6517 = ORIENTED_EDGE ( 'NONE', *, *, #5556, .F. ) ;
#6518 = EDGE_CURVE ( 'NONE', #707, #1674, #5323, .T. ) ;
#6519 = EDGE_CURVE ( 'NONE', #4045, #4657, #5689, .T. ) ;
#6520 = DIRECTION ( 'NONE',  ( 0.000000000000000000, 0.000000000000000000, 1.000000000000000000 ) ) ;
#6521 = EDGE_LOOP ( 'NONE', ( #6648, #1908 ) ) ;
#6522 = CARTESIAN_POINT ( 'NONE',  ( -11.26943767208658898, 7.560375461729649693, -3.500000000000005773 ) ) ;
#6523 = AXIS2_PLACEMENT_3D ( 'NONE', #2698, #860, #4473 ) ;
#6524 = EDGE_CURVE ( 'NONE', #4994, #3700, #5195, .T. ) ;
#6525 = CARTESIAN_POINT ( 'NONE',  ( 0.2527409261506038951, 0.9933514102514432453, 11.33615381056767646 ) ) ;
#6526 = ORIENTED_EDGE ( 'NONE', *, *, #7297, .F. ) ;
#6527 = EDGE_CURVE ( 'NONE', #3931, #6655, #1869, .T. ) ;
#6528 = AXIS2_PLACEMENT_3D ( 'NONE', #6095, #317, #356 ) ;
#6529 = CARTESIAN_POINT ( 'NONE',  ( -0.3988063169686432707, 1.416427813942202185, 13.92968749999999467 ) ) ;
#6530 = VERTEX_POINT ( 'NONE', #3048 ) ;
#6531 = CARTESIAN_POINT ( 'NONE',  ( -6.307474895378915924, -1.927630785229587307, -3.000000000000008882 ) ) ;
#6532 = CARTESIAN_POINT ( 'NONE',  ( 0.9218726222051464303, 0.2595604389839207271, 13.60624999999999751 ) ) ;
#6533 = CARTESIAN_POINT ( 'NONE',  ( -0.7720153328867996878, -0.7918038455725918690, 10.26874999999999893 ) ) ;
#6534 = CARTESIAN_POINT ( 'NONE',  ( 4.099354967275209205, -6.280548451550722611, -5.500000000000015987 ) ) ;
#6535 = DIRECTION ( 'NONE',  ( -0.000000000000000000, -0.000000000000000000, -1.000000000000000000 ) ) ;
#6536 = PLANE ( 'NONE',  #4459 ) ;
#6537 = ORIENTED_EDGE ( 'NONE', *, *, #5777, .T. ) ;
#6538 = ORIENTED_EDGE ( 'NONE', *, *, #1421, .T. ) ;
#6539 = AXIS2_PLACEMENT_3D ( 'NONE', #4505, #3804, #1010 ) ;
#6540 = DIRECTION ( 'NONE',  ( 0.4991391323160933591, -0.8665218558067288024, -2.168404344971009115E-16 ) ) ;
#6541 = CARTESIAN_POINT ( 'NONE',  ( 0.3142264970239179167, 1.235009061298932176, 11.16406249999999822 ) ) ;
#6542 = VERTEX_POINT ( 'NONE', #2445 ) ;
#6543 = CARTESIAN_POINT ( 'NONE',  ( -10.94131217443758963, 2.162672587523426948, -2.935745563025905724 ) ) ;
#6544 = PERSON_AND_ORGANIZATION_ROLE ( 'creator' ) ;
#6545 = CARTESIAN_POINT ( 'NONE',  ( 0.7338970930875433618, -0.7155557677481375611, 13.57009618943231644 ) ) ;
#6546 = ORIENTED_EDGE ( 'NONE', *, *, #3281, .F. ) ;
#6547 = EDGE_CURVE ( 'NONE', #511, #6340, #3715, .T. ) ;
#6548 = CARTESIAN_POINT ( 'NONE',  ( -2.063309585886114755E-16, -8.593032044224210867E-15, -2.500000000000008438 ) ) ;
#6549 = CARTESIAN_POINT ( 'NONE',  ( 5.794008873021389228, -1.558672890426154201, -6.000000000000008882 ) ) ;
#6550 = DIRECTION ( 'NONE',  ( 2.565753199199158405E-18, 2.902514036010829075E-16, -1.000000000000000000 ) ) ;
#6551 = DIRECTION ( 'NONE',  ( -0.000000000000000000, -0.000000000000000000, -1.000000000000000000 ) ) ;
#6552 = B_SPLINE_CURVE_WITH_KNOTS ( 'NONE', 3,
 ( #7124, #5320, #2378, #6543, #2415, #1252, #67, #687, #3021, #1807, #654, #4145, #6508, #5354, #5387, #5896, #2991, #1220 ),
 .UNSPECIFIED., .F., .F.,
 ( 4, 2, 2, 2, 2, 2, 2, 2, 4 ),
 ( 0.0008681117967675790756, 0.001180060587692432616, 0.001492009378617286048, 0.001803958169542139479, 0.002115906960466993128, 0.002427855751391846343, 0.002739804542316699992, 0.003051753333241553207, 0.003363702124166406855 ),
 .UNSPECIFIED. ) ;
#6553 = DIRECTION ( 'NONE',  ( 0.000000000000000000, 0.000000000000000000, 1.000000000000000000 ) ) ;
#6554 = VERTEX_POINT ( 'NONE', #3012 ) ;
#6555 = CARTESIAN_POINT ( 'NONE',  ( -1.071729911523479961, 0.2726829676047792805, 9.687499999999996447 ) ) ;
#6556 = CARTESIAN_POINT ( 'NONE',  ( 5.715364357624481251, 10.66511182593017715, 12.00000000000000000 ) ) ;
#6557 = LINE ( 'NONE', #1341, #3073 ) ;
#6558 = CARTESIAN_POINT ( 'NONE',  ( 0.8262526302591651772, 0.8474313685031581445, 9.498653810567677880 ) ) ;
#6559 = DIRECTION ( 'NONE',  ( 0.9804261166812019423, 0.1968873528935216055, 0.000000000000000000 ) ) ;
#6560 = ORIENTED_EDGE ( 'NONE', *, *, #7578, .T. ) ;
#6561 = VERTEX_POINT ( 'NONE', #645 ) ;
#6562 = EDGE_CURVE ( 'NONE', #5145, #1648, #2978, .T. ) ;
#6563 = CARTESIAN_POINT ( 'NONE',  ( -1.624517322911191775, 11.28365824843881349, -3.500000000000004885 ) ) ;
#6564 = ORIENTED_EDGE ( 'NONE', *, *, #2414, .F. ) ;
#6565 = DIRECTION ( 'NONE',  ( 1.000000000000000000, 0.000000000000000000, 0.000000000000000000 ) ) ;
#6566 = CARTESIAN_POINT ( 'NONE',  ( -0.6857222450800786184, 0.6685848903910790453, 13.75624999999999787 ) ) ;
#6567 = CIRCLE ( 'NONE', #5464, 5.499999999999994671 ) ;
#6568 = CARTESIAN_POINT ( 'NONE',  ( -0.2997145786366769427, 1.064486813177378810, 11.91874999999999751 ) ) ;
#6569 = CARTESIAN_POINT ( 'NONE',  ( 6.198289006635946841, 9.567717250745644719, -4.363160845036040847 ) ) ;
#6570 = DIRECTION ( 'NONE',  ( 0.4991391323160826454, -0.8665218558067350196, -2.662952704350361526E-16 ) ) ;
#6571 = DIRECTION ( 'NONE',  ( 0.2597788150710259591, 0.9656681455035646122, 0.000000000000000000 ) ) ;
#6572 = EDGE_LOOP ( 'NONE', ( #3198, #2226, #2562, #146, #6374 ) ) ;
#6573 = AXIS2_PLACEMENT_3D ( 'NONE', #1087, #3413, #5359 ) ;
#6574 = ORIENTED_EDGE ( 'NONE', *, *, #7449, .F. ) ;
#6575 = CARTESIAN_POINT ( 'NONE',  ( -2.848092819564313594, -10.98988223235500605, -2.712780562198325196 ) ) ;
#6576 = CARTESIAN_POINT ( 'NONE',  ( 1.226662469500802599, 0.3453764016845635165, 11.98906249999999751 ) ) ;
#6577 = APPLICATION_PROTOCOL_DEFINITION ( 'international standard', 'config_control_design', 1994, #4576 ) ;
#6578 = DIRECTION ( 'NONE',  ( -0.2597788150710331756, -0.9656681455035626138, -2.809530629711164106E-16 ) ) ;
#6579 = CONICAL_SURFACE ( 'NONE', #3603, 5.999999999999999112, 0.7853981633974526089 ) ;
#6580 = EDGE_LOOP ( 'NONE', ( #136, #4731, #6451, #5692, #3866, #2178 ) ) ;
#6581 = CYLINDRICAL_SURFACE ( 'NONE', #6976, 1.499999999999999778 ) ;
#6582 = CARTESIAN_POINT ( 'NONE',  ( 11.14277773728795928, -7.607243831355181563, 13.00000000000000178 ) ) ;
#6583 = FACE_OUTER_BOUND ( 'NONE', #5500, .T. ) ;
#6584 = CARTESIAN_POINT ( 'NONE',  ( 7.859052248806893459, -1.495091218127946320, 12.00000000000000000 ) ) ;
#6585 = DIRECTION ( 'NONE',  ( 1.000000000000000000, 0.000000000000000000, 0.000000000000000000 ) ) ;
#6586 = EDGE_CURVE ( 'NONE', #205, #6655, #1717, .T. ) ;
#6587 = ORIENTED_EDGE ( 'NONE', *, *, #4426, .F. ) ;
#6588 = CARTESIAN_POINT ( 'NONE',  ( 0.7720153328868067932, 0.7918038455726068570, 10.94374999999999787 ) ) ;
#6589 =( BOUNDED_CURVE ( )  B_SPLINE_CURVE ( 3, ( #6792, #937, #6373, #1094 ),
 .UNSPECIFIED., .F., .T. ) 
 B_SPLINE_CURVE_WITH_KNOTS ( ( 4, 4 ),
 ( 1.570171579932872596, 1.608548252332376416 ),
 .UNSPECIFIED. ) 
 CURVE ( )  GEOMETRIC_REPRESENTATION_ITEM ( )  RATIONAL_B_SPLINE_CURVE ( ( 1.000000000000000000, 0.9998772730169580569, 0.9998772730169580569, 1.000000000000000000 ) ) 
 REPRESENTATION_ITEM ( '' )  );
#6590 = CARTESIAN_POINT ( 'NONE',  ( -0.7720153328867999099, -0.7918038455725918690, 10.66249999999999787 ) ) ;
#6591 = CARTESIAN_POINT ( 'NONE',  ( -0.2997145786366768316, 1.064486813177378810, 10.51249999999999929 ) ) ;
#6592 = CARTESIAN_POINT ( 'NONE',  ( 1.109087266652858585E-15, -2.251806287142003561E-15, 8.000000000000000000 ) ) ;
#6593 = FACE_OUTER_BOUND ( 'NONE', #3689, .T. ) ;
#6594 = EDGE_CURVE ( 'NONE', #1827, #1764, #5935, .T. ) ;
#6595 = FACE_OUTER_BOUND ( 'NONE', #1272, .T. ) ;
#6596 = VERTEX_POINT ( 'NONE', #2404 ) ;
#6597 = VECTOR ( 'NONE', #2426, 1000.000000000000000 ) ;
#6598 = VECTOR ( 'NONE', #1684, 1000.000000000000114 ) ;
#6599 = ORIENTED_EDGE ( 'NONE', *, *, #115, .T. ) ;
#6600 = FACE_OUTER_BOUND ( 'NONE', #6997, .T. ) ;
#6601 = ORIENTED_EDGE ( 'NONE', *, *, #1379, .F. ) ;
#6602 = CARTESIAN_POINT ( 'NONE',  ( -4.543204428441338649, 1.458591352601151581, -2.685840864400010464 ) ) ;
#6603 = CARTESIAN_POINT ( 'NONE',  ( 1.071729911523487067, -0.2726829676047641815, 8.112499999999997158 ) ) ;
#6604 = CARTESIAN_POINT ( 'NONE',  ( -0.6857222450800787295, 0.6685848903910789343, 14.20624999999999716 ) ) ;
#6605 = DIRECTION ( 'NONE',  ( -0.9656681455035655004, 0.2597788150710230726, 7.292349956650012203E-17 ) ) ;
#6606 = AXIS2_PLACEMENT_3D ( 'NONE', #5568, #2061, #7306 ) ;
#6607 = DIRECTION ( 'NONE',  ( -0.2465765133176547885, -0.9691233270745825967, 0.000000000000000000 ) ) ;
#6608 = EDGE_CURVE ( 'NONE', #1436, #4023, #5062, .T. ) ;
#6609 = ORIENTED_EDGE ( 'NONE', *, *, #5872, .T. ) ;
#6610 = DIRECTION ( 'NONE',  ( 1.000000000000000000, 2.710505431213761085E-15, 0.000000000000000000 ) ) ;
#6611 = MANIFOLD_SOLID_BREP ( 'DeleteFace9', #2341 ) ;
#6612 = CIRCLE ( 'NONE', #6990, 1.999999999999992673 ) ;
#6613 = ORIENTED_EDGE ( 'NONE', *, *, #3647, .F. ) ;
#6614 = CARTESIAN_POINT ( 'NONE',  ( 2.407412430484044816E-32, 2.407412430484044816E-32, 2.800000000000001155 ) ) ;
#6615 = CARTESIAN_POINT ( 'NONE',  ( -0.3988063169686429377, 1.416427813942202185, 9.879687499999997513 ) ) ;
#6616 = EDGE_CURVE ( 'NONE', #5643, #3659, #2845, .T. ) ;
#6617 = CARTESIAN_POINT ( 'NONE',  ( -1.426065627985118933, 0.3628375052865480677, 11.27656250000000071 ) ) ;
#6618 = EDGE_CURVE ( 'NONE', #2651, #78, #5560, .T. ) ;
#6619 = DIRECTION ( 'NONE',  ( 0.000000000000000000, 0.000000000000000000, -1.000000000000000000 ) ) ;
#6620 = PERSON_AND_ORGANIZATION_ROLE ( 'classification_officer' ) ;
#6621 = CARTESIAN_POINT ( 'NONE',  ( 2.909304780501111853, 6.444838686433771002, 15.70000000000000284 ) ) ;
#6622 = EDGE_LOOP ( 'NONE', ( #6482 ) ) ;
#6623 = DIRECTION ( 'NONE',  ( 0.000000000000000000, 0.000000000000000000, 1.000000000000000000 ) ) ;
#6624 = CYLINDRICAL_SURFACE ( 'NONE', #5554, 0.9999999999999998890 ) ;
#6625 = LINE ( 'NONE', #4151, #6597 ) ;
#6626 = PLANE ( 'NONE',  #2505 ) ;
#6627 = CARTESIAN_POINT ( 'NONE',  ( 11.38616895624280367, 0.5613880118889718052, -2.635765852298995515 ) ) ;
#6628 = ORIENTED_EDGE ( 'NONE', *, *, #7011, .T. ) ;
#6629 = CARTESIAN_POINT ( 'NONE',  ( 0.9218726222051467634, 0.2595604389839208381, 10.45624999999999893 ) ) ;
#6630 = CARTESIAN_POINT ( 'NONE',  ( 0.9218726222051468744, 0.2595604389839208381, 9.949999999999997513 ) ) ;
#6631 = CARTESIAN_POINT ( 'NONE',  ( -0.9218726222051401020, -0.2595604389839064052, 12.87499999999999822 ) ) ;
#6632 = CARTESIAN_POINT ( 'NONE',  ( 0.9218726222051467634, 0.2595604389839207826, 10.84999999999999609 ) ) ;
#6633 = LINE ( 'NONE', #1305, #4935 ) ;
#6634 = DIRECTION ( 'NONE',  ( 0.4991391323160827009, -0.8665218558067349086, 0.000000000000000000 ) ) ;
#6635 = CARTESIAN_POINT ( 'NONE',  ( 6.665514295773669495, 11.30452007036986828, -5.166685368250076849 ) ) ;
#6636 = VECTOR ( 'NONE', #4073, 1000.000000000000000 ) ;
#6637 = VERTEX_POINT ( 'NONE', #6500 ) ;
#6638 = CARTESIAN_POINT ( 'NONE',  ( -0.6857222450800786184, 0.6685848903910791563, 11.95624999999999716 ) ) ;
#6639 = EDGE_CURVE ( 'NONE', #3241, #4885, #609, .T. ) ;
#6640 = CARTESIAN_POINT ( 'NONE',  ( 10.13914676754892596, -6.603612861616147356, 12.86565858412739338 ) ) ;
#6641 = ORIENTED_EDGE ( 'NONE', *, *, #5726, .T. ) ;
#6642 = CARTESIAN_POINT ( 'NONE',  ( -11.38616895624280012, -0.5613880118889900128, -2.500000000000007550 ) ) ;
#6643 = CARTESIAN_POINT ( 'NONE',  ( -0.6857222450800781743, 0.6685848903910791563, 8.749999999999998224 ) ) ;
#6644 = CARTESIAN_POINT ( 'NONE',  ( 0.2997145786366831044, -1.064486813177364155, 13.49374999999999858 ) ) ;
#6645 = CARTESIAN_POINT ( 'NONE',  ( -1.558672890426126445, -5.794008873021402550, -3.000000000000009770 ) ) ;
#6646 = FACE_OUTER_BOUND ( 'NONE', #800, .T. ) ;
#6647 = ORIENTED_EDGE ( 'NONE', *, *, #5631, .F. ) ;
#6648 = ORIENTED_EDGE ( 'NONE', *, *, #148, .T. ) ;
#6649 = DIRECTION ( 'NONE',  ( 0.7071067811865491270, 0.7071067811865459074, 0.000000000000000000 ) ) ;
#6650 = CARTESIAN_POINT ( 'NONE',  ( -1.027259311016472276, -1.053590308655646179, 9.129687499999997513 ) ) ;
#6651 = CARTESIAN_POINT ( 'NONE',  ( 0.3988063169686490994, -1.416427813942187308, 12.32656249999999964 ) ) ;
#6652 = AXIS2_PLACEMENT_3D ( 'NONE', #1784, #517, #4122 ) ;
#6653 = CALENDAR_DATE ( 2026, 4, 2 ) ;
#6654 = DIRECTION ( 'NONE',  ( 0.4999999999999972244, -0.5000000000000034417, 0.7071067811865470176 ) ) ;
#6655 = VERTEX_POINT ( 'NONE', #95 ) ;
#6656 = AXIS2_PLACEMENT_3D ( 'NONE', #1576, #5089, #5594 ) ;
#6657 = EDGE_CURVE ( 'NONE', #6061, #1799, #4794, .T. ) ;
#6658 = VERTEX_POINT ( 'NONE', #7147 ) ;
#6659 = FACE_OUTER_BOUND ( 'NONE', #5600, .T. ) ;
#6660 = EDGE_LOOP ( 'NONE', ( #927, #10, #6601, #6517 ) ) ;
#6661 = DIRECTION ( 'NONE',  ( -0.7071067811865383579, 0.7071067811865566766, 0.000000000000000000 ) ) ;
#6662 = CARTESIAN_POINT ( 'NONE',  ( -11.37845085541351331, -0.7028371710806945449, -3.981286105533865971 ) ) ;
#6663 = DIRECTION ( 'NONE',  ( 1.000000000000000000, 1.734723475976807094E-15, 0.000000000000000000 ) ) ;
#6664 = VECTOR ( 'NONE', #790, 1000.000000000000227 ) ;
#6665 = CARTESIAN_POINT ( 'NONE',  ( 11.00737001768231593, 0.6632904510111509166, -3.000000000000011990 ) ) ;
#6666 = ORIENTED_EDGE ( 'NONE', *, *, #1147, .F. ) ;
#6667 = FACE_OUTER_BOUND ( 'NONE', #6521, .T. ) ;
#6668 = CARTESIAN_POINT ( 'NONE',  ( -0.7720153328867996878, -0.7918038455725918690, 10.21249999999999858 ) ) ;
#6669 = CARTESIAN_POINT ( 'NONE',  ( -0.9218726222051399910, -0.2595604389839062942, 12.42499999999999716 ) ) ;
#6670 = CARTESIAN_POINT ( 'NONE',  ( -1.071729911523479961, 0.2726829676047792805, 10.13749999999999929 ) ) ;
#6671 = DIRECTION ( 'NONE',  ( 1.174496421065116255E-16, 1.077574633362513426E-16, -1.000000000000000000 ) ) ;
#6672 = CARTESIAN_POINT ( 'NONE',  ( -2.037652053894123175E-16, -8.302780640623127022E-15, -3.500000000000008438 ) ) ;
#6673 = FACE_OUTER_BOUND ( 'NONE', #3428, .T. ) ;
#6674 = DIRECTION ( 'NONE',  ( -0.2597788150710222954, -0.9656681455035657224, -2.809530629711173474E-16 ) ) ;
#6675 = CARTESIAN_POINT ( 'NONE',  ( -0.5613880118888628923, 11.38616895624280012, -2.500000000000004885 ) ) ;
#6676 = CONICAL_SURFACE ( 'NONE', #41, 1.999999999999999556, 0.7853981633974469467 ) ;
#6677 = ORIENTED_EDGE ( 'NONE', *, *, #6038, .F. ) ;
#6678 = CARTESIAN_POINT ( 'NONE',  ( -11.38616895624280367, -0.5613880118889885695, -2.635765852298996847 ) ) ;
#6679 = CARTESIAN_POINT ( 'NONE',  ( -0.9218726222051401020, -0.2595604389839064052, 12.93124999999999858 ) ) ;
#6680 = EDGE_CURVE ( 'NONE', #40, #5493, #1867, .T. ) ;
#6681 = VECTOR ( 'NONE', #5076, 1000.000000000000114 ) ;
#6682 = DIRECTION ( 'NONE',  ( 0.3183048721269174375, -0.6314127084405789514, 0.7071067811865470176 ) ) ;
#6683 = FACE_OUTER_BOUND ( 'NONE', #7465, .T. ) ;
#6684 = CARTESIAN_POINT ( 'NONE',  ( -2.909304780501067000, -6.444838686433791430, -5.729735577732628649 ) ) ;
#6685 = ORIENTED_EDGE ( 'NONE', *, *, #1868, .T. ) ;
#6686 = AXIS2_PLACEMENT_3D ( 'NONE', #5259, #598, #1704 ) ;
#6687 = ORIENTED_EDGE ( 'NONE', *, *, #6547, .F. ) ;
#6688 = CARTESIAN_POINT ( 'NONE',  ( 3.376133003484901529, -6.697143117985468130, -3.000000000000009770 ) ) ;
#6689 = CARTESIAN_POINT ( 'NONE',  ( 0.3142264970239177502, 1.235009061298932176, 12.99218749999999467 ) ) ;
#6690 = CARTESIAN_POINT ( 'NONE',  ( 1.226662469500802377, 0.3453764016845634610, 14.23906249999999751 ) ) ;
#6691 = DIRECTION ( 'NONE',  ( -2.565753199199158405E-18, -2.902514036010829075E-16, 1.000000000000000000 ) ) ;
#6692 = ORIENTED_EDGE ( 'NONE', *, *, #2815, .T. ) ;
#6693 = ORIENTED_EDGE ( 'NONE', *, *, #5140, .F. ) ;
#6694 = DIRECTION ( 'NONE',  ( -0.1321486423538381361, 0.6946486423538418276, 0.7071067811865486830 ) ) ;
#6695 = SECURITY_CLASSIFICATION ( '', '', #5389 ) ;
#6696 = CARTESIAN_POINT ( 'NONE',  ( -3.121436814857029507, -6.232706652077828480, 16.00000000000000000 ) ) ;
#6697 = EDGE_LOOP ( 'NONE', ( #1727 ) ) ;
#6698 = DIRECTION ( 'NONE',  ( -0.6314127084405801726, -0.3183048721269213233, 0.7071067811865440200 ) ) ;
#6699 = CARTESIAN_POINT ( 'NONE',  ( 0.2997145786366835485, -1.064486813177363933, 8.543749999999997513 ) ) ;
#6700 = DIRECTION ( 'NONE',  ( 2.565753199199158405E-18, 2.902514036010829075E-16, -1.000000000000000000 ) ) ;
#6701 = CARTESIAN_POINT ( 'NONE',  ( 4.349212160543565631, 4.618912597417269339, -6.000000000000006217 ) ) ;
#6702 = ORIENTED_EDGE ( 'NONE', *, *, #4113, .T. ) ;
#6703 = LINE ( 'NONE', #1967, #814 ) ;
#6704 =( BOUNDED_CURVE ( )  B_SPLINE_CURVE ( 3, ( #5177, #3851, #2702, #2777 ),
 .UNSPECIFIED., .F., .F. ) 
 B_SPLINE_CURVE_WITH_KNOTS ( ( 4, 4 ),
 ( 4.511613712429118017, 4.534459975151712285 ),
 .UNSPECIFIED. ) 
 CURVE ( )  GEOMETRIC_REPRESENTATION_ITEM ( )  RATIONAL_B_SPLINE_CURVE ( ( 1.000000000000000000, 0.9999565044962738236, 0.9999565044962738236, 1.000000000000000000 ) ) 
 REPRESENTATION_ITEM ( '' )  );
#6705 = CARTESIAN_POINT ( 'NONE',  ( -1.071729911523480183, 0.2726829676047791695, 12.38749999999999574 ) ) ;
#6706 = CARTESIAN_POINT ( 'NONE',  ( -0.9218726222051398800, -0.2595604389839062942, 10.62499999999999645 ) ) ;
#6707 = CARTESIAN_POINT ( 'NONE',  ( 0.000000000000000000, 0.000000000000000000, 0.000000000000000000 ) ) ;
#6708 = FACE_BOUND ( 'NONE', #491, .T. ) ;
#6709 = DIRECTION ( 'NONE',  ( 2.565753199199158405E-18, 2.902514036010829075E-16, -1.000000000000000000 ) ) ;
#6710 = DIRECTION ( 'NONE',  ( -0.9656681455035657224, 0.2597788150710222954, 7.292349956649987551E-17 ) ) ;
#6711 = DIRECTION ( 'NONE',  ( -1.000000000000000000, 0.000000000000000000, 0.000000000000000000 ) ) ;
#6712 = CARTESIAN_POINT ( 'NONE',  ( -0.7720153328868000209, -0.7918038455725919800, 12.06874999999999787 ) ) ;
#6713 = FACE_OUTER_BOUND ( 'NONE', #6107, .T. ) ;
#6714 = ORIENTED_EDGE ( 'NONE', *, *, #4663, .T. ) ;
#6715 = CARTESIAN_POINT ( 'NONE',  ( -11.13757515829075473, -0.6282633691912765661, -2.949281131751066987 ) ) ;
#6716 = CYLINDRICAL_SURFACE ( 'NONE', #3691, 11.40000000000000036 ) ;
#6717 = CARTESIAN_POINT ( 'NONE',  ( -1.121318413595980390, -5.894289186605166542, 15.70000000000000284 ) ) ;
#6718 = CARTESIAN_POINT ( 'NONE',  ( -13.30184410068341805, -0.04604345858565485339, -4.500000000000007994 ) ) ;
#6719 = ORIENTED_EDGE ( 'NONE', *, *, #7022, .T. ) ;
#6720 = EDGE_CURVE ( 'NONE', #4885, #2153, #5435, .T. ) ;
#6721 = EDGE_LOOP ( 'NONE', ( #5406, #2634, #3216, #4311 ) ) ;
#6722 = PERSON ( 'UNSPECIFIED', 'UNSPECIFIED', 'UNSPECIFIED', ('UNSPECIFIED'), ('UNSPECIFIED'), ('UNSPECIFIED') ) ;
#6723 = AXIS2_PLACEMENT_3D ( 'NONE', #2483, #3784, #3133 ) ;
#6724 = DIRECTION ( 'NONE',  ( -2.565753199199158405E-18, -2.902514036010829075E-16, 1.000000000000000000 ) ) ;
#6725 = CARTESIAN_POINT ( 'NONE',  ( 1.027259311016479382, 1.053590308655661278, 13.40468749999999609 ) ) ;
#6726 = CARTESIAN_POINT ( 'NONE',  ( -1.226662469500796160, -0.3453764016845492502, 14.46406249999999716 ) ) ;
#6727 = DIRECTION ( 'NONE',  ( -0.000000000000000000, -0.000000000000000000, 1.000000000000000000 ) ) ;
#6728 = AXIS2_PLACEMENT_3D ( 'NONE', #3365, #7640, #6206 ) ;
#6729 = CIRCLE ( 'NONE', #3265, 1.249999999999988010 ) ;
#6730 = ORIENTED_EDGE ( 'NONE', *, *, #4275, .F. ) ;
#6731 = EDGE_CURVE ( 'NONE', #6962, #6336, #943, .T. ) ;
#6732 = LINE ( 'NONE', #303, #3878 ) ;
#6733 = B_SPLINE_CURVE_WITH_KNOTS ( 'NONE', 3,
 ( #2538, #6627, #4854, #7245, #6665, #6049 ),
 .UNSPECIFIED., .F., .F.,
 ( 4, 2, 4 ),
 ( 1.971102454271092282E-07, 0.0004016241971379649173, 0.0008030512840305027234 ),
 .UNSPECIFIED. ) ;
#6734 = ORIENTED_EDGE ( 'NONE', *, *, #520, .T. ) ;
#6735 = LINE ( 'NONE', #3832, #2718 ) ;
#6736 = CARTESIAN_POINT ( 'NONE',  ( -0.2361503771250578754, -0.9281453293749778455, 8.056249999999996803 ) ) ;
#6737 = CARTESIAN_POINT ( 'NONE',  ( 4.500000000000000000, 0.000000000000000000, 16.00000000000000000 ) ) ;
#6738 = DIRECTION ( 'NONE',  ( 0.7071067811865433539, -0.7071067811865517916, 0.000000000000000000 ) ) ;
#6739 = VERTEX_POINT ( 'NONE', #1179 ) ;
#6740 = CARTESIAN_POINT ( 'NONE',  ( 1.071729911523486845, -0.2726829676047642370, 10.81249999999999645 ) ) ;
#6741 = CARTESIAN_POINT ( 'NONE',  ( 0.9218726222051465413, 0.2595604389839207271, 12.64999999999999858 ) ) ;
#6742 = CARTESIAN_POINT ( 'NONE',  ( -0.7720153328867996878, -0.7918038455725918690, 9.762499999999999289 ) ) ;
#6743 = CARTESIAN_POINT ( 'NONE',  ( 11.21498648448603852, -6.641428455355081972, -5.499999999998327560 ) ) ;
#6744 = DIRECTION ( 'NONE',  ( 0.2597788150710222954, 0.9656681455035657224, 2.809530629711173474E-16 ) ) ;
#6745 = CARTESIAN_POINT ( 'NONE',  ( 6.567253710449938886, 2.893298930733136487, -4.500000000000007105 ) ) ;
#6746 = DIRECTION ( 'NONE',  ( -2.847250820465133659E-18, -2.954607913815861038E-18, -1.000000000000000000 ) ) ;
#6747 = CARTESIAN_POINT ( 'NONE',  ( 0.000000000000000000, 0.000000000000000000, 8.000000000000000000 ) ) ;
#6748 = CYLINDRICAL_SURFACE ( 'NONE', #3400, 13.89999999999999858 ) ;
#6749 = DIRECTION ( 'NONE',  ( -0.000000000000000000, -0.000000000000000000, 1.000000000000000000 ) ) ;
#6750 = ORIENTED_EDGE ( 'NONE', *, *, #1229, .F. ) ;
#6751 = DIRECTION ( 'NONE',  ( -0.7071067811865492381, -0.7071067811865459074, 0.000000000000000000 ) ) ;
#6752 = AXIS2_PLACEMENT_3D ( 'NONE', #247, #5563, #4364 ) ;
#6753 = EDGE_CURVE ( 'NONE', #1390, #4241, #7286, .T. ) ;
#6754 = DIRECTION ( 'NONE',  ( -0.4991391323160826454, 0.8665218558067350196, 2.282530889443167022E-16 ) ) ;
#6755 = PLANE ( 'NONE',  #1431 ) ;
#6756 = PLANE ( 'NONE',  #2618 ) ;
#6757 = ORIENTED_EDGE ( 'NONE', *, *, #3445, .F. ) ;
#6758 = ADVANCED_FACE ( 'NONE', ( #2946 ), #27, .T. ) ;
#6759 = ORIENTED_EDGE ( 'NONE', *, *, #9, .F. ) ;
#6760 = CARTESIAN_POINT ( 'NONE',  ( 0.000000000000000000, 0.000000000000000000, 13.99999999999999822 ) ) ;
#6761 = CARTESIAN_POINT ( 'NONE',  ( 1.027259311016479826, 1.053590308655661278, 11.60468749999999716 ) ) ;
#6762 = CARTESIAN_POINT ( 'NONE',  ( 1.027259311016479382, 1.053590308655661278, 13.82656249999999964 ) ) ;
#6763 = CONICAL_SURFACE ( 'NONE', #5416, 5.999999999999999112, 0.7853981633974526089 ) ;
#6764 = PLANE ( 'NONE',  #3666 ) ;
#6765 = ORIENTED_EDGE ( 'NONE', *, *, #5829, .F. ) ;
#6766 = ORIENTED_EDGE ( 'NONE', *, *, #4280, .T. ) ;
#6767 = VECTOR ( 'NONE', #6091, 1000.000000000000000 ) ;
#6768 = DIRECTION ( 'NONE',  ( 0.000000000000000000, 0.000000000000000000, -1.000000000000000000 ) ) ;
#6769 = ORIENTED_EDGE ( 'NONE', *, *, #1896, .F. ) ;
#6770 = DIRECTION ( 'NONE',  ( 0.4991391323160826454, -0.8665218558067351307, -4.336808689942007382E-16 ) ) ;
#6771 = CARTESIAN_POINT ( 'NONE',  ( -0.7720153328867996878, -0.7918038455725916469, 8.018749999999998934 ) ) ;
#6772 = EDGE_CURVE ( 'NONE', #2901, #6918, #3452, .T. ) ;
#6773 = VERTEX_POINT ( 'NONE', #6853 ) ;
#6774 = DIRECTION ( 'NONE',  ( 0.6828304940614132734, -0.1836913617453273528, 0.7071067811865430208 ) ) ;
#6775 = CIRCLE ( 'NONE', #385, 6.500000000000000000 ) ;
#6776 = ORIENTED_EDGE ( 'NONE', *, *, #7598, .F. ) ;
#6777 = CARTESIAN_POINT ( 'NONE',  ( 0.2997145786366833264, -1.064486813177364155, 11.24374999999999858 ) ) ;
#6778 = EDGE_CURVE ( 'NONE', #3700, #4272, #5567, .T. ) ;
#6779 = DIRECTION ( 'NONE',  ( -0.7071067811865491270, -0.7071067811865459074, 0.000000000000000000 ) ) ;
#6780 = CARTESIAN_POINT ( 'NONE',  ( 0.2361503771250647310, 0.9281453293749931666, 10.47499999999999609 ) ) ;
#6781 = CARTESIAN_POINT ( 'NONE',  ( -0.3988063169686428266, 1.416427813942202407, 8.529687499999997868 ) ) ;
#6782 = CARTESIAN_POINT ( 'NONE',  ( 0.7720153328868066822, 0.7918038455726066349, 13.13749999999999751 ) ) ;
#6783 = VECTOR ( 'NONE', #6423, 999.9999999999998863 ) ;
#6784 = CARTESIAN_POINT ( 'NONE',  ( 7.603224404588940999, 11.41138932068211176, 12.39508553045114070 ) ) ;
#6785 = CARTESIAN_POINT ( 'NONE',  ( 7.073385883311384958, -10.18465572053229451, 16.00000000000000000 ) ) ;
#6786 = DIRECTION ( 'NONE',  ( 1.000000000000000000, 0.000000000000000000, 0.000000000000000000 ) ) ;
#6787 = CARTESIAN_POINT ( 'NONE',  ( 5.894289186605170094, -1.121318413595959518, 12.00000000000000000 ) ) ;
#6788 = DIRECTION ( 'NONE',  ( 0.000000000000000000, 0.000000000000000000, -1.000000000000000000 ) ) ;
#6789 = CIRCLE ( 'NONE', #6428, 13.56987298107781825 ) ;
#6790 = EDGE_CURVE ( 'NONE', #1586, #1863, #6025, .T. ) ;
#6791 = CARTESIAN_POINT ( 'NONE',  ( 11.88646269574320158, -7.121493961366865300, 11.99999999999999822 ) ) ;
#6792 = CARTESIAN_POINT ( 'NONE',  ( -11.21498648448599234, 6.641428455355146809, -5.499999999998321343 ) ) ;
#6793 = ORIENTED_EDGE ( 'NONE', *, *, #6215, .F. ) ;
#6794 = CARTESIAN_POINT ( 'NONE',  ( -5.271096352826178055, 0.4177996954093552429, -2.981838234770762597 ) ) ;
#6795 = CARTESIAN_POINT ( 'NONE',  ( 0.9866380192381446479, 0.2777956425032975796, 13.06115381056767788 ) ) ;
#6796 = CARTESIAN_POINT ( 'NONE',  ( -2.474873734152894134, 2.474873734152934102, 12.00000000000000000 ) ) ;
#6797 = CARTESIAN_POINT ( 'NONE',  ( 11.95473229169787110, 7.004984823391997573, 12.00000000000000000 ) ) ;
#6798 = CARTESIAN_POINT ( 'NONE',  ( 7.607243831355142483, -11.14277773728798770, 13.00000000000000178 ) ) ;
#6799 = CARTESIAN_POINT ( 'NONE',  ( -2.063309585886114755E-16, -8.593032044224210867E-15, -2.500000000000008438 ) ) ;
#6800 = CIRCLE ( 'NONE', #2487, 3.000000000000000000 ) ;
#6801 = CARTESIAN_POINT ( 'NONE',  ( -1.027259311016472276, -1.053590308655646179, 8.651562500000000711 ) ) ;
#6802 = ORIENTED_EDGE ( 'NONE', *, *, #5726, .F. ) ;
#6803 = ORIENTED_CLOSED_SHELL ( 'NONE', *, #5667, .F. );
#6804 = CARTESIAN_POINT ( 'NONE',  ( 11.95473229169787110, 7.004984823391997573, 12.00000000000000000 ) ) ;
#6805 = CARTESIAN_POINT ( 'NONE',  ( 1.426065627985125150, -0.3628375052865331907, 13.32968749999999680 ) ) ;
#6806 = CARTESIAN_POINT ( 'NONE',  ( 1.027259311016479604, 1.053590308655661278, 12.47656249999999822 ) ) ;
#6807 = CARTESIAN_POINT ( 'NONE',  ( -10.43465397290524699, -6.899120066972471932, 15.69999999999999218 ) ) ;
#6808 = ORIENTED_EDGE ( 'NONE', *, *, #2338, .F. ) ;
#6809 = CIRCLE ( 'NONE', #6686, 1.500000000000000222 ) ;
#6810 = EDGE_LOOP ( 'NONE', ( #3911, #7199 ) ) ;
#6811 = CARTESIAN_POINT ( 'NONE',  ( 7.118901656853602766, 11.49090261672986202, -3.697036221199062389 ) ) ;
#6812 = FACE_OUTER_BOUND ( 'NONE', #495, .T. ) ;
#6813 = ORIENTED_EDGE ( 'NONE', *, *, #4087, .F. ) ;
#6814 = CARTESIAN_POINT ( 'NONE',  ( 0.2997145786366835485, -1.064486813177363933, 8.993749999999998579 ) ) ;
#6815 = CIRCLE ( 'NONE', #1892, 6.000000000000000000 ) ;
#6816 = VERTEX_POINT ( 'NONE', #2155 ) ;
#6817 = CARTESIAN_POINT ( 'NONE',  ( 0.2997145786366834930, -1.064486813177363933, 9.893749999999998934 ) ) ;
#6818 = CARTESIAN_POINT ( 'NONE',  ( 1.147023408217124674, -0.2918400834965618196, 10.90759618943231857 ) ) ;
#6819 = ORIENTED_EDGE ( 'NONE', *, *, #4847, .T. ) ;
#6820 = CARTESIAN_POINT ( 'NONE',  ( 4.065753027381878725E-16, -2.024594466550937630E-15, -6.500000000000004441 ) ) ;
#6821 = APPROVAL_PERSON_ORGANIZATION ( #4220, #3965, #763 ) ;
#6822 = CARTESIAN_POINT ( 'NONE',  ( 0.9124359724768877911, -0.8896326596143603327, 7.892187499999996803 ) ) ;
#6823 = CARTESIAN_POINT ( 'NONE',  ( 0.2361503771250645367, 0.9281453293749930555, 12.27499999999999858 ) ) ;
#6824 = B_SPLINE_CURVE_WITH_KNOTS ( 'NONE', 3,
 ( #7131, #194, #3145, #4228, #7285, #3752 ),
 .UNSPECIFIED., .F., .F.,
 ( 4, 2, 4 ),
 ( 0.0008049385535018071559, 0.001206418312646968978, 0.001607898071792130583 ),
 .UNSPECIFIED. ) ;
#6825 = CYLINDRICAL_SURFACE ( 'NONE', #6656, 2.000000000000000000 ) ;
#6826 = CARTESIAN_POINT ( 'NONE',  ( -0.9218726222051402130, -0.2595604389839063497, 14.28124999999999645 ) ) ;
#6827 = ADVANCED_FACE ( 'NONE', ( #2019 ), #3164, .F. ) ;
#6828 = LINE ( 'NONE', #3334, #4971 ) ;
#6829 = DIRECTION ( 'NONE',  ( 2.565753199199158405E-18, 2.902514036010829075E-16, -1.000000000000000000 ) ) ;
#6830 = CARTESIAN_POINT ( 'NONE',  ( -1.071729911523480405, 0.2726829676047791140, 13.79374999999999751 ) ) ;
#6831 = CARTESIAN_POINT ( 'NONE',  ( 6.280548451550700406, 4.099354967275222528, -2.500000000000007550 ) ) ;
#6832 = FACE_OUTER_BOUND ( 'NONE', #3962, .T. ) ;
#6833 = ORIENTED_EDGE ( 'NONE', *, *, #1934, .F. ) ;
#6834 = EDGE_CURVE ( 'NONE', #6506, #1264, #251, .T. ) ;
#6835 = CARTESIAN_POINT ( 'NONE',  ( -2.063309585886114755E-16, -8.593032044224210867E-15, -2.500000000000008438 ) ) ;
#6836 = CARTESIAN_POINT ( 'NONE',  ( 0.2527409261506037841, 0.9933514102514432453, 11.78615381056767752 ) ) ;
#6837 = DIRECTION ( 'NONE',  ( 0.000000000000000000, 0.000000000000000000, -1.000000000000000000 ) ) ;
#6838 = DIRECTION ( 'NONE',  ( -0.2597788150710264032, -0.9656681455035646122, -2.809530629711169530E-16 ) ) ;
#6839 = ORIENTED_EDGE ( 'NONE', *, *, #1376, .T. ) ;
#6840 = CARTESIAN_POINT ( 'NONE',  ( 0.3988063169686494880, -1.416427813942187308, 8.726562500000000000 ) ) ;
#6841 = ORIENTED_EDGE ( 'NONE', *, *, #3208, .T. ) ;
#6842 = CARTESIAN_POINT ( 'NONE',  ( -6.061480746935889563, -9.059163932423659915, -3.000000000000043521 ) ) ;
#6843 = CARTESIAN_POINT ( 'NONE',  ( -1.226662469500795938, -0.3453764016845491946, 11.79218749999999538 ) ) ;
#6844 = CARTESIAN_POINT ( 'NONE',  ( -0.7720153328867996878, -0.7918038455725918690, 9.818749999999999645 ) ) ;
#6845 = EDGE_CURVE ( 'NONE', #3700, #5063, #2631, .T. ) ;
#6846 = EDGE_CURVE ( 'NONE', #3859, #7029, #273, .T. ) ;
#6847 = AXIS2_PLACEMENT_3D ( 'NONE', #5351, #614, #6540 ) ;
#6848 = EDGE_CURVE ( 'NONE', #883, #3351, #131, .T. ) ;
#6849 = ORIENTED_EDGE ( 'NONE', *, *, #1456, .F. ) ;
#6850 = CARTESIAN_POINT ( 'NONE',  ( 7.446154524054245272, 11.33735411363283241, -3.524175949928316953 ) ) ;
#6851 = EDGE_CURVE ( 'NONE', #4863, #3870, #2109, .T. ) ;
#6852 = ORIENTED_EDGE ( 'NONE', *, *, #402, .T. ) ;
#6853 = CARTESIAN_POINT ( 'NONE',  ( 7.967514421272213099, 6.717514421272197112, 16.00000000000000000 ) ) ;
#6854 = CIRCLE ( 'NONE', #7109, 5.700000000000002842 ) ;
#6855 = CARTESIAN_POINT ( 'NONE',  ( -0.9218726222051397690, -0.2595604389839061832, 10.23124999999999751 ) ) ;
#6856 = AXIS2_PLACEMENT_3D ( 'NONE', #3779, #2558, #5604 ) ;
#6857 = CARTESIAN_POINT ( 'NONE',  ( -0.7338970930875372556, 0.7155557677481522161, 10.64509618943231750 ) ) ;
#6858 = ORIENTED_EDGE ( 'NONE', *, *, #5238, .F. ) ;
#6859 = CIRCLE ( 'NONE', #4142, 2.000000000000000444 ) ;
#6860 = CARTESIAN_POINT ( 'NONE',  ( -6.056123581516601462, 2.360797993348546786, 12.00000000000000000 ) ) ;
#6861 = CARTESIAN_POINT ( 'NONE',  ( -0.7720153328867999099, -0.7918038455725918690, 10.66249999999999787 ) ) ;
#6862 = CIRCLE ( 'NONE', #6378, 12.90000000000000036 ) ;
#6863 = CARTESIAN_POINT ( 'NONE',  ( -0.3988063169686427156, 1.416427813942202407, 7.629687499999998401 ) ) ;
#6864 = CARTESIAN_POINT ( 'NONE',  ( 0.2361503771250645645, 0.9281453293749930555, 11.82499999999999751 ) ) ;
#6865 = CARTESIAN_POINT ( 'NONE',  ( 7.494884445518044558, 11.56498717667278697, 12.20587189608419187 ) ) ;
#6866 = CARTESIAN_POINT ( 'NONE',  ( -1.071729911523480183, 0.2726829676047791695, 12.89374999999999716 ) ) ;
#6867 = CARTESIAN_POINT ( 'NONE',  ( -10.90702677038170343, 7.371492864448925708, 13.90015215998916531 ) ) ;
#6868 = CARTESIAN_POINT ( 'NONE',  ( -0.5771755667465300332, 11.32748234310512458, -2.767425090738327764 ) ) ;
#6869 = CARTESIAN_POINT ( 'NONE',  ( 3.835072941201331354, 10.20304932535686682, -3.000000000000005329 ) ) ;
#6870 = DIRECTION ( 'NONE',  ( 0.000000000000000000, 0.000000000000000000, 1.000000000000000000 ) ) ;
#6871 = CARTESIAN_POINT ( 'NONE',  ( 0.7338970930875439169, -0.7155557677481375611, 9.970096189432318567 ) ) ;
#6872 = CARTESIAN_POINT ( 'NONE',  ( -0.6857222450800786184, 0.6685848903910790453, 13.30624999999999858 ) ) ;
#6873 = LINE ( 'NONE', #1464, #466 ) ;
#6874 = FACE_OUTER_BOUND ( 'NONE', #3923, .T. ) ;
#6875 = ORIENTED_EDGE ( 'NONE', *, *, #2089, .T. ) ;
#6876 = CARTESIAN_POINT ( 'NONE',  ( 0.000000000000000000, 0.000000000000000000, 12.00000000000000000 ) ) ;
#6877 = EDGE_CURVE ( 'NONE', #6336, #2095, #867, .T. ) ;
#6878 = CARTESIAN_POINT ( 'NONE',  ( -0.3207707779579568874, 1.139271451999727347, 13.17365381056767859 ) ) ;
#6879 = ORIENTED_EDGE ( 'NONE', *, *, #5729, .T. ) ;
#6880 = VECTOR ( 'NONE', #2439, 1000.000000000000114 ) ;
#6881 = CARTESIAN_POINT ( 'NONE',  ( 0.9124359724768876800, -0.8896326596143603327, 8.764062499999999645 ) ) ;
#6882 = ORIENTED_EDGE ( 'NONE', *, *, #6291, .T. ) ;
#6883 = CARTESIAN_POINT ( 'NONE',  ( 12.89491241143501377, -0.3622621998210556193, -6.000000000000007994 ) ) ;
#6884 = CARTESIAN_POINT ( 'NONE',  ( 1.071729911523486622, -0.2726829676047643480, 12.66874999999999751 ) ) ;
#6885 = CARTESIAN_POINT ( 'NONE',  ( -0.2361503771250580419, -0.9281453293749779565, 9.856249999999997513 ) ) ;
#6886 = ORIENTED_EDGE ( 'NONE', *, *, #3658, .T. ) ;
#6887 =( BOUNDED_SURFACE ( )  B_SPLINE_SURFACE ( 1, 2, ( 
 ( #7361, #271, #5078, #961, #4998, #6771, #6736, #305, #7284, #2116, #7442, #2647, #2000, #1446, #2154, #3218, #6275, #4458, #3833, #6699, #3144, #4384, #3794, #3180, #3253, #2076, #5544, #4498, #5506, #4421, #6159, #6814, #4348, #229, #2574, #6121, #885, #849, #4965, #1526, #5621, #924, #1486, #343, #5035, #7397, #3871, #1413, #4894, #6012, #1300, #1450, #3756, #155, #6126, #6164, #3149, #5511, #3800, #853, #7247, #2614, #2464, #276, #2503, #4273, #7171, #7327, #4856, #4312, #6629, #3184, #234, #4969, #2041, #4389, #890, #7208, #3222, #5588, #1926, #1890, #4232, #6588, #3679, #6052, #2909, #5234, #4654, #1071, #7009, #6777, #1183, #3512, #1491, #3838, #7402, #5303, #1826, #5639, #6175, #286, #3123, #4284, #820, #2587, #1977, #2052, #7299, #4363, #6638, #5014, #2090, #6712, #3690, #5719, #5758, #5840, #436, #2211, #1626, #1701, #3964, #6370, #5097, #1542, #1125, #3884, #5051, #7412, #474, #2132, #4475, #1583, #3460, #3379, #2282, #6251, #4600, #512, #2814, #5175, #6333, #7540, #2247, #6952, #6872, #1092, #2699, #977, #4633, #1665, #3419, #7499, #1051, #4004, #2774, #5796, #2853, #6830, #6989, #3924, #3304, #5215, #7580, #4041, #6406, #5680, #397, #2739, #6295, #7458, #2169 ),
 ( #4555, #4510, #1016, #3340, #5132, #6909, #1265, #2852, #2931, #5253, #5213, #2246, #4598, #5795, #4075, #6951, #4674, #4554, #4040, #628, #4003, #2813, #1050, #7030, #6447, #1742, #5295, #3495, #3378, #11, #4711, #5757, #6369, #1091, #3533, #2357, #3418, #7579, #2281, #1780, #4632, #6987, #1700, #6404, #1124, #4818, #3640, #7209, #7248, #4746, #667, #2431, #5438, #79, #4782, #6054, #735, #1928, #6630, #775, #3113, #5476, #2542, #1968, #4314, #6668, #6242, #2123, #2617, #7366, #4970, #6165, #6780, #967, #2005, #5005, #2043, #6861, #4391, #3758, #1415, #6740, #3223, #5550, #5629, #3185, #1451, #236, #3839, #277, #310, #1006, #387, #6207, #5590, #7329, #2729, #349, #3257, #2159, #2578, #3292, #1573, #6282, #2690, #3328, #5670, #4937, #3992, #4623, #2198, #6977, #426, #6898, #4584, #6322, #1612, #1041, #3369, #463, #7530, #6359, #1082, #502, #3467, #6377, #5143, #984, #3892, #561, #3426, #3310, #4606, #5060, #1632, #3971, #7421, #6958, #7505, #2139, #4481, #1549, #5104, #3348, #2781, #4563, #6916, #1057, #5766, #1671, #481, #2821, #5181, #5804, #519, #7071, #7140, #1824, #1786, #7179, #5335, #4162, #4124, #1898, #705, #5367, #84, #3541, #52, #4681, #4202, #122, #2396 ) ),
 .UNSPECIFIED., .F., .F., .F. ) 
 B_SPLINE_SURFACE_WITH_KNOTS ( ( 2, 2 ),
 ( 3, 2, 2, 2, 2, 2, 2, 2, 2, 2, 2, 2, 2, 2, 2, 2, 2, 2, 2, 2, 2, 2, 2, 2, 2, 2, 2, 2, 2, 2, 2, 2, 2, 2, 2, 2, 2, 2, 2, 2, 2, 2, 2, 2, 2, 2, 2, 2, 2, 2, 2, 2, 2, 2, 2, 2, 2, 2, 2, 2, 2, 2, 2, 2, 2, 2, 2, 2, 2, 2, 2, 2, 2, 2, 2, 2, 2, 2, 2, 2, 2, 2, 2, 2, 2, 2, 3 ),
 ( 0.000000000000000000, 1.000000000000000000 ),
 ( 0.000000000000000000, 0.01111111111111111154, 0.02222222222222222307, 0.03333333333333333287, 0.04444444444444444614, 0.05555555555555555247, 0.06666666666666666574, 0.07777777777777777901, 0.08888888888888889228, 0.1000000000000000056, 0.1111111111111111049, 0.1222222222222222182, 0.1333333333333333315, 0.1444444444444444309, 0.1555555555555555580, 0.1666666666666666574, 0.1777777777777777846, 0.1888888888888888840, 0.2000000000000000111, 0.2111111111111111105, 0.2222222222222222099, 0.2333333333333333370, 0.2444444444444444364, 0.2555555555555555358, 0.2666666666666666630, 0.2777777777777777901, 0.2888888888888888618, 0.2999999999999999889, 0.3111111111111111160, 0.3222222222222222432, 0.3333333333333333148, 0.3444444444444444420, 0.3555555555555555691, 0.3666666666666666408, 0.3777777777777777679, 0.3888888888888888951, 0.4000000000000000222, 0.4111111111111110938, 0.4222222222222222210, 0.4333333333333333481, 0.4444444444444444198, 0.4555555555555555469, 0.4666666666666666741, 0.4777777777777778012, 0.4888888888888888729, 0.5000000000000000000, 0.5111111111111110716, 0.5222222222222222543, 0.5333333333333333259, 0.5444444444444443976, 0.5555555555555555802, 0.5666666666666666519, 0.5777777777777777235, 0.5888888888888889062, 0.5999999999999999778, 0.6111111111111111605, 0.6222222222222222321, 0.6333333333333333037, 0.6444444444444444864, 0.6555555555555555580, 0.6666666666666666297, 0.6777777777777778123, 0.6888888888888888840, 0.6999999999999999556, 0.7111111111111111382, 0.7222222222222222099, 0.7333333333333332815, 0.7444444444444444642, 0.7555555555555555358, 0.7666666666666667185, 0.7777777777777777901, 0.7888888888888888618, 0.8000000000000000444, 0.8111111111111111160, 0.8222222222222221877, 0.8333333333333333703, 0.8444444444444444420, 0.8555555555555555136, 0.8666666666666666963, 0.8777777777777777679, 0.8888888888888888395, 0.9000000000000000222, 0.9111111111111110938, 0.9222222222222222765, 0.9333333333333333481, 0.9444444444444444198, 0.9555555555555556024 ),
 .UNSPECIFIED. ) 
 GEOMETRIC_REPRESENTATION_ITEM ( )  RATIONAL_B_SPLINE_SURFACE ( (
 ( 1.000000000000000000, 0.8660254037844387076, 1.000000000000000000, 0.8660254037844387076, 1.000000000000000000, 0.8660254037844387076, 1.000000000000000000, 0.8660254037844387076, 1.000000000000000000, 0.8660254037844387076, 1.000000000000000000, 0.8660254037844387076, 1.000000000000000000, 0.8660254037844387076, 1.000000000000000000, 0.8660254037844387076, 1.000000000000000000, 0.8660254037844387076, 1.000000000000000000, 0.8660254037844387076, 1.000000000000000000, 0.8660254037844387076, 1.000000000000000000, 0.8660254037844387076, 1.000000000000000000, 0.8660254037844387076, 1.000000000000000000, 0.8660254037844387076, 1.000000000000000000, 0.8660254037844387076, 1.000000000000000000, 0.8660254037844387076, 1.000000000000000000, 0.8660254037844387076, 1.000000000000000000, 0.8660254037844387076, 1.000000000000000000, 0.8660254037844387076, 1.000000000000000000, 0.8660254037844387076, 1.000000000000000000, 0.8660254037844387076, 1.000000000000000000, 0.8660254037844387076, 1.000000000000000000, 0.8660254037844387076, 1.000000000000000000, 0.8660254037844387076, 1.000000000000000000, 0.8660254037844387076, 1.000000000000000000, 0.8660254037844387076, 1.000000000000000000, 0.8660254037844387076, 1.000000000000000000, 0.8660254037844387076, 1.000000000000000000, 0.8660254037844387076, 1.000000000000000000, 0.8660254037844387076, 1.000000000000000000, 0.8660254037844387076, 1.000000000000000000, 0.8660254037844387076, 1.000000000000000000, 0.8660254037844387076, 1.000000000000000000, 0.8660254037844387076, 1.000000000000000000, 0.8660254037844387076, 1.000000000000000000, 0.8660254037844387076, 1.000000000000000000, 0.8660254037844387076, 1.000000000000000000, 0.8660254037844387076, 1.000000000000000000, 0.8660254037844387076, 1.000000000000000000, 0.8660254037844387076, 1.000000000000000000, 0.8660254037844387076, 1.000000000000000000, 0.8660254037844387076, 1.000000000000000000, 0.8660254037844387076, 1.000000000000000000, 0.8660254037844387076, 1.000000000000000000, 0.8660254037844387076, 1.000000000000000000, 0.8660254037844387076, 1.000000000000000000, 0.8660254037844387076, 1.000000000000000000, 0.8660254037844387076, 1.000000000000000000, 0.8660254037844387076, 1.000000000000000000, 0.8660254037844387076, 1.000000000000000000, 0.8660254037844387076, 1.000000000000000000, 0.8660254037844387076, 1.000000000000000000, 0.8660254037844387076, 1.000000000000000000, 0.8660254037844387076, 1.000000000000000000, 0.8660254037844387076, 1.000000000000000000, 0.8660254037844387076, 1.000000000000000000, 0.8660254037844387076, 1.000000000000000000, 0.8660254037844387076, 1.000000000000000000, 0.8660254037844387076, 1.000000000000000000, 0.8660254037844387076, 1.000000000000000000, 0.8660254037844387076, 1.000000000000000000, 0.8660254037844387076, 1.000000000000000000, 0.8660254037844387076, 1.000000000000000000, 0.8660254037844387076, 1.000000000000000000, 0.8660254037844387076, 1.000000000000000000, 0.8660254037844387076, 1.000000000000000000, 0.8660254037844387076, 1.000000000000000000, 0.8660254037844387076, 1.000000000000000000, 0.8660254037844387076, 1.000000000000000000, 0.8660254037844387076, 1.000000000000000000, 0.8660254037844387076, 1.000000000000000000, 0.8660254037844387076, 1.000000000000000000, 0.8660254037844387076, 1.000000000000000000, 0.8660254037844387076, 1.000000000000000000, 0.8660254037844387076, 1.000000000000000000, 0.8660254037844387076, 1.000000000000000000, 0.8660254037844387076, 1.000000000000000000, 0.8660254037844387076, 1.000000000000000000, 0.8660254037844387076, 1.000000000000000000, 0.8660254037844387076, 1.000000000000000000, 0.8660254037844387076, 1.000000000000000000, 0.8660254037844387076, 1.000000000000000000, 0.8660254037844387076, 1.000000000000000000, 0.8660254037844387076, 1.000000000000000000, 0.8660254037844387076, 1.000000000000000000, 0.8660254037844387076, 1.000000000000000000),
 ( 1.000000000000000000, 0.8660254037844387076, 1.000000000000000000, 0.8660254037844387076, 1.000000000000000000, 0.8660254037844387076, 1.000000000000000000, 0.8660254037844387076, 1.000000000000000000, 0.8660254037844387076, 1.000000000000000000, 0.8660254037844387076, 1.000000000000000000, 0.8660254037844387076, 1.000000000000000000, 0.8660254037844387076, 1.000000000000000000, 0.8660254037844387076, 1.000000000000000000, 0.8660254037844387076, 1.000000000000000000, 0.8660254037844387076, 1.000000000000000000, 0.8660254037844387076, 1.000000000000000000, 0.8660254037844387076, 1.000000000000000000, 0.8660254037844387076, 1.000000000000000000, 0.8660254037844387076, 1.000000000000000000, 0.8660254037844387076, 1.000000000000000000, 0.8660254037844387076, 1.000000000000000000, 0.8660254037844387076, 1.000000000000000000, 0.8660254037844387076, 1.000000000000000000, 0.8660254037844387076, 1.000000000000000000, 0.8660254037844387076, 1.000000000000000000, 0.8660254037844387076, 1.000000000000000000, 0.8660254037844387076, 1.000000000000000000, 0.8660254037844387076, 1.000000000000000000, 0.8660254037844387076, 1.000000000000000000, 0.8660254037844387076, 1.000000000000000000, 0.8660254037844387076, 1.000000000000000000, 0.8660254037844387076, 1.000000000000000000, 0.8660254037844387076, 1.000000000000000000, 0.8660254037844387076, 1.000000000000000000, 0.8660254037844387076, 1.000000000000000000, 0.8660254037844387076, 1.000000000000000000, 0.8660254037844387076, 1.000000000000000000, 0.8660254037844387076, 1.000000000000000000, 0.8660254037844387076, 1.000000000000000000, 0.8660254037844387076, 1.000000000000000000, 0.8660254037844387076, 1.000000000000000000, 0.8660254037844387076, 1.000000000000000000, 0.8660254037844387076, 1.000000000000000000, 0.8660254037844387076, 1.000000000000000000, 0.8660254037844387076, 1.000000000000000000, 0.8660254037844387076, 1.000000000000000000, 0.8660254037844387076, 1.000000000000000000, 0.8660254037844387076, 1.000000000000000000, 0.8660254037844387076, 1.000000000000000000, 0.8660254037844387076, 1.000000000000000000, 0.8660254037844387076, 1.000000000000000000, 0.8660254037844387076, 1.000000000000000000, 0.8660254037844387076, 1.000000000000000000, 0.8660254037844387076, 1.000000000000000000, 0.8660254037844387076, 1.000000000000000000, 0.8660254037844387076, 1.000000000000000000, 0.8660254037844387076, 1.000000000000000000, 0.8660254037844387076, 1.000000000000000000, 0.8660254037844387076, 1.000000000000000000, 0.8660254037844387076, 1.000000000000000000, 0.8660254037844387076, 1.000000000000000000, 0.8660254037844387076, 1.000000000000000000, 0.8660254037844387076, 1.000000000000000000, 0.8660254037844387076, 1.000000000000000000, 0.8660254037844387076, 1.000000000000000000, 0.8660254037844387076, 1.000000000000000000, 0.8660254037844387076, 1.000000000000000000, 0.8660254037844387076, 1.000000000000000000, 0.8660254037844387076, 1.000000000000000000, 0.8660254037844387076, 1.000000000000000000, 0.8660254037844387076, 1.000000000000000000, 0.8660254037844387076, 1.000000000000000000, 0.8660254037844387076, 1.000000000000000000, 0.8660254037844387076, 1.000000000000000000, 0.8660254037844387076, 1.000000000000000000, 0.8660254037844387076, 1.000000000000000000, 0.8660254037844387076, 1.000000000000000000, 0.8660254037844387076, 1.000000000000000000, 0.8660254037844387076, 1.000000000000000000, 0.8660254037844387076, 1.000000000000000000, 0.8660254037844387076, 1.000000000000000000, 0.8660254037844387076, 1.000000000000000000, 0.8660254037844387076, 1.000000000000000000, 0.8660254037844387076, 1.000000000000000000, 0.8660254037844387076, 1.000000000000000000, 0.8660254037844387076, 1.000000000000000000, 0.8660254037844387076, 1.000000000000000000, 0.8660254037844387076, 1.000000000000000000, 0.8660254037844387076, 1.000000000000000000, 0.8660254037844387076, 1.000000000000000000) ) ) 
 REPRESENTATION_ITEM ( '' )  SURFACE ( )  );
#6888 = EDGE_LOOP ( 'NONE', ( #5809 ) ) ;
#6889 = CARTESIAN_POINT ( 'NONE',  ( 6.937986705640120988, 11.54265529284566405, -3.883894448163383917 ) ) ;
#6890 = VECTOR ( 'NONE', #5597, 1000.000000000000000 ) ;
#6891 = ORIENTED_EDGE ( 'NONE', *, *, #5571, .F. ) ;
#6892 = DIRECTION ( 'NONE',  ( 1.000000000000000000, 0.000000000000000000, 0.000000000000000000 ) ) ;
#6893 = CARTESIAN_POINT ( 'NONE',  ( -0.3082206416470749111, -1.211404158843222056, 15.49999999999999645 ) ) ;
#6894 = CARTESIAN_POINT ( 'NONE',  ( 0.000000000000000000, 0.000000000000000000, 12.00000000000000000 ) ) ;
#6895 = CARTESIAN_POINT ( 'NONE',  ( -0.2361503771250579031, -0.9281453293749778455, 8.506249999999997868 ) ) ;
#6896 = CARTESIAN_POINT ( 'NONE',  ( 0.8262526302591650662, 0.8474313685031580334, 10.53259618943232034 ) ) ;
#6897 = AXIS2_PLACEMENT_3D ( 'NONE', #6290, #5715, #5093 ) ;
#6898 = CARTESIAN_POINT ( 'NONE',  ( -0.7720153328868000209, -0.7918038455725919800, 12.01249999999999751 ) ) ;
#6899 = CARTESIAN_POINT ( 'NONE',  ( 11.28365824843880283, 1.624517322911301909, -3.500000000000007550 ) ) ;
#6900 = CARTESIAN_POINT ( 'NONE',  ( 1.426065627985125595, -0.3628375052865329686, 7.929687499999997335 ) ) ;
#6901 = CARTESIAN_POINT ( 'NONE',  ( -0.2997145786366768871, 1.064486813177378810, 10.96249999999999680 ) ) ;
#6902 = DIRECTION ( 'NONE',  ( -0.7071067811865491270, -0.7071067811865459074, 0.000000000000000000 ) ) ;
#6903 = LINE ( 'NONE', #5618, #4089 ) ;
#6904 = CARTESIAN_POINT ( 'NONE',  ( -0.04604345858550826232, 13.30184410068341094, -4.500000000000003553 ) ) ;
#6905 = DIRECTION ( 'NONE',  ( 0.6314127084405801726, 0.3183048721269208237, 0.7071067811865442421 ) ) ;
#6906 = DIRECTION ( 'NONE',  ( -0.7071067811865483499, -0.7071067811865467956, 0.000000000000000000 ) ) ;
#6907 = CARTESIAN_POINT ( 'NONE',  ( -0.2527409261505972338, -0.9933514102514278132, 9.445096189432316436 ) ) ;
#6908 = ORIENTED_EDGE ( 'NONE', *, *, #6999, .T. ) ;
#6909 = CARTESIAN_POINT ( 'NONE',  ( -0.7720153328867996878, -0.7918038455725916469, 7.962499999999996803 ) ) ;
#6910 = VECTOR ( 'NONE', #2925, 1000.000000000000000 ) ;
#6911 = CARTESIAN_POINT ( 'NONE',  ( 6.232706652077832032, -3.121436814857014408, 16.00000000000000000 ) ) ;
#6912 = DIRECTION ( 'NONE',  ( 1.000000000000000000, 0.000000000000000000, 0.000000000000000000 ) ) ;
#6913 = ORIENTED_EDGE ( 'NONE', *, *, #4523, .T. ) ;
#6914 = DIRECTION ( 'NONE',  ( -0.000000000000000000, -0.000000000000000000, -1.000000000000000000 ) ) ;
#6915 = CARTESIAN_POINT ( 'NONE',  ( 0.8262526302591649552, 0.8474313685031579224, 12.19865381056767362 ) ) ;
#6916 = CARTESIAN_POINT ( 'NONE',  ( -0.6857222450800786184, 0.6685848903910790453, 13.24999999999999822 ) ) ;
#6917 = CIRCLE ( 'NONE', #2358, 1.499999999999999778 ) ;
#6918 = VERTEX_POINT ( 'NONE', #4834 ) ;
#6919 = CARTESIAN_POINT ( 'NONE',  ( 0.2997145786366830489, -1.064486813177364155, 13.88749999999999751 ) ) ;
#6920 = ORIENTED_EDGE ( 'NONE', *, *, #3138, .T. ) ;
#6921 = DIRECTION ( 'NONE',  ( 1.000000000000000000, 1.791290545845609059E-15, 0.000000000000000000 ) ) ;
#6922 = CARTESIAN_POINT ( 'NONE',  ( -0.2361503771250581252, -0.9281453293749779565, 10.75624999999999787 ) ) ;
#6923 = CARTESIAN_POINT ( 'NONE',  ( -0.9218726222051397690, -0.2595604389839061832, 9.331249999999997158 ) ) ;
#6924 = DIRECTION ( 'NONE',  ( 1.000000000000000000, 0.000000000000000000, 0.000000000000000000 ) ) ;
#6925 = EDGE_CURVE ( 'NONE', #572, #7498, #6917, .T. ) ;
#6926 = DIRECTION ( 'NONE',  ( 2.565753199199158405E-18, 2.902514036010829075E-16, -1.000000000000000000 ) ) ;
#6927 = ORIENTED_EDGE ( 'NONE', *, *, #6291, .F. ) ;
#6928 = VERTEX_POINT ( 'NONE', #829 ) ;
#6929 = CARTESIAN_POINT ( 'NONE',  ( 7.560375461729542224, 11.26943767208666003, -3.500000000000005329 ) ) ;
#6930 = CIRCLE ( 'NONE', #7434, 12.40000000000000036 ) ;
#6931 = ORIENTED_EDGE ( 'NONE', *, *, #6608, .T. ) ;
#6932 = EDGE_CURVE ( 'NONE', #6637, #1309, #7406, .T. ) ;
#6933 = DIRECTION ( 'NONE',  ( -0.9804261166812020534, -0.1968873528935216333, 0.000000000000000000 ) ) ;
#6934 = CIRCLE ( 'NONE', #535, 1.352549999999999253 ) ;
#6935 = VERTEX_POINT ( 'NONE', #4659 ) ;
#6936 = CARTESIAN_POINT ( 'NONE',  ( -2.454303994262525990, -4.922031278217061434, -3.000000000000009770 ) ) ;
#6937 = CARTESIAN_POINT ( 'NONE',  ( -0.7720153328867996878, -0.7918038455725918690, 9.368750000000000355 ) ) ;
#6938 = CARTESIAN_POINT ( 'NONE',  ( 0.8262526302591650662, 0.8474313685031580334, 10.98259618943231963 ) ) ;
#6939 = EDGE_CURVE ( 'NONE', #2568, #1309, #1615, .T. ) ;
#6940 = DIRECTION ( 'NONE',  ( -0.000000000000000000, -0.000000000000000000, -1.000000000000000000 ) ) ;
#6941 = CARTESIAN_POINT ( 'NONE',  ( -0.9124359724768809077, 0.8896326596143754317, 8.117187499999996447 ) ) ;
#6942 = CARTESIAN_POINT ( 'NONE',  ( 0.2997145786366831044, -1.064486813177364155, 13.43749999999999822 ) ) ;
#6943 = CARTESIAN_POINT ( 'NONE',  ( -2.909304780501067000, -6.444838686433791430, 12.00000000000000000 ) ) ;
#6944 = CARTESIAN_POINT ( 'NONE',  ( -11.14277773728795928, 7.607243831355181563, 13.00000000000000178 ) ) ;
#6945 = ADVANCED_FACE ( 'NONE', ( #5491, #7305 ), #6716, .F. ) ;
#6946 = CARTESIAN_POINT ( 'NONE',  ( 4.922031278217045447, -2.454303994262551303, -3.000000000000008882 ) ) ;
#6947 = CARTESIAN_POINT ( 'NONE',  ( 1.495091218128028698, 7.859052248806878360, 12.00000000000000000 ) ) ;
#6948 = CARTESIAN_POINT ( 'NONE',  ( 0.7338970930875439169, -0.7155557677481373391, 8.620096189432318923 ) ) ;
#6949 = EDGE_LOOP ( 'NONE', ( #4049, #1889, #1988, #1946 ) ) ;
#6950 = CIRCLE ( 'NONE', #2018, 2.000000000000000000 ) ;
#6951 = CARTESIAN_POINT ( 'NONE',  ( -1.071729911523479739, 0.2726829676047793360, 8.337500000000000355 ) ) ;
#6952 = CARTESIAN_POINT ( 'NONE',  ( -0.2997145786366771647, 1.064486813177378810, 13.26874999999999716 ) ) ;
#6953 = FACE_OUTER_BOUND ( 'NONE', #7279, .T. ) ;
#6954 = PLANE ( 'NONE',  #2137 ) ;
#6955 = ORIENTED_EDGE ( 'NONE', *, *, #1284, .T. ) ;
#6956 = DIRECTION ( 'NONE',  ( 1.000000000000000000, 1.776356839400250465E-15, 0.000000000000000000 ) ) ;
#6957 = CARTESIAN_POINT ( 'NONE',  ( -0.2527409261505976223, -0.9933514102514282573, 13.36115381056767681 ) ) ;
#6958 = CARTESIAN_POINT ( 'NONE',  ( -0.7720153328868000209, -0.7918038455725919800, 12.91249999999999787 ) ) ;
#6959 = CARTESIAN_POINT ( 'NONE',  ( 10.41301478351948440, 6.163974365719729676, 12.12176487116136414 ) ) ;
#6960 = ORIENTED_EDGE ( 'NONE', *, *, #6998, .F. ) ;
#6961 = CARTESIAN_POINT ( 'NONE',  ( 1.226662469500802821, 0.3453764016845636275, 8.839062499999997158 ) ) ;
#6962 = VERTEX_POINT ( 'NONE', #905 ) ;
#6963 = CARTESIAN_POINT ( 'NONE',  ( 12.08107470081073309, -6.874418817138717053, -4.500000000000009770 ) ) ;
#6964 = CARTESIAN_POINT ( 'NONE',  ( 1.071729911523486622, -0.2726829676047642925, 10.86874999999999858 ) ) ;
#6965 = CARTESIAN_POINT ( 'NONE',  ( 0.2361503771250648420, 0.9281453293749931666, 9.181249999999998579 ) ) ;
#6966 = PLANE ( 'NONE',  #2239 ) ;
#6967 = EDGE_LOOP ( 'NONE', ( #2413, #3459, #2300, #3904 ) ) ;
#6968 = ORIENTED_EDGE ( 'NONE', *, *, #163, .F. ) ;
#6969 = CARTESIAN_POINT ( 'NONE',  ( 2.909304780501023480, -6.444838686433811858, 15.70000000000000284 ) ) ;
#6970 = VERTEX_POINT ( 'NONE', #2478 ) ;
#6971 = CARTESIAN_POINT ( 'NONE',  ( -1.495091218127973853, -7.859052248806888130, 15.70000000000000284 ) ) ;
#6972 = ADVANCED_FACE ( 'NONE', ( #752 ), #390, .F. ) ;
#6973 = CARTESIAN_POINT ( 'NONE',  ( 7.967514421272208658, -6.717514421272190006, 16.00000000000000000 ) ) ;
#6974 = CARTESIAN_POINT ( 'NONE',  ( 1.121318413596021690, 5.894289186605158548, 15.69999999999999574 ) ) ;
#6975 = CARTESIAN_POINT ( 'NONE',  ( -0.2997145786366766096, 1.064486813177378810, 8.318749999999997868 ) ) ;
#6976 = AXIS2_PLACEMENT_3D ( 'NONE', #7542, #2248, #4601 ) ;
#6977 = CARTESIAN_POINT ( 'NONE',  ( -1.071729911523480183, 0.2726829676047792250, 11.93749999999999645 ) ) ;
#6978 = EDGE_CURVE ( 'NONE', #3248, #3168, #3089, .T. ) ;
#6979 = CARTESIAN_POINT ( 'NONE',  ( -2.127453415866093952E-16, -9.318660553226917322E-15, -8.673617379884035472E-15 ) ) ;
#6980 = CARTESIAN_POINT ( 'NONE',  ( 1.426065627985125595, -0.3628375052865329686, 8.829687499999996803 ) ) ;
#6981 = AXIS2_PLACEMENT_3D ( 'NONE', #2441, #3613, #4366 ) ;
#6982 = FACE_OUTER_BOUND ( 'NONE', #7134, .T. ) ;
#6983 = CARTESIAN_POINT ( 'NONE',  ( 7.859052248806893459, 1.495091218127947430, 15.69999999999999218 ) ) ;
#6984 = DIRECTION ( 'NONE',  ( 0.9656681455035648343, -0.2597788150710256816, -7.292349956650084926E-17 ) ) ;
#6985 = CARTESIAN_POINT ( 'NONE',  ( -0.2527409261505971227, -0.9933514102514278132, 8.545096189432319633 ) ) ;
#6986 = EDGE_LOOP ( 'NONE', ( #6839 ) ) ;
#6987 = CARTESIAN_POINT ( 'NONE',  ( -0.7720153328867996878, -0.7918038455725918690, 9.312499999999998224 ) ) ;
#6988 = EDGE_CURVE ( 'NONE', #6188, #4699, #546, .T. ) ;
#6989 = CARTESIAN_POINT ( 'NONE',  ( -0.9218726222051401020, -0.2595604389839063497, 13.83124999999999716 ) ) ;
#6990 = AXIS2_PLACEMENT_3D ( 'NONE', #2042, #4390, #542 ) ;
#6991 = FACE_OUTER_BOUND ( 'NONE', #2074, .T. ) ;
#6992 = CARTESIAN_POINT ( 'NONE',  ( -1.071729911523479961, 0.2726829676047792805, 9.237499999999998934 ) ) ;
#6993 = FACE_BOUND ( 'NONE', #267, .T. ) ;
#6994 = ORIENTED_EDGE ( 'NONE', *, *, #837, .F. ) ;
#6995 = DIRECTION ( 'NONE',  ( 2.565753199199158405E-18, 2.902514036010829075E-16, -1.000000000000000000 ) ) ;
#6996 = CARTESIAN_POINT ( 'NONE',  ( 0.9866380192381448699, 0.2777956425032976351, 11.26115381056767895 ) ) ;
#6997 = EDGE_LOOP ( 'NONE', ( #2310, #5607, #960, #309, #6004, #3546 ) ) ;
#6998 = EDGE_CURVE ( 'NONE', #6970, #4863, #7178, .T. ) ;
#6999 = EDGE_CURVE ( 'NONE', #458, #458, #2479, .T. ) ;
#7000 = LINE ( 'NONE', #4205, #6880 ) ;
#7001 = VERTEX_POINT ( 'NONE', #2011 ) ;
#7002 = DIRECTION ( 'NONE',  ( -0.4991391323160827009, 0.8665218558067349086, 0.000000000000000000 ) ) ;
#7003 = CARTESIAN_POINT ( 'NONE',  ( -0.9218726222051398800, -0.2595604389839062942, 10.68124999999999858 ) ) ;
#7004 = CARTESIAN_POINT ( 'NONE',  ( -0.9218726222051396579, -0.2595604389839061277, 7.981249999999998401 ) ) ;
#7005 = DIRECTION ( 'NONE',  ( 2.565753199199158405E-18, 2.902514036010829075E-16, -1.000000000000000000 ) ) ;
#7006 = FACE_OUTER_BOUND ( 'NONE', #1110, .T. ) ;
#7007 = DIRECTION ( 'NONE',  ( 2.565753199199158405E-18, 2.902514036010829075E-16, -1.000000000000000000 ) ) ;
#7008 = ORIENTED_EDGE ( 'NONE', *, *, #5941, .T. ) ;
#7009 = CARTESIAN_POINT ( 'NONE',  ( -0.2361503771250582084, -0.9281453293749780675, 11.20624999999999716 ) ) ;
#7010 = EDGE_CURVE ( 'NONE', #1674, #2794, #3040, .T. ) ;
#7011 = EDGE_CURVE ( 'NONE', #1412, #3903, #7413, .T. ) ;
#7012 = EDGE_LOOP ( 'NONE', ( #7559, #6994, #1219, #6198 ) ) ;
#7013 = CARTESIAN_POINT ( 'NONE',  ( 10.13914676754892241, -6.603612861616147356, 13.00000000000000178 ) ) ;
#7014 = ORIENTED_EDGE ( 'NONE', *, *, #1561, .F. ) ;
#7015 = DIRECTION ( 'NONE',  ( 0.4991391323160827009, -0.8665218558067350196, -2.387234141252486967E-16 ) ) ;
#7016 = VECTOR ( 'NONE', #7205, 1000.000000000000000 ) ;
#7017 = VERTEX_POINT ( 'NONE', #4735 ) ;
#7018 = CARTESIAN_POINT ( 'NONE',  ( -1.990130539619582972, -4.615917544767650149, -2.883923083294269052 ) ) ;
#7019 = CARTESIAN_POINT ( 'NONE',  ( 0.1427407757757249984, -1.093974825680188223, 13.97095540680485648 ) ) ;
#7020 = DIRECTION ( 'NONE',  ( -2.565753199199158405E-18, -2.902514036010829075E-16, 1.000000000000000000 ) ) ;
#7021 = CARTESIAN_POINT ( 'NONE',  ( 1.027259311016479826, 1.053590308655661278, 10.25468749999999929 ) ) ;
#7022 = EDGE_CURVE ( 'NONE', #1357, #3008, #6789, .T. ) ;
#7023 = CARTESIAN_POINT ( 'NONE',  ( -6.280548451550700406, -4.099354967275237627, -6.000000000000008882 ) ) ;
#7024 = CARTESIAN_POINT ( 'NONE',  ( 4.065753027381878725E-16, -2.024594466550937630E-15, 14.99999999999999822 ) ) ;
#7025 = DIRECTION ( 'NONE',  ( 0.4991391323160826454, -0.8665218558067351307, -4.336808689942012806E-16 ) ) ;
#7026 = ADVANCED_FACE ( 'NONE', ( #6593, #6708 ), #1134, .T. ) ;
#7027 = DIRECTION ( 'NONE',  ( 1.000000000000000000, 0.000000000000000000, 0.000000000000000000 ) ) ;
#7028 = AXIS2_PLACEMENT_3D ( 'NONE', #5463, #3707, #3210 ) ;
#7029 = VERTEX_POINT ( 'NONE', #3726 ) ;
#7030 = CARTESIAN_POINT ( 'NONE',  ( 0.7720153328868070153, 0.7918038455726068570, 8.637499999999999289 ) ) ;
#7031 = FACE_OUTER_BOUND ( 'NONE', #5583, .T. ) ;
#7032 = CARTESIAN_POINT ( 'NONE',  ( -0.2361503771250580974, -0.9281453293749779565, 10.24999999999999645 ) ) ;
#7033 = CARTESIAN_POINT ( 'NONE',  ( -0.2997145786366766096, 1.064486813177378810, 8.262499999999999289 ) ) ;
#7034 = ORIENTED_EDGE ( 'NONE', *, *, #6268, .T. ) ;
#7035 = CIRCLE ( 'NONE', #261, 2.000000000000000444 ) ;
#7036 = DIRECTION ( 'NONE',  ( -0.4991391323160827009, 0.8665218558067350196, 0.000000000000000000 ) ) ;
#7037 = CARTESIAN_POINT ( 'NONE',  ( -0.8262526302591579608, -0.8474313685031431564, 9.273653810567676459 ) ) ;
#7038 = DIRECTION ( 'NONE',  ( -2.565753199199158405E-18, -2.902514036010829075E-16, 1.000000000000000000 ) ) ;
#7039 = B_SPLINE_CURVE_WITH_KNOTS ( 'NONE', 3,
 ( #3565, #5432, #661, #6582 ),
 .UNSPECIFIED., .F., .F.,
 ( 4, 4 ),
 ( 0.0003202496336566755140, 0.003199985460098048878 ),
 .UNSPECIFIED. ) ;
#7040 = VECTOR ( 'NONE', #6120, 1000.000000000000114 ) ;
#7041 = CARTESIAN_POINT ( 'NONE',  ( 1.426065627985125150, -0.3628375052865332462, 13.77968749999999609 ) ) ;
#7042 = ORIENTED_EDGE ( 'NONE', *, *, #5415, .T. ) ;
#7043 = CARTESIAN_POINT ( 'NONE',  ( 6.096396716318519537, 9.188956038038442742, -3.000000000000009770 ) ) ;
#7044 = CARTESIAN_POINT ( 'NONE',  ( 0.9218726222051467634, 0.2595604389839207826, 10.90624999999999822 ) ) ;
#7045 = CARTESIAN_POINT ( 'NONE',  ( -0.2997145786366769982, 1.064486813177378810, 12.36874999999999858 ) ) ;
#7046 = CARTESIAN_POINT ( 'NONE',  ( 6.318723393136410849, 11.29881526289060822, -5.833402939700062184 ) ) ;
#7047 = VECTOR ( 'NONE', #7005, 1000.000000000000000 ) ;
#7048 = DIRECTION ( 'NONE',  ( -0.4991391323160825899, 0.8665218558067350196, 2.168404344971009115E-16 ) ) ;
#7049 = VERTEX_POINT ( 'NONE', #742 ) ;
#7050 = B_SPLINE_CURVE_WITH_KNOTS ( 'NONE', 3,
 ( #1391, #171, #1350, #711 ),
 .UNSPECIFIED., .F., .F.,
 ( 4, 4 ),
 ( 0.002075698442432847689, 0.003113607506441764834 ),
 .UNSPECIFIED. ) ;
#7051 = ORIENTED_EDGE ( 'NONE', *, *, #1229, .T. ) ;
#7052 = CARTESIAN_POINT ( 'NONE',  ( -7.151945467620347330, 2.202197999314495114, 13.00000000000000178 ) ) ;
#7053 = CARTESIAN_POINT ( 'NONE',  ( -1.226662469500795938, -0.3453764016845490836, 9.964062499999998934 ) ) ;
#7054 = ORIENTED_EDGE ( 'NONE', *, *, #4446, .F. ) ;
#7055 = CARTESIAN_POINT ( 'NONE',  ( 0.2527409261506037841, 0.9933514102514430233, 12.37009618943231715 ) ) ;
#7056 = CARTESIAN_POINT ( 'NONE',  ( 9.059163932423629717, -6.061480746935928643, -3.000000000000042633 ) ) ;
#7057 = AXIS2_PLACEMENT_3D ( 'NONE', #506, #3261, #5009 ) ;
#7058 = CARTESIAN_POINT ( 'NONE',  ( -0.9124359724768810187, 0.8896326596143752097, 9.467187499999996092 ) ) ;
#7059 = CIRCLE ( 'NONE', #660, 4.499999999999999112 ) ;
#7060 = FACE_OUTER_BOUND ( 'NONE', #2773, .T. ) ;
#7061 = CARTESIAN_POINT ( 'NONE',  ( 4.618912597417258681, -4.349212160543602934, -6.000000000000008882 ) ) ;
#7062 = CARTESIAN_POINT ( 'NONE',  ( -12.08107470081068513, 6.874418817138785442, -2.500000000000006661 ) ) ;
#7063 = EDGE_LOOP ( 'NONE', ( #7229 ) ) ;
#7064 = AXIS2_PLACEMENT_3D ( 'NONE', #4602, #1545, #7376 ) ;
#7065 = EDGE_CURVE ( 'NONE', #1648, #6561, #3455, .T. ) ;
#7066 = CARTESIAN_POINT ( 'NONE',  ( 0.7720153328868067932, 0.7918038455726068570, 10.43749999999999645 ) ) ;
#7067 = CARTESIAN_POINT ( 'NONE',  ( 0.4177996954093083359, 5.271096352826175391, -2.981838234770760376 ) ) ;
#7068 = ORIENTED_EDGE ( 'NONE', *, *, #1127, .F. ) ;
#7069 = FACE_OUTER_BOUND ( 'NONE', #3621, .T. ) ;
#7070 = CARTESIAN_POINT ( 'NONE',  ( -0.2527409261505973448, -0.9933514102514280353, 10.66115381056767930 ) ) ;
#7071 = CARTESIAN_POINT ( 'NONE',  ( 0.7720153328868065712, 0.7918038455726065239, 13.58749999999999858 ) ) ;
#7072 = AXIS2_PLACEMENT_3D ( 'NONE', #5209, #4115, #5327 ) ;
#7073 = EDGE_LOOP ( 'NONE', ( #1022 ) ) ;
#7074 = ORIENTED_EDGE ( 'NONE', *, *, #5079, .T. ) ;
#7075 = EDGE_CURVE ( 'NONE', #5916, #7474, #4942, .T. ) ;
#7076 = ORIENTED_EDGE ( 'NONE', *, *, #6851, .F. ) ;
#7077 = DIRECTION ( 'NONE',  ( 1.000000000000000000, 0.000000000000000000, 0.000000000000000000 ) ) ;
#7078 = CARTESIAN_POINT ( 'NONE',  ( -0.2361503771250583472, -0.9281453293749780675, 13.00624999999999787 ) ) ;
#7079 = CARTESIAN_POINT ( 'NONE',  ( 0.6857222450800846136, -0.6685848903910641683, 12.63124999999999609 ) ) ;
#7080 = DIRECTION ( 'NONE',  ( 0.000000000000000000, 0.000000000000000000, 1.000000000000000000 ) ) ;
#7081 = CARTESIAN_POINT ( 'NONE',  ( -1.495091218127865051, 7.859052248806909446, 12.00000000000000000 ) ) ;
#7082 = CARTESIAN_POINT ( 'NONE',  ( -10.21125388041172144, 6.491769790504214654, 12.48930062949864706 ) ) ;
#7083 = ORIENTED_EDGE ( 'NONE', *, *, #2173, .T. ) ;
#7084 = VERTEX_POINT ( 'NONE', #6785 ) ;
#7085 = CARTESIAN_POINT ( 'NONE',  ( -2.547804054809201357, -11.01190503716762414, -2.799028858822261601 ) ) ;
#7086 = CARTESIAN_POINT ( 'NONE',  ( 0.3142264970239180832, 1.235009061298932398, 9.814062499999998579 ) ) ;
#7087 = ORIENTED_EDGE ( 'NONE', *, *, #2390, .F. ) ;
#7088 = VERTEX_POINT ( 'NONE', #4146 ) ;
#7089 = CARTESIAN_POINT ( 'NONE',  ( 0.3207707779579628826, -1.139271451999712914, 12.63259618943231821 ) ) ;
#7090 = ORIENTED_EDGE ( 'NONE', *, *, #3063, .F. ) ;
#7091 = ADVANCED_FACE ( 'NONE', ( #3918 ), #4470, .T. ) ;
#7092 = EDGE_CURVE ( 'NONE', #7354, #4525, #6828, .T. ) ;
#7093 = CARTESIAN_POINT ( 'NONE',  ( 0.2099756683955647796, -13.46552500117318552, -3.884459722877371846 ) ) ;
#7094 = EDGE_CURVE ( 'NONE', #5161, #5161, #6454, .T. ) ;
#7095 = CARTESIAN_POINT ( 'NONE',  ( -11.14277773728795928, 7.607243831355181563, 13.00000000000000178 ) ) ;
#7096 = LINE ( 'NONE', #4189, #3015 ) ;
#7097 = CARTESIAN_POINT ( 'NONE',  ( -6.874418817138667315, -12.08107470081076684, -5.500000000000010658 ) ) ;
#7098 = CARTESIAN_POINT ( 'NONE',  ( 5.794008873021389228, -1.558672890426154201, -6.000000000000010658 ) ) ;
#7099 = CIRCLE ( 'NONE', #2793, 2.000000000000000000 ) ;
#7100 = LINE ( 'NONE', #1817, #2812 ) ;
#7101 = EDGE_LOOP ( 'NONE', ( #456, #631, #1925, #5353, #5112, #1916, #6293 ) ) ;
#7102 = AXIS2_PLACEMENT_3D ( 'NONE', #6760, #1990, #218 ) ;
#7103 = CARTESIAN_POINT ( 'NONE',  ( -1.071729911523479739, 0.2726829676047793360, 8.787499999999997868 ) ) ;
#7104 = CARTESIAN_POINT ( 'NONE',  ( 4.065753027381878725E-16, -2.024594466550937630E-15, -6.000000000000000000 ) ) ;
#7105 = ORIENTED_EDGE ( 'NONE', *, *, #2957, .F. ) ;
#7106 = FACE_OUTER_BOUND ( 'NONE', #4243, .T. ) ;
#7107 = CARTESIAN_POINT ( 'NONE',  ( 0.2527409261506038951, 0.9933514102514432453, 10.88615381056767717 ) ) ;
#7108 = EDGE_LOOP ( 'NONE', ( #6685 ) ) ;
#7109 = AXIS2_PLACEMENT_3D ( 'NONE', #5458, #4916, #180 ) ;
#7110 = TOROIDAL_SURFACE ( 'NONE', #4392, 10.90000000000000036, 0.5000000000000000000 ) ;
#7111 = CIRCLE ( 'NONE', #4513, 2.000000000000000000 ) ;
#7112 = CARTESIAN_POINT ( 'NONE',  ( 7.004984823392124582, 11.95473229169779827, 12.00000000000000000 ) ) ;
#7113 = ORIENTED_EDGE ( 'NONE', *, *, #1722, .F. ) ;
#7114 = FACE_OUTER_BOUND ( 'NONE', #650, .T. ) ;
#7115 = CARTESIAN_POINT ( 'NONE',  ( 1.071729911523486845, -0.2726829676047643480, 11.31874999999999787 ) ) ;
#7116 = ADVANCED_FACE ( 'NONE', ( #1620 ), #3374, .F. ) ;
#7117 = CARTESIAN_POINT ( 'NONE',  ( -5.644400730121142296, -3.659336059698221177, -3.500000000000009326 ) ) ;
#7118 = CARTESIAN_POINT ( 'NONE',  ( 2.474873734152912341, -2.474873734152917670, 12.00000000000000000 ) ) ;
#7119 = ORIENTED_EDGE ( 'NONE', *, *, #793, .T. ) ;
#7120 = ORIENTED_EDGE ( 'NONE', *, *, #7075, .T. ) ;
#7121 = CARTESIAN_POINT ( 'NONE',  ( -6.444838686433802089, 2.909304780501044796, 15.69999999999998508 ) ) ;
#7122 = CARTESIAN_POINT ( 'NONE',  ( -1.027259311016472498, -1.053590308655646623, 11.35156250000000000 ) ) ;
#7123 = ORIENTED_EDGE ( 'NONE', *, *, #5807, .F. ) ;
#7124 = CARTESIAN_POINT ( 'NONE',  ( -10.75007685644518141, 1.801623595685781787, -3.000000000000488498 ) ) ;
#7125 = COORDINATED_UNIVERSAL_TIME_OFFSET ( 6, 0, .BEHIND. ) ;
#7126 = CARTESIAN_POINT ( 'NONE',  ( -0.9866380192381382086, -0.2777956425032831467, 12.52009618943231928 ) ) ;
#7127 = CARTESIAN_POINT ( 'NONE',  ( -5.024438761240560325, -3.279483973820192855, -5.500000000000007994 ) ) ;
#7128 = ORIENTED_EDGE ( 'NONE', *, *, #3299, .T. ) ;
#7129 = CARTESIAN_POINT ( 'NONE',  ( 0.1147417986138855595, 13.89952640630789915, -5.500000000000002665 ) ) ;
#7130 = DIRECTION ( 'NONE',  ( 2.565753199199158405E-18, 2.902514036010829075E-16, -1.000000000000000000 ) ) ;
#7131 = CARTESIAN_POINT ( 'NONE',  ( -9.059163932423587084, 6.061480746935974828, -3.000000000000039080 ) ) ;
#7132 = CARTESIAN_POINT ( 'NONE',  ( 5.715364357624481251, 10.66511182593017715, 12.00000000000000000 ) ) ;
#7133 = ADVANCED_FACE ( 'NONE', ( #2696, #6288 ), #2808, .F. ) ;
#7134 = EDGE_LOOP ( 'NONE', ( #6260, #1404, #2267, #1148 ) ) ;
#7135 = CARTESIAN_POINT ( 'NONE',  ( 0.7720153328868069043, 0.7918038455726068570, 9.537499999999997868 ) ) ;
#7136 = FACE_BOUND ( 'NONE', #1054, .T. ) ;
#7137 = CARTESIAN_POINT ( 'NONE',  ( -6.851236076796058505, -9.112444687665270493, -3.523742307847136157 ) ) ;
#7138 = VECTOR ( 'NONE', #6727, 1000.000000000000000 ) ;
#7139 = CARTESIAN_POINT ( 'NONE',  ( -0.7338970930875372556, 0.7155557677481522161, 10.96115381056767646 ) ) ;
#7140 = CARTESIAN_POINT ( 'NONE',  ( 0.2361503771250643979, 0.9281453293749929445, 13.62499999999999645 ) ) ;
#7141 = ORIENTED_EDGE ( 'NONE', *, *, #3993, .T. ) ;
#7142 = FACE_BOUND ( 'NONE', #1364, .T. ) ;
#7143 = ORIENTED_EDGE ( 'NONE', *, *, #6616, .F. ) ;
#7144 = DIRECTION ( 'NONE',  ( -0.2597788150710222954, -0.9656681455035657224, -2.809530629711173474E-16 ) ) ;
#7145 = CARTESIAN_POINT ( 'NONE',  ( 0.2997145786366831599, -1.064486813177364155, 13.04374999999999751 ) ) ;
#7146 = CARTESIAN_POINT ( 'NONE',  ( -0.6857222450800786184, 0.6685848903910791563, 11.95624999999999716 ) ) ;
#7147 = CARTESIAN_POINT ( 'NONE',  ( -1.065252492916103355, 5.599574727274924335, 16.00000000000000000 ) ) ;
#7148 = DIRECTION ( 'NONE',  ( 2.565753199199158405E-18, 2.902514036010829075E-16, -1.000000000000000000 ) ) ;
#7149 = DIRECTION ( 'NONE',  ( 0.2597788150710222954, 0.9656681455035657224, 2.809530629711173474E-16 ) ) ;
#7150 = CIRCLE ( 'NONE', #5924, 12.09999999999999964 ) ;
#7151 = ORIENTED_EDGE ( 'NONE', *, *, #1519, .T. ) ;
#7152 = ORIENTED_EDGE ( 'NONE', *, *, #7576, .T. ) ;
#7153 = AXIS2_PLACEMENT_3D ( 'NONE', #3955, #3297, #2769 ) ;
#7154 = CARTESIAN_POINT ( 'NONE',  ( -1.801623595685677648, -10.75007685644520805, -3.000000000000492939 ) ) ;
#7155 = EDGE_CURVE ( 'NONE', #54, #5285, #301, .T. ) ;
#7156 = CARTESIAN_POINT ( 'NONE',  ( -0.3142264970239113664, -1.235009061298917077, 10.93906249999999680 ) ) ;
#7157 = FACE_OUTER_BOUND ( 'NONE', #2913, .T. ) ;
#7158 = PERSON_AND_ORGANIZATION_ROLE ( 'design_owner' ) ;
#7159 = CARTESIAN_POINT ( 'NONE',  ( -0.8262526302591581828, -0.8474313685031431564, 12.10759618943231786 ) ) ;
#7160 = CARTESIAN_POINT ( 'NONE',  ( -1.986336989910140014E-16, -7.722277833420959334E-15, -5.500000000000014211 ) ) ;
#7161 = CIRCLE ( 'NONE', #6048, 5.999999999999999112 ) ;
#7162 = CARTESIAN_POINT ( 'NONE',  ( 7.073385883311384958, -10.18465572053229451, 16.00000000000000000 ) ) ;
#7163 = EDGE_LOOP ( 'NONE', ( #1032 ) ) ;
#7164 = CARTESIAN_POINT ( 'NONE',  ( -11.22228603804767388, 7.653416913244504016, 12.74822238610248171 ) ) ;
#7165 = CARTESIAN_POINT ( 'NONE',  ( 0.1182485631699684014, -13.03343818998276937, -5.500000000000016875 ) ) ;
#7166 = CARTESIAN_POINT ( 'NONE',  ( -1.495091218127865051, 7.859052248806909446, 15.70000000000000284 ) ) ;
#7167 = CARTESIAN_POINT ( 'NONE',  ( 10.35584007794617278, -6.820306172013396839, 15.69999999999999218 ) ) ;
#7168 = DIRECTION ( 'NONE',  ( 2.565753199199158405E-18, 2.902514036010829075E-16, -1.000000000000000000 ) ) ;
#7169 = CARTESIAN_POINT ( 'NONE',  ( 11.51812188064625886, -6.722976298045531429, -4.370509263300313307 ) ) ;
#7170 = ORIENTED_EDGE ( 'NONE', *, *, #2649, .F. ) ;
#7171 = CARTESIAN_POINT ( 'NONE',  ( -0.2361503771250580974, -0.9281453293749779565, 10.30624999999999858 ) ) ;
#7172 = CARTESIAN_POINT ( 'NONE',  ( -6.232706652077832921, -3.121436814857016184, 16.00000000000000000 ) ) ;
#7173 = AXIS2_PLACEMENT_3D ( 'NONE', #5472, #7243, #695 ) ;
#7174 = CARTESIAN_POINT ( 'NONE',  ( -0.7720153328867999099, -0.7918038455725919800, 11.56249999999999645 ) ) ;
#7175 = CARTESIAN_POINT ( 'NONE',  ( 0.7720153328868067932, 0.7918038455726068570, 10.43749999999999645 ) ) ;
#7176 = EDGE_CURVE ( 'NONE', #40, #254, #6815, .T. ) ;
#7177 = CARTESIAN_POINT ( 'NONE',  ( -2.700906402787883298, 5.357714494388376991, -2.500000000000006661 ) ) ;
#7178 = LINE ( 'NONE', #5557, #5439 ) ;
#7179 = CARTESIAN_POINT ( 'NONE',  ( -1.071729911523480405, 0.2726829676047791140, 13.73749999999999716 ) ) ;
#7180 = ORIENTED_EDGE ( 'NONE', *, *, #5346, .T. ) ;
#7181 = TOROIDAL_SURFACE ( 'NONE', #1152, 1.800000000000000044, 0.2000000000000000111 ) ;
#7182 = ADVANCED_FACE ( 'NONE', ( #3881, #3805 ), #5753, .T. ) ;
#7183 = EDGE_CURVE ( 'NONE', #4525, #7474, #6201, .T. ) ;
#7184 = DIRECTION ( 'NONE',  ( 1.000000000000000000, 0.000000000000000000, 0.000000000000000000 ) ) ;
#7185 = ORIENTED_EDGE ( 'NONE', *, *, #3470, .F. ) ;
#7186 = CARTESIAN_POINT ( 'NONE',  ( -0.04604345858550826232, 13.30184410068341094, -4.500000000000003553 ) ) ;
#7187 = CARTESIAN_POINT ( 'NONE',  ( -1.071729911523479739, 0.2726829676047793360, 7.887499999999998401 ) ) ;
#7188 = AXIS2_PLACEMENT_3D ( 'NONE', #2085, #4431, #5636 ) ;
#7189 = CARTESIAN_POINT ( 'NONE',  ( 0.6857222450800847247, -0.6685848903910641683, 11.28124999999999822 ) ) ;
#7190 = DIRECTION ( 'NONE',  ( 0.7071067811865459074, 0.7071067811865491270, 0.000000000000000000 ) ) ;
#7191 = CARTESIAN_POINT ( 'NONE',  ( 3.006193642668490984, -4.605735531137203687, -6.000000000000009770 ) ) ;
#7192 = DIRECTION ( 'NONE',  ( 0.9691233270745825967, -0.2465765133176547885, 8.725272832857036585E-17 ) ) ;
#7193 = VERTEX_POINT ( 'NONE', #3262 ) ;
#7194 = ORIENTED_EDGE ( 'NONE', *, *, #4014, .T. ) ;
#7195 = CARTESIAN_POINT ( 'NONE',  ( 9.656681455035650785, -2.597788150710252264, -6.000000000000008882 ) ) ;
#7196 = CARTESIAN_POINT ( 'NONE',  ( -0.3142264970239110888, -1.235009061298916855, 8.717187499999997868 ) ) ;
#7197 = CARTESIAN_POINT ( 'NONE',  ( 1.027259311016479826, 1.053590308655661278, 11.12656250000000036 ) ) ;
#7198 = DIRECTION ( 'NONE',  ( 0.000000000000000000, 0.000000000000000000, -1.000000000000000000 ) ) ;
#7199 = ORIENTED_EDGE ( 'NONE', *, *, #4763, .F. ) ;
#7200 = ORIENTED_EDGE ( 'NONE', *, *, #4259, .T. ) ;
#7201 = FACE_OUTER_BOUND ( 'NONE', #5361, .T. ) ;
#7202 = DIRECTION ( 'NONE',  ( 2.565753199199158405E-18, 2.902514036010829075E-16, -1.000000000000000000 ) ) ;
#7203 = CARTESIAN_POINT ( 'NONE',  ( 2.454303994262525990, 4.922031278217046335, -3.000000000000006217 ) ) ;
#7204 = DIRECTION ( 'NONE',  ( -0.2597788150710222954, -0.9656681455035657224, -2.809530629711173474E-16 ) ) ;
#7205 = DIRECTION ( 'NONE',  ( -0.7071067811865383579, 0.7071067811865566766, 0.000000000000000000 ) ) ;
#7206 = ADVANCED_FACE ( 'NONE', ( #6171 ), #7316, .F. ) ;
#7207 = ORIENTED_EDGE ( 'NONE', *, *, #2289, .F. ) ;
#7208 = CARTESIAN_POINT ( 'NONE',  ( -0.7720153328867999099, -0.7918038455725918690, 10.71874999999999822 ) ) ;
#7209 = CARTESIAN_POINT ( 'NONE',  ( 0.7720153328868069043, 0.7918038455726068570, 9.537499999999997868 ) ) ;
#7210 = CARTESIAN_POINT ( 'NONE',  ( 0.2361503771250644812, 0.9281453293749930555, 12.72499999999999609 ) ) ;
#7211 = CARTESIAN_POINT ( 'NONE',  ( 0.2361503771250648420, 0.9281453293749931666, 9.124999999999998224 ) ) ;
#7212 = DIRECTION ( 'NONE',  ( 0.000000000000000000, 0.000000000000000000, 1.000000000000000000 ) ) ;
#7213 = CARTESIAN_POINT ( 'NONE',  ( 0.3207707779579633822, -1.139271451999712692, 8.448653810567678946 ) ) ;
#7214 = CARTESIAN_POINT ( 'NONE',  ( 2.547804054809201801, 11.01190503716760638, -2.799028858822257160 ) ) ;
#7215 = FACE_OUTER_BOUND ( 'NONE', #1490, .T. ) ;
#7216 = ORIENTED_EDGE ( 'NONE', *, *, #649, .F. ) ;
#7217 = AXIS2_PLACEMENT_3D ( 'NONE', #5326, #44, #1846 ) ;
#7218 = B_SPLINE_CURVE_WITH_KNOTS ( 'NONE', 3,
 ( #4637, #515, #2855, #4157, #5217, #7582, #4677, #2286, #6484, #5364, #4044, #3572, #5944, #1200, #668, #7067, #3003, #81 ),
 .UNSPECIFIED., .F., .F.,
 ( 4, 2, 2, 2, 2, 2, 2, 2, 4 ),
 ( 0.001582351279899268546, 0.001924713907764860447, 0.002267076535630452565, 0.002609439163496043816, 0.002951801791361635067, 0.003294164419227226318, 0.003636527047092818002, 0.003978889674958409686, 0.004321252302824001371 ),
 .UNSPECIFIED. ) ;
#7219 = AXIS2_PLACEMENT_3D ( 'NONE', #1034, #1523, #7477 ) ;
#7220 = CARTESIAN_POINT ( 'NONE',  ( 10.53657748236155811, -5.950273855088113351, 12.02506098602420259 ) ) ;
#7221 = ORIENTED_EDGE ( 'NONE', *, *, #2117, .T. ) ;
#7222 = FACE_OUTER_BOUND ( 'NONE', #2407, .T. ) ;
#7223 = CARTESIAN_POINT ( 'NONE',  ( 0.2361503771250648975, 0.9281453293749931666, 8.674999999999997158 ) ) ;
#7224 = CARTESIAN_POINT ( 'NONE',  ( 11.01190503716760460, -2.547804054809247987, -2.799028858822259380 ) ) ;
#7225 = DIRECTION ( 'NONE',  ( 2.565753199199158405E-18, 2.902514036010829075E-16, -1.000000000000000000 ) ) ;
#7226 = VECTOR ( 'NONE', #2401, 1000.000000000000114 ) ;
#7227 = VECTOR ( 'NONE', #7007, 1000.000000000000000 ) ;
#7228 = DIRECTION ( 'NONE',  ( 0.9656681455035655004, -0.2597788150710230726, -7.292349956650012203E-17 ) ) ;
#7229 = ORIENTED_EDGE ( 'NONE', *, *, #4446, .T. ) ;
#7230 = UNCERTAINTY_MEASURE_WITH_UNIT (LENGTH_MEASURE( 1.000000000000000082E-05 ), #5200, 'distance_accuracy_value', 'NONE');
#7231 = EDGE_CURVE ( 'NONE', #7498, #3494, #4474, .T. ) ;
#7232 = CIRCLE ( 'NONE', #5144, 2.000000000000000000 ) ;
#7233 = ORIENTED_EDGE ( 'NONE', *, *, #5891, .F. ) ;
#7234 = CARTESIAN_POINT ( 'NONE',  ( 11.22250899957440140, 7.653408946381849098, 12.74772818323394930 ) ) ;
#7235 = CARTESIAN_POINT ( 'NONE',  ( 0.3142264970239181388, 1.235009061298932398, 9.392187499999996803 ) ) ;
#7236 = CARTESIAN_POINT ( 'NONE',  ( 0.9124359724768872359, -0.8896326596143605547, 12.81406249999999680 ) ) ;
#7237 = LINE ( 'NONE', #6621, #1342 ) ;
#7238 = ORIENTED_EDGE ( 'NONE', *, *, #5528, .F. ) ;
#7239 = VERTEX_POINT ( 'NONE', #895 ) ;
#7240 = CARTESIAN_POINT ( 'NONE',  ( 1.121318413595938868, -5.894289186605173647, 15.70000000000000284 ) ) ;
#7241 = CARTESIAN_POINT ( 'NONE',  ( 1.011504852246318586, 0.1796375186185592554, 8.107530763567309506 ) ) ;
#7242 = CYLINDRICAL_SURFACE ( 'NONE', #3517, 13.89999999999999858 ) ;
#7243 = DIRECTION ( 'NONE',  ( 0.000000000000000000, 0.000000000000000000, 1.000000000000000000 ) ) ;
#7244 = CARTESIAN_POINT ( 'NONE',  ( -6.307474895378915924, -1.927630785229587529, -2.500000000000009326 ) ) ;
#7245 = CARTESIAN_POINT ( 'NONE',  ( 11.13757515829075473, 0.6282633691912588025, -2.949281131751064766 ) ) ;
#7246 = ORIENTED_EDGE ( 'NONE', *, *, #4471, .F. ) ;
#7247 = CARTESIAN_POINT ( 'NONE',  ( 0.2361503771250647588, 0.9281453293749931666, 10.08124999999999893 ) ) ;
#7248 = CARTESIAN_POINT ( 'NONE',  ( 0.2361503771250648143, 0.9281453293749931666, 9.574999999999997513 ) ) ;
#7249 = AXIS2_PLACEMENT_3D ( 'NONE', #698, #7, #6585 ) ;
#7250 = EDGE_CURVE ( 'NONE', #4728, #3204, #3228, .T. ) ;
#7251 = CARTESIAN_POINT ( 'NONE',  ( 0.2997145786366831599, -1.064486813177364155, 12.08749999999999680 ) ) ;
#7252 = CARTESIAN_POINT ( 'NONE',  ( 0.7720153328868069043, 0.7918038455726068570, 9.087499999999998579 ) ) ;
#7253 = CARTESIAN_POINT ( 'NONE',  ( 9.567717250745632285, -6.198289006635989473, -4.500000000000009770 ) ) ;
#7254 = CARTESIAN_POINT ( 'NONE',  ( -7.640368203142161363, -11.17590210907530590, 12.87352342514724413 ) ) ;
#7255 = FACE_OUTER_BOUND ( 'NONE', #4252, .T. ) ;
#7256 = DIRECTION ( 'NONE',  ( 0.000000000000000000, 1.000000000000000000, 0.000000000000000000 ) ) ;
#7257 = DIRECTION ( 'NONE',  ( 1.092944362199429846E-17, -5.442458243416499620E-17, -1.000000000000000000 ) ) ;
#7258 = AXIS2_PLACEMENT_3D ( 'NONE', #496, #3364, #6933 ) ;
#7259 = DIRECTION ( 'NONE',  ( 0.7071067811865433539, -0.7071067811865517916, 0.000000000000000000 ) ) ;
#7260 = ORIENTED_EDGE ( 'NONE', *, *, #3610, .T. ) ;
#7261 = ADVANCED_FACE ( 'NONE', ( #5676, #5010 ), #933, .F. ) ;
#7262 = CARTESIAN_POINT ( 'NONE',  ( -4.557079067350040980, 1.344592411230136175, -2.661327133959427105 ) ) ;
#7263 = CARTESIAN_POINT ( 'NONE',  ( 0.7720153328868065712, 0.7918038455726065239, 13.64374999999999716 ) ) ;
#7264 = CARTESIAN_POINT ( 'NONE',  ( -2.050480819890118965E-16, -8.447906342423668944E-15, -3.000000000000007994 ) ) ;
#7265 = FACE_OUTER_BOUND ( 'NONE', #2371, .T. ) ;
#7266 = CARTESIAN_POINT ( 'NONE',  ( 7.607243831355297026, 11.14277773728788112, 13.00000000000000178 ) ) ;
#7267 = VECTOR ( 'NONE', #842, 1000.000000000000114 ) ;
#7268 = ORIENTED_EDGE ( 'NONE', *, *, #4663, .F. ) ;
#7269 = EDGE_CURVE ( 'NONE', #847, #5916, #6567, .T. ) ;
#7270 = EDGE_LOOP ( 'NONE', ( #185 ) ) ;
#7271 = CARTESIAN_POINT ( 'NONE',  ( 11.14277773728795928, 7.607243831355182451, 13.00000000000000178 ) ) ;
#7272 = CARTESIAN_POINT ( 'NONE',  ( 1.027259311016479604, 1.053590308655661278, 12.05468749999999645 ) ) ;
#7273 = CARTESIAN_POINT ( 'NONE',  ( -1.226662469500795938, -0.3453764016845491946, 12.21406249999999716 ) ) ;
#7274 = CIRCLE ( 'NONE', #3563, 2.300000000000007816 ) ;
#7275 = FACE_OUTER_BOUND ( 'NONE', #3575, .T. ) ;
#7276 = CARTESIAN_POINT ( 'NONE',  ( -1.986336989910140261E-16, -7.722277833420962489E-15, -5.500000000000007105 ) ) ;
#7277 = EDGE_LOOP ( 'NONE', ( #1321 ) ) ;
#7278 = CIRCLE ( 'NONE', #3809, 6.500000000000000000 ) ;
#7279 = EDGE_LOOP ( 'NONE', ( #1532, #3906, #4494, #485 ) ) ;
#7280 = DIRECTION ( 'NONE',  ( -0.9656681455035655004, 0.2597788150710230726, 7.292349956650012203E-17 ) ) ;
#7281 = DIRECTION ( 'NONE',  ( -0.7071067811865459074, -0.7071067811865491270, 0.000000000000000000 ) ) ;
#7282 = VERTEX_POINT ( 'NONE', #2849 ) ;
#7283 = CARTESIAN_POINT ( 'NONE',  ( -2.050480819890118965E-16, -8.447906342423668944E-15, -3.000000000000007994 ) ) ;
#7284 = CARTESIAN_POINT ( 'NONE',  ( 0.6857222450800850577, -0.6685848903910639462, 8.131249999999997868 ) ) ;
#7285 = CARTESIAN_POINT ( 'NONE',  ( -9.567717250745857882, 6.198289006636112930, -2.635821127863690716 ) ) ;
#7286 = CIRCLE ( 'NONE', #521, 5.499999999999999112 ) ;
#7287 = CARTESIAN_POINT ( 'NONE',  ( 2.909304780501023480, -6.444838686433811858, 12.00000000000000000 ) ) ;
#7288 = VERTEX_POINT ( 'NONE', #6 ) ;
#7289 = B_SPLINE_CURVE_WITH_KNOTS ( 'NONE', 3,
 ( #664, #5398, #77, #1262, #3638, #1888, #7615, #2429, #5250, #3531 ),
 .UNSPECIFIED., .F., .F.,
 ( 4, 2, 2, 2, 4 ),
 ( 0.000000000000000000, 0.0003977742189626835324, 0.0007955484379253670649, 0.001193322656888050597, 0.001591096875850734130 ),
 .UNSPECIFIED. ) ;
#7290 = CARTESIAN_POINT ( 'NONE',  ( -10.75007685644518141, 1.801623595685781787, -3.000000000000488498 ) ) ;
#7291 = CARTESIAN_POINT ( 'NONE',  ( 0.7720153328868067932, 0.7918038455726065239, 11.33749999999999680 ) ) ;
#7292 = CARTESIAN_POINT ( 'NONE',  ( 0.2997145786366834930, -1.064486813177363933, 9.837499999999996803 ) ) ;
#7293 = DIRECTION ( 'NONE',  ( -0.000000000000000000, -0.000000000000000000, -1.000000000000000000 ) ) ;
#7294 = CARTESIAN_POINT ( 'NONE',  ( 4.911238286522657148, 2.475830869222267694, -6.000000000000007105 ) ) ;
#7295 = PLANE ( 'NONE',  #1279 ) ;
#7296 = CARTESIAN_POINT ( 'NONE',  ( 1.079081276367249403E-14, -9.374903399416782044E-15, 9.999999999999994671 ) ) ;
#7297 = EDGE_CURVE ( 'NONE', #3903, #5717, #788, .T. ) ;
#7298 = FACE_BOUND ( 'NONE', #2229, .T. ) ;
#7299 = CARTESIAN_POINT ( 'NONE',  ( 0.2361503771250645645, 0.9281453293749930555, 11.88124999999999787 ) ) ;
#7300 = VECTOR ( 'NONE', #4248, 1000.000000000000000 ) ;
#7301 = PLANE ( 'NONE',  #5783 ) ;
#7302 = ORIENTED_EDGE ( 'NONE', *, *, #4561, .T. ) ;
#7303 = CARTESIAN_POINT ( 'NONE',  ( -4.656982021476120615, 2.089734771006483971, -2.923197837245866459 ) ) ;
#7304 = AXIS2_PLACEMENT_3D ( 'NONE', #1407, #959, #5032 ) ;
#7305 = FACE_OUTER_BOUND ( 'NONE', #3338, .T. ) ;
#7306 = DIRECTION ( 'NONE',  ( 1.000000000000000000, 0.000000000000000000, 0.000000000000000000 ) ) ;
#7307 = CARTESIAN_POINT ( 'NONE',  ( 6.874418817138667315, 12.08107470081074908, -5.500000000000004441 ) ) ;
#7308 = ORIENTED_EDGE ( 'NONE', *, *, #6279, .T. ) ;
#7309 = EDGE_CURVE ( 'NONE', #4532, #6928, #6950, .T. ) ;
#7310 = ORIENTED_EDGE ( 'NONE', *, *, #1456, .T. ) ;
#7311 = CARTESIAN_POINT ( 'NONE',  ( 4.065753027381878725E-16, -2.024594466550937630E-15, -25.79999999999999716 ) ) ;
#7312 = CARTESIAN_POINT ( 'NONE',  ( -0.3142264970239114219, -1.235009061298917077, 11.41718749999999716 ) ) ;
#7313 = CARTESIAN_POINT ( 'NONE',  ( -0.9124359724768814628, 0.8896326596143749876, 14.38906249999999787 ) ) ;
#7314 = DIRECTION ( 'NONE',  ( 1.000000000000000000, 0.000000000000000000, 0.000000000000000000 ) ) ;
#7315 = CARTESIAN_POINT ( 'NONE',  ( -10.35192058128859038, -6.958114565251110051, 15.80021675202821285 ) ) ;
#7316 = TOROIDAL_SURFACE ( 'NONE', #3480, 10.90000000000000036, 0.5000000000000000000 ) ;
#7317 = ORIENTED_EDGE ( 'NONE', *, *, #1061, .F. ) ;
#7318 = CARTESIAN_POINT ( 'NONE',  ( -1.121318413595980390, -5.894289186605166542, 15.69999999999999574 ) ) ;
#7319 = DIRECTION ( 'NONE',  ( 0.2597788150710264032, 0.9656681455035646122, 2.809530629711169530E-16 ) ) ;
#7320 = EDGE_LOOP ( 'NONE', ( #445, #2969, #18, #7326, #3799, #98, #2438 ) ) ;
#7321 = CARTESIAN_POINT ( 'NONE',  ( -1.927630785229512922, 6.307474895378927471, -3.000000000000006217 ) ) ;
#7322 = CARTESIAN_POINT ( 'NONE',  ( 3.250000000000000000, 0.000000000000000000, 3.000000000000000000 ) ) ;
#7323 = ADVANCED_FACE ( 'NONE', ( #2386, #624 ), #2999, .F. ) ;
#7324 = CYLINDRICAL_SURFACE ( 'NONE', #1215, 4.499999999999999112 ) ;
#7325 = ADVANCED_FACE ( 'NONE', ( #5904 ), #4708, .T. ) ;
#7326 = ORIENTED_EDGE ( 'NONE', *, *, #6294, .T. ) ;
#7327 = CARTESIAN_POINT ( 'NONE',  ( 0.2997145786366834375, -1.064486813177363933, 10.34374999999999822 ) ) ;
#7328 = CARTESIAN_POINT ( 'NONE',  ( -1.065252492916181959, -5.599574727274911012, 16.00000000000000000 ) ) ;
#7329 = CARTESIAN_POINT ( 'NONE',  ( 0.7720153328868067932, 0.7918038455726065239, 11.33749999999999680 ) ) ;
#7330 = EDGE_CURVE ( 'NONE', #4657, #7461, #3999, .T. ) ;
#7331 = CARTESIAN_POINT ( 'NONE',  ( 0.6857222450800846136, -0.6685848903910641683, 12.12499999999999645 ) ) ;
#7332 = CARTESIAN_POINT ( 'NONE',  ( 0.6857222450800850577, -0.6685848903910640573, 8.524999999999998579 ) ) ;
#7333 = FACE_OUTER_BOUND ( 'NONE', #1466, .T. ) ;
#7334 = CARTESIAN_POINT ( 'NONE',  ( 0.2527409261506041727, 0.9933514102514432453, 8.186153810567677880 ) ) ;
#7335 = LINE ( 'NONE', #7373, #6890 ) ;
#7336 = ORIENTED_EDGE ( 'NONE', *, *, #5556, .T. ) ;
#7337 = EDGE_CURVE ( 'NONE', #4559, #2153, #5791, .T. ) ;
#7338 = DIRECTION ( 'NONE',  ( -0.4991391323160827009, 0.8665218558067349086, 2.891205793294678819E-16 ) ) ;
#7339 = CARTESIAN_POINT ( 'NONE',  ( 10.13914676754892241, -6.603612861616147356, 13.00000000000000178 ) ) ;
#7340 = ORIENTED_EDGE ( 'NONE', *, *, #1541, .T. ) ;
#7341 = CARTESIAN_POINT ( 'NONE',  ( -0.7522829410904898761, 13.54302093178399780, -3.524371772418389170 ) ) ;
#7342 = DIRECTION ( 'NONE',  ( -0.7071067811865491270, 0.7071067811865459074, 0.000000000000000000 ) ) ;
#7343 = CARTESIAN_POINT ( 'NONE',  ( 0.1182485631699684014, -13.03343818998276937, -5.500000000000016875 ) ) ;
#7344 = DIRECTION ( 'NONE',  ( 0.9656681455035647232, -0.2597788150710256261, -7.292349956650084926E-17 ) ) ;
#7345 = AXIS2_PLACEMENT_3D ( 'NONE', #2495, #3380, #3067 ) ;
#7346 = EDGE_LOOP ( 'NONE', ( #7539 ) ) ;
#7347 = ADVANCED_FACE ( 'NONE', ( #1777 ), #663, .F. ) ;
#7348 = ORIENTED_EDGE ( 'NONE', *, *, #1698, .F. ) ;
#7349 = VECTOR ( 'NONE', #3900, 1000.000000000000000 ) ;
#7350 = DIRECTION ( 'NONE',  ( 0.1836913617453276859, 0.6828304940614117191, 0.7071067811865443531 ) ) ;
#7351 = CARTESIAN_POINT ( 'NONE',  ( -1.426065627985118933, 0.3628375052865480122, 12.20468749999999680 ) ) ;
#7352 = CARTESIAN_POINT ( 'NONE',  ( 0.3988063169686490994, -1.416427813942187308, 12.77656249999999893 ) ) ;
#7353 = FACE_OUTER_BOUND ( 'NONE', #3283, .T. ) ;
#7354 = VERTEX_POINT ( 'NONE', #4153 ) ;
#7355 = CIRCLE ( 'NONE', #5759, 5.999999999999999112 ) ;
#7356 = ORIENTED_EDGE ( 'NONE', *, *, #708, .T. ) ;
#7357 = DIRECTION ( 'NONE',  ( 1.000000000000000000, 0.000000000000000000, 0.000000000000000000 ) ) ;
#7358 = CYLINDRICAL_SURFACE ( 'NONE', #1258, 1.000000000000000000 ) ;
#7359 = VERTEX_POINT ( 'NONE', #1195 ) ;
#7360 = DIRECTION ( 'NONE',  ( 1.000000000000000000, 1.776356839400250465E-15, 0.000000000000000000 ) ) ;
#7361 = CARTESIAN_POINT ( 'NONE',  ( 0.2361503771250649808, 0.9281453293749931666, 7.831249999999998046 ) ) ;
#7362 = VECTOR ( 'NONE', #1627, 1000.000000000000114 ) ;
#7363 = CARTESIAN_POINT ( 'NONE',  ( -10.33179208844974895, 3.769802286781703149, -6.000000000000007105 ) ) ;
#7364 = FACE_OUTER_BOUND ( 'NONE', #2865, .T. ) ;
#7365 = ORIENTED_EDGE ( 'NONE', *, *, #5238, .T. ) ;
#7366 = CARTESIAN_POINT ( 'NONE',  ( 1.071729911523486845, -0.2726829676047642370, 10.36249999999999716 ) ) ;
#7367 = CARTESIAN_POINT ( 'NONE',  ( 0.3142264970239181943, 1.235009061298932398, 8.492187499999996447 ) ) ;
#7368 = CARTESIAN_POINT ( 'NONE',  ( 0.2997145786366831599, -1.064486813177364155, 12.98749999999999716 ) ) ;
#7369 = CARTESIAN_POINT ( 'NONE',  ( 6.444838686433802089, 2.909304780501045684, 15.69999999999999218 ) ) ;
#7370 = DIRECTION ( 'NONE',  ( -0.7071067811865491270, -0.7071067811865459074, 0.000000000000000000 ) ) ;
#7371 = CARTESIAN_POINT ( 'NONE',  ( -2.063309585886114755E-16, -8.593032044224210867E-15, -2.500000000000008438 ) ) ;
#7372 = DIRECTION ( 'NONE',  ( -0.4991391323160826454, 0.8665218558067350196, 2.662952704350361526E-16 ) ) ;
#7373 = CARTESIAN_POINT ( 'NONE',  ( 4.489023189881747200, -4.832046233295378634, -2.500000000000010214 ) ) ;
#7374 = FACE_OUTER_BOUND ( 'NONE', #3213, .T. ) ;
#7375 = CARTESIAN_POINT ( 'NONE',  ( 11.95473229169787288, -7.004984823391997573, 12.00000000000000000 ) ) ;
#7376 = DIRECTION ( 'NONE',  ( 1.000000000000000000, 0.000000000000000000, 0.000000000000000000 ) ) ;
#7377 = EDGE_LOOP ( 'NONE', ( #3479 ) ) ;
#7378 = FACE_OUTER_BOUND ( 'NONE', #4424, .T. ) ;
#7379 = CIRCLE ( 'NONE', #2327, 5.500000000000000000 ) ;
#7380 = CARTESIAN_POINT ( 'NONE',  ( 0.8262526302591649552, 0.8474313685031579224, 13.09865381056767752 ) ) ;
#7381 = CARTESIAN_POINT ( 'NONE',  ( -0.2029595715829747848, -12.94404492715473332, -5.833402939700352619 ) ) ;
#7382 = CARTESIAN_POINT ( 'NONE',  ( 2.407412430484044816E-32, 2.407412430484044816E-32, 3.000000000000000000 ) ) ;
#7383 = B_SPLINE_CURVE_WITH_KNOTS ( 'NONE', 3,
 ( #1479, #1498, #5517, #2585 ),
 .UNSPECIFIED., .F., .F.,
 ( 4, 4 ),
 ( 0.0003202496336566648888, 0.003199985460098047144 ),
 .UNSPECIFIED. ) ;
#7384 =( BOUNDED_CURVE ( )  B_SPLINE_CURVE ( 3, ( #881, #1959, #4345, #6079 ),
 .UNSPECIFIED., .F., .T. ) 
 B_SPLINE_CURVE_WITH_KNOTS ( ( 4, 4 ),
 ( 1.570171579932874151, 1.608548252332377304 ),
 .UNSPECIFIED. ) 
 CURVE ( )  GEOMETRIC_REPRESENTATION_ITEM ( )  RATIONAL_B_SPLINE_CURVE ( ( 1.000000000000000000, 0.9998772730169580569, 0.9998772730169580569, 1.000000000000000000 ) ) 
 REPRESENTATION_ITEM ( '' )  );
#7385 = ORIENTED_EDGE ( 'NONE', *, *, #7231, .F. ) ;
#7386 = CARTESIAN_POINT ( 'NONE',  ( -4.911238286522657148, -2.475830869222283237, -6.000000000000008882 ) ) ;
#7387 = CARTESIAN_POINT ( 'NONE',  ( 1.226662469500802377, 0.3453764016845634055, 13.36718749999999467 ) ) ;
#7388 = CARTESIAN_POINT ( 'NONE',  ( 0.9124359724768870139, -0.8896326596143606658, 14.16406249999999822 ) ) ;
#7389 = ORIENTED_EDGE ( 'NONE', *, *, #755, .F. ) ;
#7390 = EDGE_CURVE ( 'NONE', #5826, #5826, #4099, .T. ) ;
#7391 = VERTEX_POINT ( 'NONE', #1696 ) ;
#7392 = VECTOR ( 'NONE', #5261, 1000.000000000000000 ) ;
#7393 = CARTESIAN_POINT ( 'NONE',  ( -7.231545417347531313, 11.80847756275410987, 12.02626313287921178 ) ) ;
#7394 = CARTESIAN_POINT ( 'NONE',  ( 6.444838686433802089, -2.909304780501044796, -5.729735577732628649 ) ) ;
#7395 = ORIENTED_EDGE ( 'NONE', *, *, #665, .F. ) ;
#7396 = CARTESIAN_POINT ( 'NONE',  ( 0.000000000000000000, 0.000000000000000000, 12.00000000000000000 ) ) ;
#7397 = CARTESIAN_POINT ( 'NONE',  ( 1.071729911523486845, -0.2726829676047642370, 9.518749999999998934 ) ) ;
#7398 = VERTEX_POINT ( 'NONE', #6202 ) ;
#7399 = CARTESIAN_POINT ( 'NONE',  ( -1.071729911523479961, 0.2726829676047792805, 9.743749999999998579 ) ) ;
#7400 = CONICAL_SURFACE ( 'NONE', #7541, 13.89999999999999858, 0.2617993877991497409 ) ;
#7401 = ORIENTED_EDGE ( 'NONE', *, *, #4824, .F. ) ;
#7402 = CARTESIAN_POINT ( 'NONE',  ( 0.2361503771250646200, 0.9281453293749930555, 11.43124999999999680 ) ) ;
#7403 = EDGE_CURVE ( 'NONE', #6419, #1937, #2898, .T. ) ;
#7404 = CARTESIAN_POINT ( 'NONE',  ( 0.2997145786366831599, -1.064486813177364155, 12.98749999999999716 ) ) ;
#7405 = CARTESIAN_POINT ( 'NONE',  ( -0.6857222450800785074, 0.6685848903910791563, 11.44999999999999751 ) ) ;
#7406 = CIRCLE ( 'NONE', #4946, 1.249999999999988454 ) ;
#7407 = CARTESIAN_POINT ( 'NONE',  ( 7.004984823392124582, 11.95473229169779827, 12.00000000000000000 ) ) ;
#7408 = CARTESIAN_POINT ( 'NONE',  ( -0.6857222450800786184, 0.6685848903910790453, 13.75624999999999787 ) ) ;
#7409 = DIRECTION ( 'NONE',  ( 0.000000000000000000, 0.000000000000000000, 1.000000000000000000 ) ) ;
#7410 = CARTESIAN_POINT ( 'NONE',  ( 6.491769790504323012, 10.21125388041165571, 12.48930062949864883 ) ) ;
#7411 = CARTESIAN_POINT ( 'NONE',  ( -6.198289006635946841, -9.567717250745662483, -4.500000000000010658 ) ) ;
#7412 = CARTESIAN_POINT ( 'NONE',  ( 1.071729911523486845, -0.2726829676047643480, 12.66874999999999751 ) ) ;
#7413 = CIRCLE ( 'NONE', #5819, 1.999999999999999556 ) ;
#7414 = B_SPLINE_CURVE_WITH_KNOTS ( 'NONE', 3,
 ( #3009, #4052, #6420, #4686 ),
 .UNSPECIFIED., .F., .F.,
 ( 4, 4 ),
 ( 0.0005192062422628802507, 0.001557115306271327718 ),
 .UNSPECIFIED. ) ;
#7415 = EDGE_CURVE ( 'NONE', #5818, #405, #2751, .T. ) ;
#7416 = DIRECTION ( 'NONE',  ( 2.565753199199158405E-18, 2.902514036010829075E-16, -1.000000000000000000 ) ) ;
#7417 = DIRECTION ( 'NONE',  ( -2.565753199199158405E-18, -2.902514036010829075E-16, 1.000000000000000000 ) ) ;
#7418 = EDGE_LOOP ( 'NONE', ( #6734 ) ) ;
#7419 = CARTESIAN_POINT ( 'NONE',  ( 2.700906402787920602, -5.357714494388375215, -3.000000000000009770 ) ) ;
#7420 = CARTESIAN_POINT ( 'NONE',  ( 0.9866380192381446479, 0.2777956425032975796, 12.61115381056767681 ) ) ;
#7421 = CARTESIAN_POINT ( 'NONE',  ( -0.9218726222051401020, -0.2595604389839064052, 12.87499999999999822 ) ) ;
#7422 = CYLINDRICAL_SURFACE ( 'NONE', #6606, 6.000000000000000000 ) ;
#7423 = CARTESIAN_POINT ( 'NONE',  ( 7.635131238675314513, -11.34046542128400148, 12.50760534207398500 ) ) ;
#7424 = EDGE_CURVE ( 'NONE', #5769, #5145, #3353, .T. ) ;
#7425 = ORIENTED_EDGE ( 'NONE', *, *, #4048, .T. ) ;
#7426 = EDGE_CURVE ( 'NONE', #6637, #1309, #766, .T. ) ;
#7427 = AXIS2_PLACEMENT_3D ( 'NONE', #4542, #4586, #2923 ) ;
#7428 = CARTESIAN_POINT ( 'NONE',  ( 1.226662469500802821, 0.3453764016845635720, 8.389062499999999645 ) ) ;
#7429 = AXIS2_PLACEMENT_3D ( 'NONE', #5889, #7596, #7048 ) ;
#7430 = ORIENTED_EDGE ( 'NONE', *, *, #7011, .F. ) ;
#7431 = FACE_OUTER_BOUND ( 'NONE', #2871, .T. ) ;
#7432 = CARTESIAN_POINT ( 'NONE',  ( -1.226662469500796160, -0.3453764016845491946, 12.69218749999999751 ) ) ;
#7433 = B_SPLINE_CURVE_WITH_KNOTS ( 'NONE', 3,
 ( #4496, #4454, #7520, #494, #3322, #4619, #1111, #7393, #7440, #455 ),
 .UNSPECIFIED., .F., .F.,
 ( 4, 2, 2, 2, 4 ),
 ( 0.000000000000000000, 0.0003992912889338786362, 0.0007985825778677572723, 0.001197873866801636017, 0.001597165155735514545 ),
 .UNSPECIFIED. ) ;
#7434 = AXIS2_PLACEMENT_3D ( 'NONE', #692, #6040, #6003 ) ;
#7435 = CARTESIAN_POINT ( 'NONE',  ( 0.6857222450800850577, -0.6685848903910639462, 8.131249999999997868 ) ) ;
#7436 = CARTESIAN_POINT ( 'NONE',  ( -11.14277773728795928, -7.607243831355182451, 13.00000000000000178 ) ) ;
#7437 = ORIENTED_EDGE ( 'NONE', *, *, #4343, .F. ) ;
#7438 = AXIS2_PLACEMENT_3D ( 'NONE', #4081, #3462, #3536 ) ;
#7439 = VERTEX_POINT ( 'NONE', #1848 ) ;
#7440 = CARTESIAN_POINT ( 'NONE',  ( -7.121572556203235926, 11.88641664237935736, 12.00000000000000000 ) ) ;
#7441 = EDGE_LOOP ( 'NONE', ( #4610, #6147, #1504, #4296 ) ) ;
#7442 = CARTESIAN_POINT ( 'NONE',  ( 0.9218726222051469854, 0.2595604389839208936, 8.206249999999998934 ) ) ;
#7443 = CIRCLE ( 'NONE', #4222, 2.349999999999983658 ) ;
#7444 = FACE_OUTER_BOUND ( 'NONE', #7377, .T. ) ;
#7445 = CARTESIAN_POINT ( 'NONE',  ( -0.6857222450800782854, 0.6685848903910791563, 10.15624999999999645 ) ) ;
#7446 = CARTESIAN_POINT ( 'NONE',  ( 0.9866380192381448699, 0.2777956425032976906, 10.94509618943231821 ) ) ;
#7447 = ORIENTED_EDGE ( 'NONE', *, *, #1108, .T. ) ;
#7448 = ORGANIZATION ( 'UNSPECIFIED', 'UNSPECIFIED', '' ) ;
#7449 = EDGE_CURVE ( 'NONE', #6506, #5619, #6824, .T. ) ;
#7450 = CARTESIAN_POINT ( 'NONE',  ( -0.2997145786366771647, 1.064486813177378810, 13.21249999999999858 ) ) ;
#7451 = CARTESIAN_POINT ( 'NONE',  ( 0.7720153328868066822, 0.7918038455726066349, 12.68749999999999822 ) ) ;
#7452 = DIRECTION ( 'NONE',  ( -0.2597788150710222954, -0.9656681455035657224, -2.809530629711173474E-16 ) ) ;
#7453 = CARTESIAN_POINT ( 'NONE',  ( 1.071729911523486400, -0.2726829676047643480, 13.56874999999999787 ) ) ;
#7454 = DIRECTION ( 'NONE',  ( 0.9656681455035657224, -0.2597788150710222954, -7.292349956649987551E-17 ) ) ;
#7455 = EDGE_CURVE ( 'NONE', #4581, #4581, #7443, .T. ) ;
#7456 = LINE ( 'NONE', #433, #3542 ) ;
#7457 = CARTESIAN_POINT ( 'NONE',  ( -0.8262526302591579608, -0.8474313685031431564, 9.857596189432317857 ) ) ;
#7458 = CARTESIAN_POINT ( 'NONE',  ( -1.071729911523480405, 0.2726829676047791140, 14.24374999999999858 ) ) ;
#7459 = DIRECTION ( 'NONE',  ( 0.000000000000000000, 0.000000000000000000, -1.000000000000000000 ) ) ;
#7460 = CARTESIAN_POINT ( 'NONE',  ( -2.037652053894123175E-16, -8.302780640623127022E-15, -3.500000000000008438 ) ) ;
#7461 = VERTEX_POINT ( 'NONE', #3675 ) ;
#7462 = LINE ( 'NONE', #4560, #4565 ) ;
#7463 = CARTESIAN_POINT ( 'NONE',  ( 0.7338970930875433618, -0.7155557677481375611, 13.43615381056767788 ) ) ;
#7464 = CARTESIAN_POINT ( 'NONE',  ( -6.163900371885350005, -10.41304740207329438, 12.12185917597527407 ) ) ;
#7465 = EDGE_LOOP ( 'NONE', ( #375, #1567, #4644, #1705 ) ) ;
#7466 = CARTESIAN_POINT ( 'NONE',  ( 0.3142264970239181943, 1.235009061298932398, 8.464062499999997158 ) ) ;
#7467 = EDGE_CURVE ( 'NONE', #7193, #443, #419, .T. ) ;
#7468 = ORIENTED_EDGE ( 'NONE', *, *, #2672, .T. ) ;
#7469 = CARTESIAN_POINT ( 'NONE',  ( -12.89491241143501377, 0.3622621998210405203, -6.000000000000007994 ) ) ;
#7470 = CARTESIAN_POINT ( 'NONE',  ( 0.2997145786366834375, -1.064486813177363933, 10.34374999999999822 ) ) ;
#7471 = CARTESIAN_POINT ( 'NONE',  ( -0.9218726222051396579, -0.2595604389839061832, 8.881249999999996092 ) ) ;
#7472 = CARTESIAN_POINT ( 'NONE',  ( 0.5613880118889413851, -11.38616895624281611, -2.500000000000012434 ) ) ;
#7473 = EDGE_CURVE ( 'NONE', #5502, #1201, #1261, .T. ) ;
#7474 = VERTEX_POINT ( 'NONE', #2575 ) ;
#7475 = CIRCLE ( 'NONE', #76, 1.249999999999988010 ) ;
#7476 = ORIENTED_EDGE ( 'NONE', *, *, #402, .F. ) ;
#7477 = DIRECTION ( 'NONE',  ( 1.000000000000000000, 0.000000000000000000, 0.000000000000000000 ) ) ;
#7478 = VERTEX_POINT ( 'NONE', #5973 ) ;
#7479 = EDGE_CURVE ( 'NONE', #5139, #4272, #2536, .T. ) ;
#7480 = DIRECTION ( 'NONE',  ( 0.2597788150710331756, 0.9656681455035626138, 2.809530629711164106E-16 ) ) ;
#7481 = PLANE ( 'NONE',  #173 ) ;
#7482 = CIRCLE ( 'NONE', #5990, 1.499999999999998890 ) ;
#7483 = CARTESIAN_POINT ( 'NONE',  ( 0.000000000000000000, 0.000000000000000000, 0.000000000000000000 ) ) ;
#7484 = CARTESIAN_POINT ( 'NONE',  ( -0.6857222450800782854, 0.6685848903910791563, 9.256249999999997868 ) ) ;
#7485 = AXIS2_PLACEMENT_3D ( 'NONE', #4738, #1881, #5429 ) ;
#7486 = AXIS2_PLACEMENT_3D ( 'NONE', #3559, #1919, #111 ) ;
#7487 = DIRECTION ( 'NONE',  ( 0.2597788150710226840, 0.9656681455035656114, 0.000000000000000000 ) ) ;
#7488 = B_SPLINE_CURVE_WITH_KNOTS ( 'NONE', 3,
 ( #3121, #6635, #818, #4944 ),
 .UNSPECIFIED., .F., .F.,
 ( 4, 4 ),
 ( 0.0005192062422628810096, 0.001557115306271330754 ),
 .UNSPECIFIED. ) ;
#7489 = VECTOR ( 'NONE', #1730, 1000.000000000000000 ) ;
#7490 = CARTESIAN_POINT ( 'NONE',  ( 1.027259311016479826, 1.053590308655661500, 8.004687499999997513 ) ) ;
#7491 = CARTESIAN_POINT ( 'NONE',  ( -0.2997145786366769982, 1.064486813177378588, 12.76249999999999751 ) ) ;
#7492 = FACE_OUTER_BOUND ( 'NONE', #1514, .T. ) ;
#7493 = CARTESIAN_POINT ( 'NONE',  ( -1.071729911523480405, 0.2726829676047791140, 13.79374999999999751 ) ) ;
#7494 = CARTESIAN_POINT ( 'NONE',  ( -4.605735531137175265, -3.006193642668507859, -6.000000000000008882 ) ) ;
#7495 = DIRECTION ( 'NONE',  ( 0.4991391323160827009, -0.8665218558067349086, 0.000000000000000000 ) ) ;
#7496 = CARTESIAN_POINT ( 'NONE',  ( -6.198289006635946841, -9.567717250745662483, -2.500000000000011102 ) ) ;
#7497 = CARTESIAN_POINT ( 'NONE',  ( 0.7338970930875439169, -0.7155557677481375611, 9.520096189432319278 ) ) ;
#7498 = VERTEX_POINT ( 'NONE', #4270 ) ;
#7499 = CARTESIAN_POINT ( 'NONE',  ( 1.071729911523486400, -0.2726829676047643480, 13.56874999999999787 ) ) ;
#7500 = DIRECTION ( 'NONE',  ( 0.7071067811865483499, 0.7071067811865467956, 0.000000000000000000 ) ) ;
#7501 = DIRECTION ( 'NONE',  ( -1.000000000000000000, 0.000000000000000000, 0.000000000000000000 ) ) ;
#7502 = ORIENTED_EDGE ( 'NONE', *, *, #3600, .F. ) ;
#7503 = DIRECTION ( 'NONE',  ( -1.000000000000000000, 0.000000000000000000, 0.000000000000000000 ) ) ;
#7504 = CARTESIAN_POINT ( 'NONE',  ( 0.3207707779579627716, -1.139271451999712914, 13.84865381056767752 ) ) ;
#7505 = CARTESIAN_POINT ( 'NONE',  ( -0.2361503771250583472, -0.9281453293749780675, 12.94999999999999574 ) ) ;
#7506 = ORIENTED_EDGE ( 'NONE', *, *, #4925, .F. ) ;
#7507 = EDGE_CURVE ( 'NONE', #3392, #5542, #5545, .T. ) ;
#7508 = VECTOR ( 'NONE', #2473, 1000.000000000000000 ) ;
#7509 = CARTESIAN_POINT ( 'NONE',  ( -0.3142264970239110888, -1.235009061298916855, 8.689062499999998579 ) ) ;
#7510 = ORIENTED_EDGE ( 'NONE', *, *, #5613, .T. ) ;
#7511 = DIRECTION ( 'NONE',  ( 2.565753199199158405E-18, 2.902514036010829075E-16, -1.000000000000000000 ) ) ;
#7512 = CARTESIAN_POINT ( 'NONE',  ( 0.6857222450800846136, -0.6685848903910641683, 11.73124999999999929 ) ) ;
#7513 = CARTESIAN_POINT ( 'NONE',  ( -1.071729911523479739, 0.2726829676047793360, 8.393749999999998934 ) ) ;
#7515 = ADVANCED_FACE ( 'NONE', ( #3598, #3031 ), #2428, .F. ) ;
#7514 = CARTESIAN_POINT ( 'NONE',  ( -1.973508223914144224E-16, -7.577152131620420567E-15, -6.000000000000007994 ) ) ;
#7516 = ORIENTED_EDGE ( 'NONE', *, *, #6518, .F. ) ;
#7517 = EDGE_CURVE ( 'NONE', #947, #5510, #5718, .T. ) ;
#7518 = VECTOR ( 'NONE', #1644, 1000.000000000000114 ) ;
#7519 = ORIENTED_EDGE ( 'NONE', *, *, #6405, .T. ) ;
#7520 = CARTESIAN_POINT ( 'NONE',  ( -7.653408946381730971, 11.22250899957448134, 12.74772818323394930 ) ) ;
#7521 = CIRCLE ( 'NONE', #862, 13.90000000000000213 ) ;
#7522 = ORIENTED_EDGE ( 'NONE', *, *, #1924, .F. ) ;
#7523 = DIRECTION ( 'NONE',  ( 0.000000000000000000, 0.000000000000000000, 1.000000000000000000 ) ) ;
#7524 = VERTEX_POINT ( 'NONE', #1153 ) ;
#7525 = CC_DESIGN_PERSON_AND_ORGANIZATION_ASSIGNMENT ( #2452, #6620, ( #6695 ) ) ;
#7526 = CARTESIAN_POINT ( 'NONE',  ( 10.53747076048390241, 5.948711359193019632, 12.02448170976803432 ) ) ;
#7527 = CARTESIAN_POINT ( 'NONE',  ( 0.9218726222051468744, 0.2595604389839208381, 9.556249999999996803 ) ) ;
#7528 = CARTESIAN_POINT ( 'NONE',  ( 0.9866380192381448699, 0.2777956425032976906, 10.49509618943231892 ) ) ;
#7529 = CIRCLE ( 'NONE', #253, 1.999999999999999556 ) ;
#7530 = CARTESIAN_POINT ( 'NONE',  ( 0.2361503771250645367, 0.9281453293749930555, 12.27499999999999858 ) ) ;
#7531 = CARTESIAN_POINT ( 'NONE',  ( 6.603612861616113605, -10.13914676754894550, 13.00000000000000178 ) ) ;
#7532 = CARTESIAN_POINT ( 'NONE',  ( -1.027259311016472276, -1.053590308655646179, 8.229687499999997158 ) ) ;
#7533 = CARTESIAN_POINT ( 'NONE',  ( -0.6857222450800786184, 0.6685848903910791563, 11.89999999999999503 ) ) ;
#7534 = CARTESIAN_POINT ( 'NONE',  ( 5.357714494388358339, 2.700906402787930372, -3.000000000000007105 ) ) ;
#7535 = CARTESIAN_POINT ( 'NONE',  ( -6.177585487843401779, -1.444796712477796952, -6.000000000000008882 ) ) ;
#7536 = DIRECTION ( 'NONE',  ( 1.000000000000000000, 0.000000000000000000, 0.000000000000000000 ) ) ;
#7537 = CIRCLE ( 'NONE', #5801, 4.000000000000000000 ) ;
#7538 = CARTESIAN_POINT ( 'NONE',  ( 7.607243831355142483, -11.14277773728798770, 13.00000000000000178 ) ) ;
#7539 = ORIENTED_EDGE ( 'NONE', *, *, #5816, .F. ) ;
#7540 = CARTESIAN_POINT ( 'NONE',  ( 0.7720153328868065712, 0.7918038455726065239, 13.19374999999999787 ) ) ;
#7541 = AXIS2_PLACEMENT_3D ( 'NONE', #4777, #2573, #149 ) ;
#7542 = CARTESIAN_POINT ( 'NONE',  ( -6.280548451550700406, -4.099354967275239403, -2.500000000000009326 ) ) ;
#7543 = CARTESIAN_POINT ( 'NONE',  ( -6.899120066972359133, 10.43465397290531627, 15.70000000000000284 ) ) ;
#7544 = ORIENTED_EDGE ( 'NONE', *, *, #3208, .F. ) ;
#7545 = CYLINDRICAL_SURFACE ( 'NONE', #2227, 1.000000000000000000 ) ;
#7546 = CARTESIAN_POINT ( 'NONE',  ( 0.9866380192381446479, 0.2777956425032975796, 13.51115381056767717 ) ) ;
#7547 = AXIS2_PLACEMENT_3D ( 'NONE', #3217, #3751, #6346 ) ;
#7548 = EDGE_LOOP ( 'NONE', ( #4603, #5417, #3874, #5237, #1882, #2661 ) ) ;
#7549 = CARTESIAN_POINT ( 'NONE',  ( -0.3988063169686428822, 1.416427813942202407, 9.401562499999998934 ) ) ;
#7550 = ORIENTED_EDGE ( 'NONE', *, *, #6778, .F. ) ;
#7551 = CARTESIAN_POINT ( 'NONE',  ( 4.065753027381878725E-16, -2.024594466550937630E-15, -6.000000000000000000 ) ) ;
#7552 = CARTESIAN_POINT ( 'NONE',  ( 0.9218726222051465413, 0.2595604389839207271, 11.80624999999999680 ) ) ;
#7553 = CARTESIAN_POINT ( 'NONE',  ( -0.7720153328867996878, -0.7918038455725916469, 8.018749999999998934 ) ) ;
#7554 = CARTESIAN_POINT ( 'NONE',  ( 6.697143117985448590, 3.376133003484917072, -3.500000000000007550 ) ) ;
#7555 = CARTESIAN_POINT ( 'NONE',  ( -0.7793364452130763231, -2.897004436510699055, -6.000000000000008882 ) ) ;
#7556 = EDGE_CURVE ( 'NONE', #2743, #6188, #4608, .T. ) ;
#7557 = ORIENTED_EDGE ( 'NONE', *, *, #186, .F. ) ;
#7558 = VECTOR ( 'NONE', #4962, 1000.000000000000000 ) ;
#7559 = ORIENTED_EDGE ( 'NONE', *, *, #19, .F. ) ;
#7560 = DIRECTION ( 'NONE',  ( 0.9804261166812020534, 0.1968873528935216333, 0.000000000000000000 ) ) ;
#7561 = ORIENTED_EDGE ( 'NONE', *, *, #3002, .F. ) ;
#7562 = LINE ( 'NONE', #1001, #5910 ) ;
#7563 = VECTOR ( 'NONE', #7149, 999.9999999999998863 ) ;
#7564 = CARTESIAN_POINT ( 'NONE',  ( 0.6802113107115097534, -2.092202803931811683, 3.000000000000000000 ) ) ;
#7565 = DIRECTION ( 'NONE',  ( 0.000000000000000000, 0.000000000000000000, 1.000000000000000000 ) ) ;
#7566 = CARTESIAN_POINT ( 'NONE',  ( 0.7720153328868070153, 0.7918038455726068570, 8.243749999999996803 ) ) ;
#7567 = CARTESIAN_POINT ( 'NONE',  ( 0.8262526302591650662, 0.8474313685031579224, 11.43259618943232070 ) ) ;
#7568 = CARTESIAN_POINT ( 'NONE',  ( 6.603612861616114493, -10.13914676754894550, 12.73116666813528397 ) ) ;
#7569 = VECTOR ( 'NONE', #3492, 1000.000000000000114 ) ;
#7570 = CARTESIAN_POINT ( 'NONE',  ( 1.426065627985125372, -0.3628375052865330797, 10.17968749999999822 ) ) ;
#7571 = EDGE_CURVE ( 'NONE', #1687, #1687, #672, .T. ) ;
#7572 = CYLINDRICAL_SURFACE ( 'NONE', #3817, 6.000000000000000000 ) ;
#7573 = CARTESIAN_POINT ( 'NONE',  ( -7.607243831355064323, 11.14277773728803922, 13.00000000000000178 ) ) ;
#7574 = CARTESIAN_POINT ( 'NONE',  ( 6.603612861616253937, 10.13914676754885313, 12.86565858412739161 ) ) ;
#7575 = CARTESIAN_POINT ( 'NONE',  ( -0.3207707779579564988, 1.139271451999727569, 9.707596189432317502 ) ) ;
#7576 = EDGE_CURVE ( 'NONE', #5861, #5861, #2268, .T. ) ;
#7577 = ORIENTED_EDGE ( 'NONE', *, *, #1059, .T. ) ;
#7578 = EDGE_CURVE ( 'NONE', #6340, #6273, #5508, .T. ) ;
#7579 = CARTESIAN_POINT ( 'NONE',  ( -0.2997145786366767206, 1.064486813177379032, 9.162499999999997868 ) ) ;
#7580 = CARTESIAN_POINT ( 'NONE',  ( 0.6857222450800845026, -0.6685848903910643903, 13.98124999999999751 ) ) ;
#7581 = CARTESIAN_POINT ( 'NONE',  ( -11.64840287560573451, 7.417547160490102875, 12.12860694511184789 ) ) ;
#7582 = CARTESIAN_POINT ( 'NONE',  ( 1.782663713435235664, 4.559552315680490686, -2.799950667394373038 ) ) ;
#7583 = VERTEX_POINT ( 'NONE', #1410 ) ;
#7584 = CARTESIAN_POINT ( 'NONE',  ( -6.646817526710302459, -9.262607663739602870, -3.617720268044720466 ) ) ;
#7585 = CARTESIAN_POINT ( 'NONE',  ( 0.3207707779579632712, -1.139271451999712692, 9.348653810567679301 ) ) ;
#7586 = CARTESIAN_POINT ( 'NONE',  ( -2.909304780500978183, 6.444838686433832287, -5.729735577732635754 ) ) ;
#7587 = EDGE_CURVE ( 'NONE', #3401, #7359, #5847, .T. ) ;
#7588 = VECTOR ( 'NONE', #4433, 1000.000000000000000 ) ;
#7589 = ORIENTED_EDGE ( 'NONE', *, *, #5565, .T. ) ;
#7590 = CARTESIAN_POINT ( 'NONE',  ( 0.9218726222051464303, 0.2595604389839207271, 13.54999999999999538 ) ) ;
#7591 = VERTEX_POINT ( 'NONE', #3070 ) ;
#7592 = LINE ( 'NONE', #4131, #700 ) ;
#7593 = CARTESIAN_POINT ( 'NONE',  ( -1.071729911523480183, 0.2726829676047792250, 11.99374999999999680 ) ) ;
#7594 = CARTESIAN_POINT ( 'NONE',  ( -0.9218726222051396579, -0.2595604389839062387, 8.431249999999998579 ) ) ;
#7595 = DIRECTION ( 'NONE',  ( -2.565753199199158405E-18, -2.902514036010829075E-16, 1.000000000000000000 ) ) ;
#7596 = DIRECTION ( 'NONE',  ( 2.565753199199158405E-18, 2.902514036010829075E-16, -1.000000000000000000 ) ) ;
#7597 = ORIENTED_EDGE ( 'NONE', *, *, #4292, .F. ) ;
#7598 = EDGE_CURVE ( 'NONE', #4045, #1672, #3954, .T. ) ;
#7599 = ORIENTED_EDGE ( 'NONE', *, *, #3302, .F. ) ;
#7601 = ADVANCED_FACE ( 'NONE', ( #2500 ), #6626, .T. ) ;
#7600 = CARTESIAN_POINT ( 'NONE',  ( -3.549642655846127592, -10.62254006404773143, -2.903486573560923212 ) ) ;
#7602 = ORIENTED_EDGE ( 'NONE', *, *, #4530, .T. ) ;
#7603 = DIRECTION ( 'NONE',  ( -0.000000000000000000, -0.000000000000000000, -1.000000000000000000 ) ) ;
#7604 = CARTESIAN_POINT ( 'NONE',  ( 1.960852233362403885, 0.3937747057870433776, 13.79999999999999893 ) ) ;
#7605 = CARTESIAN_POINT ( 'NONE',  ( -13.30184410068341805, -0.04604345858565485339, -4.500000000000007994 ) ) ;
#7606 = CARTESIAN_POINT ( 'NONE',  ( 0.7338970930875434728, -0.7155557677481375611, 12.67009618943231608 ) ) ;
#7607 = AXIS2_PLACEMENT_3D ( 'NONE', #2072, #5031, #4418 ) ;
#7608 = CARTESIAN_POINT ( 'NONE',  ( 11.38616895624280012, 0.5613880118889734705, -4.500000000000007994 ) ) ;
#7609 = CARTESIAN_POINT ( 'NONE',  ( -0.3142264970239113664, -1.235009061298917077, 10.96718749999999609 ) ) ;
#7610 = TOROIDAL_SURFACE ( 'NONE', #5378, 6.500000000000000000, 1.000000000000000000 ) ;
#7611 = CARTESIAN_POINT ( 'NONE',  ( 0.7022676317702422066, 0.7466225106189143812, 13.99999999999999822 ) ) ;
#7612 = AXIS2_PLACEMENT_3D ( 'NONE', #1098, #688, #7314 ) ;
#7613 = DIRECTION ( 'NONE',  ( 2.565753199199158405E-18, 2.902514036010829075E-16, -1.000000000000000000 ) ) ;
#7614 = ADVANCED_FACE ( 'NONE', ( #7444, #4966 ), #7481, .F. ) ;
#7615 = CARTESIAN_POINT ( 'NONE',  ( -6.862159456424657300, -11.55226035649780769, -3.997397452648568716 ) ) ;
#7616 = ORIENTED_EDGE ( 'NONE', *, *, #5807, .T. ) ;
#7617 = CIRCLE ( 'NONE', #4400, 4.499999999999999112 ) ;
#7618 = DIRECTION ( 'NONE',  ( 2.565753199199158405E-18, 2.902514036010829075E-16, -1.000000000000000000 ) ) ;
#7619 = CARTESIAN_POINT ( 'NONE',  ( -0.9218726222051397690, -0.2595604389839061832, 10.17499999999999716 ) ) ;
#7620 = CARTESIAN_POINT ( 'NONE',  ( -0.6857222450800781743, 0.6685848903910792673, 8.299999999999997158 ) ) ;
#7621 = ORIENTED_EDGE ( 'NONE', *, *, #174, .F. ) ;
#7622 = DIRECTION ( 'NONE',  ( 0.9656681455035653894, -0.2597788150710230171, -7.292349956650010970E-17 ) ) ;
#7623 = CARTESIAN_POINT ( 'NONE',  ( -0.3207707779579564988, 1.139271451999727569, 9.573653810567677169 ) ) ;
#7624 = ORIENTED_EDGE ( 'NONE', *, *, #751, .T. ) ;
#7625 = FACE_OUTER_BOUND ( 'NONE', #4838, .T. ) ;
#7626 = ORIENTED_EDGE ( 'NONE', *, *, #3176, .F. ) ;
#7627 = DIRECTION ( 'NONE',  ( -0.4991391323160825344, 0.8665218558067351307, 2.891205793294679805E-16 ) ) ;
#7628 = CARTESIAN_POINT ( 'NONE',  ( -1.071729911523480183, 0.2726829676047792250, 12.44374999999999787 ) ) ;
#7629 = CARTESIAN_POINT ( 'NONE',  ( -0.2997145786366768871, 1.064486813177379032, 11.01874999999999893 ) ) ;
#7630 = CARTESIAN_POINT ( 'NONE',  ( 7.066495986620752845, 8.945648912799599728, -3.500000000000005773 ) ) ;
#7631 = CARTESIAN_POINT ( 'NONE',  ( -10.13914676754892596, 6.603612861616147356, 12.86565858412739338 ) ) ;
#7632 = CARTESIAN_POINT ( 'NONE',  ( -6.444838686433802089, 2.909304780501044796, 15.69999999999999218 ) ) ;
#7633 = ORIENTED_EDGE ( 'NONE', *, *, #2337, .F. ) ;
#7634 = ORIENTED_EDGE ( 'NONE', *, *, #4815, .F. ) ;
#7635 = CARTESIAN_POINT ( 'NONE',  ( -11.80847756275403526, -7.231545417347658322, 12.02626313287921178 ) ) ;
#7636 = CARTESIAN_POINT ( 'NONE',  ( 0.3142264970239179167, 1.235009061298932176, 10.71406249999999716 ) ) ;
#7637 = ORIENTED_EDGE ( 'NONE', *, *, #4225, .F. ) ;
#7638 = CARTESIAN_POINT ( 'NONE',  ( -1.495091218127865051, 7.859052248806909446, 16.00000000000000000 ) ) ;
#7639 = AXIS2_PLACEMENT_3D ( 'NONE', #3234, #6749, #7184 ) ;
#7640 = DIRECTION ( 'NONE',  ( -0.000000000000000000, -0.000000000000000000, -1.000000000000000000 ) ) ;
#7641 = CARTESIAN_POINT ( 'NONE',  ( -0.9866380192381382086, -0.2777956425032832577, 13.87009618943231537 ) ) ;
ENDSEC;
END-ISO-10303-21;
